Workbook

Sheet T12
A1: A1-01 廠 2018 年 12月 份 生 產 進 度 表--成型 / A1 LEAN01(CONVERSE)A7棟
D2: 裁斷 | H2: 針車 | J2: 成型 | U2: 本月目標: | W2: =+AG247 -> 185327 | AA2: 雙 | AD2: (PRS) | AF2: 43427
A3: D/T | B3: 43435 | C3: 43436 | D3: 43437 | E3: 43438 | F3: 43439 | G3: 43440 | H3: 43441 | I3: 43442 | J3: 43443 | K3: 43444 | L3: 43445 | M3: 43446 | N3: 43447 | O3: 43448 | P3: 43449 | Q3: 43450 | R3: 43451 | S3: 43452 | T3: 43453 | U3: 43454 | V3: 43455 | W3: 43456 | X3: 43457 | Y3: 43458 | Z3: 43459 | AA3: 43460 | AB3: 43461 | AC3: 43462 | AD3: 43463 | AE3: 43464 | AF3: 43465 | AG3: TTL
A4: LINE | B4: 六 | C4: =IF(B4="日","一",IF(B4="一","二",IF(B4="二","三",IF(B4="三","四",IF(B4="四","五",IF(B4="五","六",IF(B4="六","日",""))))))) -> 日 | D4: =IF(C4="日","一",IF(C4="一","二",IF(C4="二","三",IF(C4="三","四",IF(C4="四","五",IF(C4="五","六",IF(C4="六","日",""))))))) -> 一 | E4: =IF(D4="日","一",IF(D4="一","二",IF(D4="二","三",IF(D4="三","四",IF(D4="四","五",IF(D4="五","六",IF(D4="六","日",""))))))) -> 二 | F4: =IF(E4="日","一",IF(E4="一","二",IF(E4="二","三",IF(E4="三","四",IF(E4="四","五",IF(E4="五","六",IF(E4="六","日",""))))))) -> 三 | G4: =IF(F4="日","一",IF(F4="一","二",IF(F4="二","三",IF(F4="三","四",IF(F4="四","五",IF(F4="五","六",IF(F4="六","日",""))))))) -> 四 | H4: =IF(G4="日","一",IF(G4="一","二",IF(G4="二","三",IF(G4="三","四",IF(G4="四","五",IF(G4="五","六",IF(G4="六","日",""))))))) -> 五 | I4: =IF(H4="日","一",IF(H4="一","二",IF(H4="二","三",IF(H4="三","四",IF(H4="四","五",IF(H4="五","六",IF(H4="六","日",""))))))) -> 六 | J4: =IF(I4="日","一",IF(I4="一","二",IF(I4="二","三",IF(I4="三","四",IF(I4="四","五",IF(I4="五","六",IF(I4="六","日",""))))))) -> 日 | ... AF4: =IF(AE4="日","一",IF(AE4="一","二",IF(AE4="二","三",IF(AE4="三","四",IF(AE4="四","五",IF(AE4="五","六",IF(AE4="六","日",""))))))) -> 一 | AH4: =+AH5*9.5 -> 180.5 | AI4: =+AI5*8 -> 56 | AJ4: so ngay
B5: 8 | D5: 9.5 | E5: 9.5 | F5: 9.5 | G5: 9.5 | H5: 9.5 | I5: 8 | K5: 9.5 | L5: 9.5 | M5: 9.5 | N5: 9.5 | O5: 9.5 | P5: 8 | R5: 9.5 | S5: 9.5 | T5: 9.5 | U5: 9.5 | V5: 9.5 | W5: 8 | Y5: 8 | Z5: 9.5 | AA5: 9.5 | AB5: 9.5 | AC5: 9.5 | AD5: 8 | AF5: 8 | AG5: =SUM(B5:AF5) -> 236.5 | AH5: =COUNTIF(B5:AF5,9.5) -> 19 | AI5: =COUNTIF(B5:AG5,8) -> 7 | AJ5: =COUNTA(B5:AF5) -> 26
A6: LY | B6: 6G CTAS OX | D6: 6G CTAS OX | E6: SA216N-5B | F6: SA216N-5B | G6: SA216J-3B | H6: SA216J-3B | I6: SA216J-3B | K6: SA216J-3B | L6: SA216J-3B | M6: SA216J-3B | N6: SA216J-3B | O6: SA216J-3B | S6: KD686A | V6: KD686A | Y6: KD686A-8 | Z6: KD686A-8 | AA6: KD686A-8 | AB6: KD686A-8 | AC6: KD686B-7A | AD6: KD686B-7A
A7: RY | B7: Y1812-0863 | D7: Y1812-0898 | E7: Y1812-0606 | F7: Y1812-0580 | G7: Y1812-0604 | H7: Y1812-0608 | I7: Y1812-0611 | K7: Y1812-0837 | L7: Y1901-0045 | M7: Y1901-0252 | N7: Y1901-0253 | O7: Y1901-0528 | S7: Y1902-0111 | V7: Y1902-0112 | Y7: Y1901-0179 | Z7: Y1902-0026 | AA7: Y1902-0395 | AB7: Y1901-0278 | AC7: Y1902-0439 | AD7: Y1902-0452
A8: 材料/VT | B8: 43432 | D8: 43432 | E8: OK | F8: OK | G8: OK | H8: OK | I8: OK | K8: OK | L8: OK | M8: 12/01 | N8: 12/01 | O8: 12/01 | S8: 12/05 | V8: 12/05 | Y8: 12/07 | Z8: 12/20 | AA8: 12/10 | AB8: 12/07 | AC8: 12/05 | AD8: 12/05
A9: CHAT LIEU | B9: 基本型體 | D9: 基本型體 | E9: 皮+星星月亮 | F9: 皮+星星月亮 | G9: 皮+星星月亮 | H9: 皮+星星月亮 | I9: 皮+星星月亮 | K9: 皮+星星月亮 | L9: 皮+星星月亮 | M9: 皮+星星月亮 | N9: 皮+星星月亮 | O9: 皮+星星月亮 | S9: 布+星星月亮 | V9: 布+星星月亮 | Y9: 布+星星月亮 | Z9: 布+星星月亮 | AA9: 布+星星月亮 | AB9: 布+星星月亮 | AC9: PU+星星月亮 | AD9: PU+星星月亮
A10: Last# | B10: 01L-1 | D10: 01L-1 | E10: W-2689H | F10: W-2689H | G10: 01H-1 | H10: 01H-1 | I10: 01H-1 | K10: 01H-1 | L10: 01H-1 | M10: 01H-1 | N10: 01H-1 | O10: 01H-1 | S10: 01L-1 | V10: 01L-1 | Y10: 01L-1 | Z10: 01L-1 | AA10: 01L-1 | AB10: 01L-1 | AC10: 01L-1 | AD10: 01L-1
A11: BUY | B11: 10BUY | D11: 10BUY | E11: 9BUY | F11: 9BUY | G11: 9BUY | H11: 9BUY | I11: 9BUY | K11: 9BUY | L11: 9BUY | M11: 10BUY | N11: 10BUY | O11: 10BUY | S11: 10BUY | V11: 10BUY | Y11: 10BUY | Z11: 10BUY | AA11: 10BUY | AB11: 10BUY | AC11: 10BUY | AD11: 10BUY
A12: BTS | E12: OK12/5
A13: 裁斷/C | E13: 6 | F13: 6 | G13: 6 | H13: 6 | I13: 6 | K13: 6 | L13: 6
A14: SKU | B14: 3J256C | D14: 3J256C | E14: 763532C | F14: 763532C | G14: 663608C | H14: 663608C | I14: 663608C | K14: 663608C | L14: 663608C | M14: 663608C | N14: 663608C | O14: 663605C | S14: 660740C | V14: 660742C | Y14: 663599C | Z14: 663599C | AA14: 664184C | AB14: 664184F | AC14: 651830C | AD14: 651830C
A15: 針車/M | D15: 3size | E15: in | F15: in | G15: in | H15: in | I15: in | K15: in | L15: in | M15: OK12/12 | N15: OK12/13 | O15: OK12/14
A16: 數量/SL | B16: 1488 | D16: 480 | E16: 1272 | F16: 1200 | G16: 1176 | H16: 1152 | I16: 432 | K16: 1896 | L16: 876 | M16: 1512 | N16: 732 | O16: 252 | S16: 5340 | V16: 4140 | Y16: 168 | Z16: 336 | AA16: 384 | AB16: 276 | AC16: 1164 | AD16: 336
A17: 成型/G | B17: OK12/4 | D17: OK12/4 | E17: 5size | F17: OK12/7 | G17: OK12/6 | H17: OK12/8 | I17: OK12/10 | K17: OK12/11 | L17: OK12/12 | M17: in | N17: in | O17: in | S17: in | V17: in | Y17: in | Z17: in | AA17: in | AB17: in | AC17: in | AD17: in
A18: CSD | B18: 43105 | D18: 43464 | E18: 43444 | F18: 43451 | G18: 43448 | H18: 43448 | I18: 43448 | K18: 43448 | L18: 43461 | M18: 43475 | N18: 43490 | O18: 43484 | S18: 43486 | V18: 43486 | Y18: 43481 | Z18: 43510 | AA18: 43509 | AB18: 43490 | AC18: 43493 | AD18: 43493
A19: 國家/N | B19: AUSTRALIA | D19: PHILIPPINES | E19: USA | F19: USA | G19: USA | H19: USA | I19: USA | K19: USA | L19: BV | M19: USA | N19: USA | O19: CHILE | S19: BV | V19: BV | Y19: CANADA | Z19: CANADA | AA19: BV | AB19: USA | AC19: MEXICO | AD19: MEXICO
A20: LY | B20: 6G CTAS OX | D20: 6G CTAS OX | E20: SA216N-5B | F20: SA216N-5B | G20: SA216J-3B | I20: SA216J-3B | N20: SA216J-3B | O20: SA216J-3B | Y20: KD686A-8 | Z20: KD686A-8 | AA20: KD686A-8 | AB20: KD686A-8 | AC20: KD686B-7A | AD20: 01H-D
A21: RY | B21: Y1812-0879 | D21: Y1901-0203 | E21: Y1812-0836 | F21: Y1812-0482 | G21: Y1812-0607 | I21: Y1812-0834 | N21: Y1901-0250 | O21: Y1901-0251 | Y21: Y1901-0214 | Z21: Y1901-0174 | AA21: Y1902-0023 | AB21: Y1901-0175 | AC21: Y1902-0451 | AD21: Y1901-0295
A22: 材料/VT | B22: 43432 | D22: 12/01 | E22: OK | F22: OK | G22: OK | I22: OK | N22: 12/01 | O22: 12/01 | Y22: 12/05 | Z22: 12/07 | AA22: 12/10 | AB22: 12/07 | AC22: 12/05 | AD22: 12/15
A23: CHAT LIEU | B23: 基本型體 | D23: 基本型體 | E23: 皮+星星月亮 | F23: 皮+星星月亮 | G23: 皮+星星月亮 | I23: 皮+星星月亮 | N23: 皮+星星月亮 | O23: 皮+星星月亮 | Y23: 布+星星月亮 | Z23: 布+星星月亮 | AA23: 布+星星月亮 | AB23: 布+星星月亮 | AC23: PU+星星月亮 | AD23: 布
A24: Last# | B24: 01L-1 | D24: 01L-1 | E24: W-2689H | F24: W-2689H | G24: 01H-1 | I24: 01H-1 | N24: 01H-1 | O24: 01H-1 | Y24: 01L-1 | Z24: 01L-1 | AA24: 01L-1 | AB24: 01L-1 | AC24: 01L-1 | AD24: 01H-1
A25: BUY | B25: 10BUY | D25: 10BUY | E25: 9BUY | F25: 9BUY | G25: 9BUY | I25: 9BUY | N25: 10BUY | O25: 10BUY | Y25: 10BUY | Z25: 10BUY | AA25: 10BUY | AB25: 10BUY | AC25: 10BUY | AD25: 10BUY
A26: BTS
A27: 裁斷/C | E27: 6 | F27: 6 | G27: 6 | I27: 6
A28: SKU | B28: 3J256C | D28: 3J256C | E28: 763532C | F28: 763532C | G28: 663608C | I28: 663608C | N28: 663605C | O28: 663605C | Y28: 663599C | Z28: 664184C | AA28: 664184C | AB28: 664434C | AC28: 651830C | AD28: 617660F
A29: 針車/M | D29: 4size | E29: in | F29: in | G29: in | I29: in | N29: OK12/13 | O29: -5
A30: 數量/SL | B30: 240 | D30: 480 | E30: 504 | F30: 336 | G30: 1788 | I30: 678 | N30: 828 | O30: 624 | Y30: 1800 | Z30: 576 | AA30: 156 | AB30: 324 | AC30: 1284 | AD30: 1116
A31: 成型/G | B31: OK12/5 | D31: OK12/4 | E31: OK12/5 | F31: OK12/7 | G31: OK12/8 | I31: OK12/10 | N31: in | O31: in | Y31: in | Z31: in | AA31: in | AB31: in | AC31: in
A32: CSD | B32: 43464 | D32: 43468 | E32: 43444 | F32: 43460 | G32: 43448 | I32: 43448 | N32: 43475 | O32: 43490 | Y32: 43488 | Z32: 43481 | AA32: 43510 | AB32: 43482 | AC32: 43493 | AD32: 43482
A33: 國家/N | B33: NEW ZEALAND | D33: BV | E33: USA | F33: BV | G33: USA | I33: USA | N33: USA | O33: USA | Y33: BV | Z33: CANADA | AA33: CANADA | AB33: CANADA | AC33: MEXICO | AD33: USA
A34: LY | B34: 6G CTAS OX | D34: 6G CTAS OX | O34: SA216J-3B | AA34: KD686A-8 | AB34: KD686A-8 | AC34: KD686B-7A
A35: RY | B35: Y1812-0883 | D35: Y1902-0334 | O35: Y1903-0055 | AA35: Y1902-0491 | AB35: Y1901-0283 | AC35: Y1902-0454
A36: 材料/VT | B36: 43432 | D36: 12/01 | O36: 43439 | AA36: 12/10 | AB36: 12/05 | AC36: 12/05
A37: CHAT LIEU | B37: 基本型體 | D37: 基本型體 | O37: 皮+星星月亮 | AA37: 布+星星月亮 | AB37: 布+星星月亮 | AC37: PU+星星月亮
A38: Last# | B38: 01L-1 | D38: 01L-1 | O38: 01H-1 | AA38: 01L-1 | AB38: 01L-1 | AC38: 01L-1
A39: BUY | B39: 10BUY | D39: 10BUY | O39: 10BUY | AA39: 10BUY | AB39: 10BUY | AC39: 10BUY
A40: BTS
A41: 裁斷/C
A42: SKU | B42: 3J256C | D42: 3J256C | O42: 663605C | AA42: 664184C | AB42: 664434C | AC42: 651830C
A43: 針車/M | B43: 5size | O43: -5
A44: 數量/SL | B44: 360 | D44: 120 | O44: 360 | AA44: 528 | AB44: 168 | AC44: 336
A45: 成型/G | B45: OK12/5 | D45: OK12/3 | O45: in | AA45: in | AB45: in | AC45: in
A46: CSD | B46: 43114 | D46: 43474 | O46: 43549 | AA46: 43523 | AB46: 43490 | AC46: 43493
A47: 國家/N | B47: PERU | D47: BV | O47: USA | AA47: SINGAPORE | AB47: USA | AC47: MEXICO
A48: LY | D48: 6G CTAS OX | O48: SA216J-A-2 | AA48: KD686A-8 | AB48: KD686A-8
A49: RY | D49: Y1902-0368 | O49: Y1901-0264 | AA49: Y1903-0064 | AB49: Y1901-0284
A50: 材料/VT | D50: 12/01 | O50: 12/01 | AA50: 12/20 | AB50: 12/05
A51: CHAT LIEU | D51: 基本型體 | O51: 布+星星月亮 | AA51: 布+星星月亮 | AB51: 布+星星月亮
A52: Last# | D52: 01L-1 | O52: 01H-1 | AA52: 01L-1 | AB52: 01L-1
A53: BUY | D53: 10BUY | O53: 10BUY | AA53: 10BUY | AB53: 10BUY
A54: BTS
A55: 裁斷/C
A56: SKU | D56: 3J256C | O56: 660747C | AA56: 664184C | AB56: 664436C
A57: 針車/M | O57: -1626 | AA57: 5size
A58: 數量/SL | D58: 780 | O58: 4044 | AA58: 312 | AB58: 168
A59: 成型/G | D59: OK12/6 | O59: in | AA59: in | AB59: in
A60: CSD | D60: 43474 | O60: 43490 | AA60: 43529 | AB60: 43490
A61: 國家/N | D61: BV | O61: USA | AA61: PANAMA | AB61: USA
A62: 訂單數量 | B62: =+B58+B44+B30+B16 -> 2088 | C62: =+C58+C44+C30+C16 -> 0 | D62: =+D58+D44+D30+D16 -> 1860 | E62: =+E58+E44+E30+E16 -> 1776 | F62: =+F58+F44+F30+F16 -> 1536 | G62: =+G58+G44+G30+G16 -> 2964 | H62: =+H58+H44+H30+H16 -> 1152 | I62: =+I58+I44+I30+I16 -> 1110 | ... AG62: =+AG58+AG44+AG30+AG16 -> 0
A63: 保證產量 | B63: =+B64*B5 -> 1760 | C63: =+C64*C5 -> 0 | D63: =+D64*D5 -> 2090 | E63: =+E64*7.5 -> 1275 | F63: =+F64*F5 -> 1615 | G63: =+G64*G5 -> 1615 | H63: =+H64*H5 -> 1615 | I63: =+I64*I5 -> 1360 | J63: =+J64*J5 -> 0 | K63: =+K64*K5 -> 1615 | L63: =+L64*L5 -> 1615 | M63: =+M64*M5 -> 1615 | ... AC63: =+AC64*AC5 -> 1710 | AD63: =+AD64*(AD5-2) -> 1080 | AE63: =+AE64*AE5 -> 0 | AF63: =+AF64*AF5 -> 1440 | AG63: =SUM(B63:AF63) -> 41365
A64: 小時目標 | B64: 220 | D64: 220 | E64: 170 | F64: 170 | G64: 170 | H64: 170 | I64: 170 | K64: 170 | L64: 170 | M64: 170 | N64: 170 | O64: 170 | P64: 170 | Q64: 170 | R64: 170 | S64: 170 | T64: 180 | U64: 180 | V64: 180 | W64: 180 | X64: 180 | Y64: 180 | Z64: 180 | AA64: 180 | AB64: 180 | AC64: 180 | AD64: 180 | AF64: 180
B65: =IF(A65+B62-B63<0,0,A65+B62-B63) -> 328 | C65: =IF(B65+C62-C63<0,0,B65+C62-C63) -> 328 | D65: =IF(C65+D62-D63<0,0,C65+D62-D63) -> 98 | E65: =IF(D65+E62-E63<0,0,D65+E62-E63) -> 599 | F65: =IF(E65+F62-F63<0,0,E65+F62-F63) -> 520 | G65: =IF(F65+G62-G63<0,0,F65+G62-G63) -> 1869 | H65: =IF(G65+H62-H63<0,0,G65+H62-H63) -> 1406 | I65: =IF(H65+I62-I63<0,0,H65+I62-I63) -> 1156 | ... T65: =IF(S65+T62-T63<0,0,S65+T62-T63) -> 3245 | U65: =5340-216*24 -> 156 | V65: =IF(U65+V62-V63<0,0,U65+V62-V63) -> 2586 | W65: =IF(V65+W62-W63<0,0,V65+W62-W63) -> 1146 | X65: =IF(W65+X62-X63<0,0,W65+X62-X63) -> 1146 | Y65: =IF(X65+Y62-Y63<0,0,X65+Y62-Y63) -> 1674 | Z65: =IF(Y65+Z62-Z63<0,0,Y65+Z62-Z63) -> 876 | AA65: =IF(Z65+AA62-AA63<0,0,Z65+AA62-AA63) -> 546 | AB65: =IF(AA65+AB62-AB63<0,0,AA65+AB62-AB63) -> 0 | AC65: =IF(AB65+AC62-AC63<0,0,AB65+AC62-AC63) -> 1074 | ... AF65: =IF(AE65+AF62-AF63<0,0,AE65+AF62-AF63) -> 6 | AG65: =IF(AE65+AG62-AG63<0,0,AE65+AG62-AG63) -> 0
A66: LY | B66: KD251B-11 | E66: KD251B-11 | F66: 6G CTAS OX | G66: 6G CTAS OX | P66: 6G CTAS OX | R66: 6G CTAS OX | S66: 6G CTAS OX | T66: 6G CTAS OX | V66: 6G CTAS OX | AA66: 6G CTAS OX | AB66: 6G CTAS OX | AC66: 6G CTAS OX | AD66: 6G CTAS OX
A67: RY | B67: Y1901-0044 | E67: Y1901-0128 | F67: Y1901-0185 | G67: Y1812-0844 | P67: Y1901-0452 | R67: Y1902-0033 | S67: Y1902-0199 | T67: Y1902-0207 | V67: Y1902-0092 | AA67: Y1902-0265 | AB67: Y1902-0194 | AC67: Y1901-0368 | AD67: Y1901-0286 | AI67: chị Nhung
A68: 材料/VT | B68: OK | E68: OK | F68: 12/01 | G68: 12/05 | P68: 12/01 | R68: 12/05 | S68: 12/05 | T68: 12/05 | V68: 12/05 | AA68: 12/05 | AB68: 12/05 | AC68: 12/01 | AD68: 12/01 | AI68: 6G CTAS OX
A69: CHAT LIEU | B69: 布+TC | E69: 布+TC | F69: 基本型體 | G69: 基本型體 | P69: 基本型體 | R69: 基本型體 | S69: 基本型體 | T69: 基本型體 | V69: 基本型體 | AA69: 基本型體 | AB69: 基本型體 | AC69: 基本型體 | AD69: 基本型體 | AI69: Y1901-0302
A70: Last# | B70: W-2689L | E70: W-2689L | F70: 01L-1 | G70: 01L-1 | P70: 01L-1 | R70: 01L-1 | S70: 01L-1 | T70: 01L-1 | V70: 01L-1 | AA70: 01L-1 | AB70: 01L-1 | AC70: 01L-1 | AD70: 01L-1 | AI70: =VLOOKUP(AI69,'[1]2018-11'!$A:$G,7,0) -> 12/11
A71: BUY | B71: 9BUY | E71: 9BUY | F71: 10BUY | G71: 10BUY | P71: 10BUY | R71: 10BUY | S71: 10BUY | T71: 10BUY | V71: 10BUY | AA71: 10BUY | AB71: 10BUY | AC71: 10BUY | AD71: 10BUY | AI71: 基本型體
A72: BTS | AI72: 01L-1
A73: 裁斷/C | B73: 3 | E73: 3 | AI73: 10BUY
A74: SKU | B74: 763582C | E74: 763582C | F74: 3J256C | G74: 3J256C | P74: 3J256C | R74: 3J256C | S74: 3J256C | T74: 3J256C | V74: 3J256C | AA74: 3J256C | AB74: 3J256C | AC74: 3J256 | AD74: 3J238
A75: 針車/M | B75: in | E75: in | F75: 5size | G75: OK12/8 | AB75: 5size
A76: 數量/SL | B76: 3804 | E76: 372 | F76: 252 | G76: 540 | P76: 204 | R76: 2940 | S76: 996 | T76: 468 | V76: 7152 | AA76: 192 | AB76: 528 | AC76: 720 | AD76: 1572 | AI76: 3J256
A77: 成型/G | B77: OK12/6 | E77: -54 | F77: OK12/7 | G77: GUI
A78: CSD | B78: 43104 | E78: 43495 | F78: 43475 | G78: 43446 | P78: 43492 | R78: 43510 | S78: 43510 | T78: 43510 | V78: 43517 | AA78: 43519 | AB78: 43510 | AC78: 43490 | AD78: 43490 | AI78: 12660
A79: 國家/N | B79: BV | E79: BV | F79: CANADA | G79: CHINA | P79: BV | R79: CHINA | S79: BV | T79: BV | V79: BV | AA79: TAIWAN | AB79: BV | AC79: USA | AD79: USA
A80: LY | F80: 6G CTAS OX | G80: 6G CTAS OX | P80: 6G CTAS OX | T80: 6G CTAS OX | AA80: 6G CTAS OX | AB80: 6G CTAS OX | AC80: 6G CTAS OX | AD80: 6G CTAS OX | AI80: 43484
A81: RY | F81: Y1901-0386 | G81: Y1901-0204 | P81: Y1902-0365 | T81: Y1902-0226 | AA81: Y1902-0221 | AB81: Y1901-0331 | AC81: Y1901-0369 | AD81: Y1901-0287 | AI81: USA
A82: 材料/VT | F82: 12/01 | G82: 12/01 | P82: 12/05 | T82: 12/05 | AA82: 12/05 | AB82: 12/01 | AC82: 12/01 | AD82: 12/01
A83: CHAT LIEU | F83: 基本型體 | G83: 基本型體 | P83: 基本型體 | T83: 基本型體 | AA83: 基本型體 | AB83: 基本型體 | AC83: 基本型體 | AD83: 基本型體
A84: Last# | F84: 01L-1 | G84: 01L-1 | P84: 01L-1 | T84: 01L-1 | AA84: 01L-1 | AB84: 01L-1 | AC84: 01L-1 | AD84: 01L-1
A85: BUY | F85: 10BUY | G85: 10BUY | P85: 10BUY | T85: 10BUY | AA85: 10BUY | AB85: 10BUY | AC85: 10BUY | AD85: 10BUY
A86: BTS
A87: 裁斷/C
A88: SKU | F88: 3J256C | G88: 3J256C | P88: 3J256C | T88: 3J256C | AA88: 3J256C | AB88: 3J256 | AC88: 3J256 | AD88: 3J238
A89: 針車/M | AB89: 4size
A90: 數量/SL | F90: 144 | G90: 9492 | P90: 120 | T90: 600 | AA90: 1008 | AB90: 1200 | AC90: 768 | AD90: 1620
A91: 成型/G | F91: OK12/7 | G91: -1083
A92: CSD | F92: 43492 | G92: 43488 | P92: 43507 | T92: 43510 | AA92: 43518 | AB92: 43479 | AC92: 43490 | AD92: 43490
A93: 國家/N | F93: BV | G93: BV | P93: BV | T93: BV | AA93: BV | AB93: USA | AC93: USA | AD93: USA
A94: LY | F94: 6G CTAS OX | G94: 6G CTAS OX | P94: 6G CTAS OX | T94: 6G CTAS OX | AA94: 6G CTAS OX | AB94: 6G CTAS OX
A95: RY | F95: Y1901-0436 | G95: Y1902-0471 | P95: Y1902-0390 | T95: Y1902-0230 | AA95: Y1903-0012 | AB95: Y1901-0244
A96: 材料/VT | F96: 12/01 | G96: 12/05 | P96: 12/05 | T96: 12/05 | AA96: 12/20 | AB96: 12/01
A97: CHAT LIEU | F97: 基本型體 | G97: 基本型體 | P97: 基本型體 | T97: 基本型體 | AA97: 基本型體 | AB97: 基本型體
A98: Last# | F98: 01L-1 | G98: 01L-1 | P98: 01L-1 | T98: 01L-1 | AA98: 01L-1 | AB98: 01L-1
A99: BUY | F99: 10BUY | G99: 10BUY | P99: 10BUY | T99: 10BUY | AA99: 10BUY | AB99: 10BUY
A100: BTS
...

Sheet T01
A1: A1-01 廠 2019 年 01月 份 生 產 進 度 表--成型 / A1 LEAN01(CONVERSE)A7棟
D2: 裁斷 | H2: 針車 | J2: 成型 | U2: 本月目標: | W2: =+AG243+AG183+AG123+AG63 -> 188719 | AA2: 雙 | AD2: (PRS) | AF2: 43476
A3: D/T | B3: 43466 | C3: 43467 | D3: 43468 | E3: 43469 | F3: 43470 | G3: 43471 | H3: 43472 | I3: 43473 | J3: 43474 | K3: 43475 | L3: 43476 | M3: 43477 | N3: 43478 | O3: 43479 | P3: 43480 | Q3: 43481 | R3: 43482 | S3: 43483 | T3: 43484 | U3: 43485 | V3: 43486 | W3: 43487 | X3: 43488 | Y3: 43489 | Z3: 43490 | AA3: 43491 | AB3: 43492 | AC3: 43493 | AD3: 43494 | AE3: 43495 | AF3: 43496 | AG3: TTL
A4: LINE | B4: 二 | C4: =IF(B4="日","一",IF(B4="一","二",IF(B4="二","三",IF(B4="三","四",IF(B4="四","五",IF(B4="五","六",IF(B4="六","日",""))))))) -> 三 | D4: =IF(C4="日","一",IF(C4="一","二",IF(C4="二","三",IF(C4="三","四",IF(C4="四","五",IF(C4="五","六",IF(C4="六","日",""))))))) -> 四 | E4: =IF(D4="日","一",IF(D4="一","二",IF(D4="二","三",IF(D4="三","四",IF(D4="四","五",IF(D4="五","六",IF(D4="六","日",""))))))) -> 五 | F4: =IF(E4="日","一",IF(E4="一","二",IF(E4="二","三",IF(E4="三","四",IF(E4="四","五",IF(E4="五","六",IF(E4="六","日",""))))))) -> 六 | G4: =IF(F4="日","一",IF(F4="一","二",IF(F4="二","三",IF(F4="三","四",IF(F4="四","五",IF(F4="五","六",IF(F4="六","日",""))))))) -> 日 | H4: =IF(G4="日","一",IF(G4="一","二",IF(G4="二","三",IF(G4="三","四",IF(G4="四","五",IF(G4="五","六",IF(G4="六","日",""))))))) -> 一 | I4: =IF(H4="日","一",IF(H4="一","二",IF(H4="二","三",IF(H4="三","四",IF(H4="四","五",IF(H4="五","六",IF(H4="六","日",""))))))) -> 二 | J4: =IF(I4="日","一",IF(I4="一","二",IF(I4="二","三",IF(I4="三","四",IF(I4="四","五",IF(I4="五","六",IF(I4="六","日",""))))))) -> 三 | ... AF4: =IF(AE4="日","一",IF(AE4="一","二",IF(AE4="二","三",IF(AE4="三","四",IF(AE4="四","五",IF(AE4="五","六",IF(AE4="六","日",""))))))) -> 四 | AH4: =+AH5*9.5 -> 171 | AI4: =+AI5*8 -> 64 | AJ4: so ngay
C5: 9.5 | D5: 9.5 | E5: 9.5 | F5: 8 | H5: 9.5 | I5: 9.5 | J5: 9.5 | K5: 9.5 | L5: 9.5 | M5: 8 | O5: 9.5 | P5: 9.5 | Q5: 9.5 | R5: 9.5 | S5: 9.5 | T5: 8 | V5: 9.5 | W5: 9.5 | X5: 9.5 | Y5: 9.5 | Z5: 9.5 | AA5: 8 | AC5: 8 | AD5: 8 | AE5: 8 | AF5: 8 | AG5: =SUM(B5:AF5) -> 235 | AH5: =COUNTIF(B5:AF5,9.5) -> 18 | AI5: =COUNTIF(B5:AG5,8) -> 8 | AJ5: =COUNTA(B5:AF5) -> 26
A6: LY | C6: 01H-D | D6: 01H-D | E6: KD251B-10 | F6: KD251B-10 | H6: KD251B-10 | I6: KD251B-10 | J6: KD251B-10 | L6: KD251B-10 | M6: KD251B-12 | O6: KD251B-12 | P6: KD251A | Q6: SA216J | R6: SA086J | W6: KD686A-8 | X6: KD686A-8 | Y6: KD686A-8 | Z6: KD686A-8 | AA6: 6G CTAS OX | AC6: 6G CTAS OX | AD6: 6G CTAS OX | AE6: 6G CTAS OX
A7: RY | C7: Y1901-0296 | D7: Y1901-0299 | E7: Y1902-0098 | F7: Y1901-0261 | H7: Y1902-0183 | I7: Y1902-0184 | J7: Y1901-0260 | L7: Y1903-0147 | M7: Y1902-0116 | O7: Y1902-0195 | P7: Y1902-0448 | Q7: 39 | R7: 45 | W7: Y1903-0149 | X7: Y1902-0127 | Y7: Y1903-0150 | Z7: Y1902-0571 | AA7: Y1902-0679 | AC7: Y1902-0683 | AD7: Y1902-0666 | AE7: Y1903-0300
A8: 材料/VT | C8: =VLOOKUP(C7,'[2]2019-02'!$A$3:$G$1657,7,0) -> OK | D8: =VLOOKUP(D7,'[2]2019-02'!$A$3:$G$1657,7,0) -> OK | E8: =VLOOKUP(E7,'[2]2019-02'!$A$3:$G$1657,7,0) -> OK | F8: =VLOOKUP(F7,'[2]2019-02'!$A$3:$G$1657,7,0) -> OK | H8: =VLOOKUP(H7,'[2]2019-02'!$A$3:$G$1657,7,0) -> OK | I8: =VLOOKUP(I7,'[2]2019-02'!$A$3:$G$1657,7,0) -> OK | J8: =VLOOKUP(J7,'[2]2019-02'!$A$3:$G$1657,7,0) -> OK | L8: =VLOOKUP(L7,'[2]2019-02'!$A$3:$G$1657,7,0) -> 12/21 | M8: =VLOOKUP(M7,'[2]2019-02'!$A$3:$G$1657,7,0) -> OK | O8: =VLOOKUP(O7,'[2]2019-02'!$A$3:$G$1657,7,0) -> OK | P8: =VLOOKUP(P7,'[2]2019-02'!$A$3:$G$1657,7,0) -> OK | Q8: 666047C | R8: 666042C | W8: =VLOOKUP(W7,'[2]2019-02'!$A$3:$G$1657,7,0) -> 12/28 | X8: =VLOOKUP(X7,'[2]2019-02'!$A$3:$G$1657,7,0) -> OK | Y8: =VLOOKUP(Y7,'[2]2019-02'!$A$3:$G$1657,7,0) -> 01/03 | Z8: =VLOOKUP(Z7,'[2]2019-02'!$A$3:$G$1657,7,0) -> 01/03 | AA8: =VLOOKUP(AA14,'[3]2018-11-16'!$A:$D,4,0) -> 基本型體 | AC8: =VLOOKUP(AC14,'[3]2018-11-16'!$A:$D,4,0) -> 基本型體 | AD8: =VLOOKUP(AD14,'[3]2018-11-16'!$A:$D,4,0) -> 基本型體 | AE8: =VLOOKUP(AE14,'[3]2018-11-16'!$A:$D,4,0) -> 基本型體
A9: CHAT LIEU | C9: 布 | D9: 布 | E9: 布 | F9: 布 | H9: 布 | I9: 布 | J9: 布 | L9: 布 | M9: 布 | O9: 布 | P9: PU | Q9: 35 | R9: 90 | W9: 布 | X9: 布 | Y9: 布 | Z9: 布
A10: Last# | C10: 01H-1 | D10: 01H-1 | E10: W-2689L | F10: W-2689L | H10: W-2689L | I10: W-2689L | J10: W-2689L | L10: W-2689L | M10: W-2689L | O10: W-2689L | P10: W-2689 | W10: 01L-1 | X10: 01L-1 | Y10: 01L-1 | Z10: 01L-1 | AA10: 01L-1 | AC10: 01L-1 | AD10: 01L-1 | AE10: 01L-1
A11: BUY | C11: 10BUY | D11: 10BUY | E11: 10BUY | F11: 10BUY | H11: 10BUY | I11: 10BUY | J11: 10BUY | L11: 11BUY | M11: 10BUY | O11: 10BUY | P11: 10BUY | Q11: SA216J | R11: SA086J | W11: 11BUY | X11: 10BUY | Y11: 11BUY | Z11: 11BUY | AA11: 12BUY | AC11: 12BUY | AD11: 12BUY | AE11: 12BUY
A12: BTS | Q12: 40 | R12: 46
A13: 裁斷/C | C13: 5 | D13: 5 | E13: 3 | F13: 3 | H13: 3 | I13: 3 | J13: 3 | L13: 3 | M13: 3 | O13: 3 | P13: 3 | Q13: 666048C | R13: 666043C | W13: 5 | X13: 5 | Y13: 5 | Z13: 5 | AA13: 1 | AC13: 1 | AD13: 1 | AE13: 1
A14: SKU | C14: 617660F | D14: 617663F | E14: 763527C | F14: 764438C | H14: 764438C | I14: 764439C | J14: 764437C | L14: 764437C | M14: 764861C | O14: 764862C | P14: 751878C | Q14: 74 | R14: 88 | W14: 664434C | X14: 664436C | Y14: 664436C | Z14: 664435C | AA14: 3J235C | AC14: 3J235C | AD14: 3J237C | AE14: 3J238
A15: 針車/M
A16: 數量/SL | C16: 468 | D16: 588 | E16: 1800 | F16: 168 | H16: 408 | I16: 408 | J16: 168 | L16: 1824 | M16: 1800 | O16: 600 | P16: 1800 | Q16: SA216J | R16: SA086N | W16: 1800 | X16: 1764 | Y16: 1800 | Z16: 1800 | AA16: 864 | AC16: 360 | AD16: 672 | AE16: 5700
A17: 成型/G | C17: OK1/4 | D17: OK1/5 | E17: -4 | F17: OK1/7 | H17: OK1/10 | I17: -5 | J17: -5 | M17: in | O17: in | P17: in | Q17: 41 | R17: 47 | X17: in
A18: CSD | C18: 43490 | D18: 43490 | E18: 43507 | F18: 43490 | H18: 43510 | I18: 43510 | J18: 43490 | L18: 43542 | M18: 43507 | O18: 43510 | P18: 43493 | Q18: 666049C | R18: 766045C | W18: 43543 | X18: 43508 | Y18: 43539 | Z18: 43522 | AA18: 43520 | AC18: 43520 | AD18: 43519 | AE18: 43535
A19: 國家/N | C19: USA | D19: USA | E19: BV | F19: USA | H19: BV | I19: BV | J19: USA | L19: BV | M19: BV | O19: BV | P19: MEXICO | Q19: 41 | R19: 51.5 | W19: BV | X19: BV | Y19: BV | Z19: BV | AA19: AUSTRALIA | AC19: NEW ZEALAND | AD19: BV | AE19: USA
A20: LY | C20: 01H-D | D20: 01H-D | F20: KD251B-10 | H20: KD251B-10 | I20: KD251B-10 | J20: KD251B-10 | O20: KD251B-12 | AA20: 6G CTAS OX | AD20: 6G CTAS OX
A21: RY | C21: Y1902-0296 | D21: Y1902-0297 | F21: Y1902-0114 | H21: Y1901-0262 | I21: Y1903-0148 | J21: Y1902-0113 | O21: Y1902-0119 | Q21: SA216J | R21: SA086N | AA21: Y1903-0329 | AD21: Y1902-0695
A22: 材料/VT | C22: =VLOOKUP(C21,'[2]2019-02'!$A$3:$G$1657,7,0) -> OK | D22: =VLOOKUP(D21,'[2]2019-02'!$A$3:$G$1657,7,0) -> OK | F22: =VLOOKUP(F21,'[2]2019-02'!$A$3:$G$1657,7,0) -> OK | H22: =VLOOKUP(H21,'[2]2019-02'!$A$3:$G$1657,7,0) -> OK | I22: =VLOOKUP(I21,'[2]2019-02'!$A$3:$G$1657,7,0) -> 01/03 | J22: =VLOOKUP(J21,'[2]2019-02'!$A$3:$G$1657,7,0) -> OK | O22: =VLOOKUP(O21,'[2]2019-02'!$A$3:$G$1657,7,0) -> OK | Q22: 42 | R22: 48 | AA22: =VLOOKUP(AA28,'[3]2018-11-16'!$A:$D,4,0) -> 基本型體 | AD22: =VLOOKUP(AD28,'[3]2018-11-16'!$A:$D,4,0) -> 基本型體
A23: CHAT LIEU | C23: 布 | D23: 布 | F23: 布 | H23: 布 | I23: 布 | J23: 布 | O23: 布 | Q23: 666050C | R23: 766046C
A24: Last# | C24: 01H-1 | D24: 01H-1 | F24: W-2689L | H24: W-2689L | I24: W-2689L | J24: W-2689L | O24: W-2689L | Q24: 42 | R24: 51 | AA24: 01L-1 | AD24: 01L-1
A25: BUY | C25: 10BUY | D25: 10BUY | F25: 10BUY | H25: 10BUY | I25: 11BUY | J25: 10BUY | O25: 10BUY | AA25: 12BUY | AD25: 12BUY
A26: BTS | Q26: SA216J | R26: SA170J
A27: 裁斷/C | C27: 5 | D27: 5 | F27: 3 | H27: 3 | I27: 3 | J27: 3 | O27: 3 | Q27: 43 | R27: 35 | AA27: 1 | AD27: 1
A28: SKU | C28: 617660F | D28: 617663F | F28: 764438C | H28: 764439C | I28: 764439C | J28: 764437C | O28: 764862C | Q28: 766051C | R28: 666039C | AA28: 3J235C | AD28: 3J237C
A29: 針車/M | Q29: 80 | R29: 63
A30: 數量/SL | C30: 528 | D30: 612 | F30: 1224 | H30: 168 | I30: 1812 | J30: 3420 | O30: 1728 | AA30: 1752 | AD30: 360
A31: 成型/G | C31: OK1/5 | D31: OK1/7 | F31: OK1/9 | H31: OK1/14 | I31: -5 | J31: -1404 | O31: in | Q31: SA216J | R31: SA170J
A32: CSD | C32: 43519 | D32: 43519 | F32: 43507 | H32: 43490 | I32: 43542 | J32: 43508 | O32: 43507 | Q32: 44 | R32: 36 | AA32: 43551 | AD32: 43520
A33: 國家/N | C33: USA | D33: USA | F33: BV | H33: USA | I33: BV | J33: BV | O33: BV | Q33: 766052C | R33: 666040C | AA33: BV | AD33: PERU
A34: LY | C34: 01H-D | D34: KD251B-10 | H34: KD251B-10 | Q34: 45 | R34: 56 | AD34: 6G CTAS OX
A35: RY | C35: Y1901-0236 | D35: Y1901-0178 | H35: Y1902-0115 | AD35: Y1903-0332
A36: 材料/VT | C36: =VLOOKUP(C35,'[2]2019-02'!$A$3:$G$1657,7,0) -> OK | D36: =VLOOKUP(D35,'[2]2019-02'!$A$3:$G$1657,7,0) -> OK | H36: =VLOOKUP(H35,'[2]2019-02'!$A$3:$G$1657,7,0) -> OK | R36: SA170J | AD36: =VLOOKUP(AD42,'[3]2018-11-16'!$A:$D,4,0) -> 基本型體
A37: CHAT LIEU | C37: 布 | D37: 布 | H37: 布 | R37: 37
A38: Last# | C38: 01H-1 | D38: W-2689L | H38: W-2689L | R38: 666041C | AD38: 01L-1
A39: BUY | C39: 10BUY | D39: 10BUY | H39: 10BUY | R39: 57 | AD39: 12BUY
A40: BTS
A41: 裁斷/C | C41: 5 | D41: 3 | H41: 3 | R41: SA170J | AD41: 1
A42: SKU | C42: 617663F | D42: 763527C | H42: 764439C | R42: 38 | AD42: 3J237C
A43: 針車/M | R43: 766044C
A44: 數量/SL | C44: 1116 | D44: 420 | H44: 2364 | R44: 64 | AD44: 480
A45: 成型/G | C45: OK1/4 | D45: OK1/11 | H45: OK1/15 | AD45: 2SIZE
A46: CSD | C46: 43484 | D46: 43481 | H46: 43508 | AD46: 43551
A47: 國家/N | C47: USA | D47: CANADA | H47: BV | AD47: BV
A48: LY | Q48: KD686A-8 | AD48: 6G CTAS OX
A49: RY | Q49: Y1902-0126 | AD49: Y1902-0686
A50: 材料/VT | Q50: 12/15 | AD50: =VLOOKUP(AD56,'[3]2018-11-16'!$A:$D,4,0) -> 基本型體
A51: CHAT LIEU | Q51: 布
A52: Last# | Q52: 01L-1 | AD52: 01L-1
A53: BUY | Q53: 10BUY | AD53: 12BUY
A54: BTS
A55: 裁斷/C | Q55: 5 | AD55: 1
A56: SKU | Q56: 664434C | AD56: 3J238C
A57: 針車/M
A58: 數量/SL | Q58: 5124 | AD58: 360
A59: 成型/G | Q59: in
A60: CSD | Q60: 43508 | AD60: 43520
A61: 國家/N | Q61: BV | AD61: PERU
A62: 訂單數量 | B62: =+B58+B44+B30+B16 -> 0 | C62: =+C58+C44+C30+C16 -> 2112 | D62: =+D58+D44+D30+D16 -> 1620 | E62: =+E58+E44+E30+E16 -> 1800 | F62: =+F58+F44+F30+F16 -> 1392 | G62: =+G58+G44+G30+G16 -> 0 | H62: =+H58+H44+H30+H16 -> 2940 | I62: =+I58+I44+I30+I16 -> 2220 | ... P62: =+P58+P44+P30+P16 -> 1800 | Q62: 5124 | T62: =+T58+T44+T30+T16 -> 0 | U62: =+U58+U44+U30+U16 -> 0 | V62: =+V58+V44+V30+V16 -> 0 | X62: 17712 | AF62: =+AF58+AF44+AF30+AF16 -> 0
A63: 保證產量 | B63: =+B64*B5 -> 0 | C63: =+C64*C5 -> 1710 | D63: =+D64*(D5-2) -> 1350 | E63: =+E64*E5 -> 2090 | F63: =+F64*F5 -> 1760 | G63: =+G64*G5 -> 0 | H63: =+H64*H5 -> 2090 | I63: =+I64*I5 -> 2090 | J63: =+J64*J5 -> 2090 | K63: =+K64*K5 -> 2090 | L63: =+L64*L5 -> 2090 | ... P63: =+P64*P5 -> 1900 | Q63: 1200 | R63: 1200 | S63: 1200 | T63: =+T64*T5 -> 1440 | U63: =+U64*U5 -> 0 | V63: =+V64*(V5-2) -> 1425 | W63: =+W64*W5 -> 1805 | X63: =+X64*X5 -> 1805 | Y63: =+Y64*Y5 -> 1805 | Z63: =+Z64*Z5 -> 1805 | AA63: =+AA64*AA5 -> 1760 | AB63: =+AB64*AB5 -> 0 | AC63: =+AC64*AC5 -> 1760 | AD63: =+AD64*AD5 -> 1760 | ... AF63: =+AF64*AF5 -> 1760 | AG63: =SUM(B63:AF63) -> 45595
A64: 小時目標 | C64: 180 | D64: 180 | E64: 220 | F64: 220 | H64: 220 | I64: 220 | J64: 220 | K64: 220 | L64: 220 | M64: 220 | O64: 220 | P64: 200 | Q64: 180 | R64: 180 | S64: 180 | T64: 180 | V64: 190 | W64: 190 | X64: 190 | Y64: 190 | Z64: 190 | AA64: 220 | AC64: 220 | AD64: 220 | AE64: 220 | AF64: 220
A65: ='T12'!AF65 -> 6 | B65: =IF(A65+B62-B63<0,0,A65+B62-B63) -> 6 | C65: =IF(B65+C62-C63<0,0,B65+C62-C63) -> 408 | D65: =IF(C65+D62-D63<0,0,C65+D62-D63) -> 678 | E65: =IF(D65+E62-E63<0,0,D65+E62-E63) -> 388 | F65: =IF(E65+F62-F63<0,0,E65+F62-F63) -> 20 | G65: =IF(F65+G62-G63<0,0,F65+G62-G63) -> 20 | H65: =IF(G65+H62-H63<0,0,G65+H62-H63) -> 870 | I65: =IF(H65+I62-I63<0,0,H65+I62-I63) -> 1000 | ... S65: =IF(R65+S62-S63<0,0,R65+S62-S63) -> 1844 | T65: =5124-216*6 -> 3828 | U65: =IF(T65+U62-U63<0,0,T65+U62-U63) -> 3828 | V65: =IF(U65+V62-V63<0,0,U65+V62-V63) -> 2403 | W65: =5124-216*23 -> 156 | X65: =IF(W65+X62-X63<0,0,W65+X62-X63) -> 16063 | Y65: =IF(X65+Y62-Y63<0,0,X65+Y62-Y63) -> 14258 | Z65: =IF(Y65+Z62-Z63<0,0,Y65+Z62-Z63) -> 12453 | AA65: =IF(Z65+AA62-AA63<0,0,Z65+AA62-AA63) -> 10693 | AB65: =IF(AA65+AB62-AB63<0,0,AA65+AB62-AB63) -> 10693 | AC65: =IF(AB65+AC62-AC63<0,0,AB65+AC62-AC63) -> 8933 | AD65: =IF(AC65+AD62-AD63<0,0,AC65+AD62-AD63) -> 7173 | AE65: =IF(AD65+AE62-AE63<0,0,AD65+AE62-AE63) -> 5413 | AF65: =IF(AE65+AF62-AF63<0,0,AE65+AF62-AF63) -> 3653 | AG65: =IF(AE65+AG62-AG63<0,0,AE65+AG62-AG63) -> 0 | AI65: MAI
A66: LY | C66: 6G CTAS OX | D66: 6G CTAS OX | E66: 6G CTAS OX | F66: 6G CTAS OX | J66: HI CR-XXX | S66: 6G CTAS HI | T66: 6G CTAS HI | W66: 6G CTAS HI | X66: 6G CTAS HI | Y66: 6G CTAS HI | AD66: 6G CTAS HI | AI66: HI CR-XXX | AJ66: HI CR-XXX | AK66: HI CR-XXX
A67: RY | C67: Y1901-0657 | D67: Y1902-0596 | E67: Y1903-0193 | F67: Y1901-0361 | J67: Y1902-0602 | S67: Y1901-0639 | T67: Y1901-0661 | W67: Y1903-0212 | X67: Y1903-0161 | Y67: Y1902-0672 | AD67: Y1903-0373 | AI67: Y1901-0632 | AJ67: Y1901-0659 | AK67: Y1901-0667
A68: 材料/VT | C68: =VLOOKUP(C67,'[2]2019-02'!$A$3:$G$1657,7,0) -> OK | D68: =VLOOKUP(D67,'[2]2019-02'!$A$3:$G$1657,7,0) -> 12/21 | E68: =VLOOKUP(E67,'[2]2019-02'!$A$3:$G$1657,7,0) -> CFM | F68: =VLOOKUP(F67,'[2]2019-02'!$A$3:$G$1657,7,0) -> OK | J68: =VLOOKUP(J67,'[2]2019-02'!$A$3:$G$1657,7,0) -> 12/25 | S68: =VLOOKUP(S67,'[2]2019-02'!$A$3:$G$1657,7,0) -> 12/21 | T68: =VLOOKUP(T67,'[2]2019-02'!$A$3:$G$1657,7,0) -> 12/21 | W68: =VLOOKUP(W67,'[2]2019-02'!$A$3:$G$1657,7,0) -> CFM | X68: =VLOOKUP(X67,'[2]2019-02'!$A$3:$G$1657,7,0) -> 12/21 | Y68: =VLOOKUP(Y67,'[2]2019-02'!$A$3:$G$1657,7,0) -> #N/A | AD68: =VLOOKUP(AD67,'[2]2019-02'!$A$3:$G$1657,7,0) -> #N/A | AI68: 12/12 | AJ68: 12/21 | AK68: 12/21
A69: CHAT LIEU | C69: 基本型體 | D69: 基本型體 | E69: 基本型體 | F69: 基本型體 | J69: 基本型體 | S69: 基本型體 | T69: 基本型體 | W69: 基本型體 | X69: 基本型體 | AI69: 基本型體 | AJ69: 基本型體 | AK69: 基本型體
A70: Last# | C70: 01L-1 | D70: 01L-1 | E70: 01L-1 | F70: 01L-1 | J70: 067H-1 | S70: 01H-1 | T70: 01H-1 | W70: 01H-1 | X70: 01H-1 | Y70: 01H-1 | AD70: 01H-1 | AI70: 067H-1 | AJ70: 067H-1 | AK70: 067H-1
A71: BUY | C71: 11BUY | D71: 11BUY | E71: 11BUY | F71: 10BUY | J71: 11BUY | S71: 11BUY | T71: 11BUY | W71: 11BUY | X71: 11BUY | Y71: 12BUY | AD71: 12BUY | AI71: 11BUY | AJ71: 11BUY | AK71: 11BUY
A72: BTS
A73: 裁斷/C | C73: 1 | D73: 1 | E73: 1 | F73: 1 | J73: 1 | S73: 1 | T73: 1 | W73: 1 | X73: 1 | Y73: 1 | AD73: 1
A74: SKU | C74: 3J256C | D74: 3J256C | E74: 3J256C | F74: 3J256 | J74: M7650C | S74: 3J253C | T74: 3J253C | W74: 3J253C | X74: 3J253C | Y74: 3J234C | AD74: 3J253 | AI74: M7650 | AJ74: M7650C | AK74: M7650C
A75: 針車/M | F75: JOURNEYS
A76: 數量/SL | C76: 672 | D76: 300 | E76: 360 | F76: 6012 | J76: 17832 | S76: 876 | T76: 432 | W76: 648 | X76: 300 | Y76: 360 | AD76: 5040 | AI76: 408 | AJ76: 2004 | AK76: 1608
A77: 成型/G | C77: OK1/4 | D77: OK1/8 | E77: OK1/7 | F77: OK1/14 | J77: -5697
A78: CSD | C78: 43492 | D78: 43520 | E78: 43542 | F78: 43483 | J78: 43520 | S78: 43492 | T78: 43492 | W78: 43532 | X78: 43542 | Y78: 43520 | AD78: 43538 | AI78: 43483 | AJ78: 43492 | AK78: 43147
A79: 國家/N | C79: PHILIPPINES | D79: South Africa | E79: BV | F79: USA | J79: BV | S79: AUSTRALIA | T79: PHILIPPINES | W79: MEXICO | X79: BV | Y79: AUSTRALIA | AD79: USA | AI79: CANADA | AJ79: PHILIPPINES | AK79: SINGAPORE
A80: LY | C80: 6G CTAS OX | D80: 6G CTAS OX | E80: 6G CTAS OX | S80: 6G CTAS HI | T80: 6G CTAS HI | X80: 6G CTAS HI | Y80: 6G CTAS HI | AI80: HI CR-XXX
A81: RY | C81: Y1901-0640 | D81: Y1902-0589 | E81: Y1902-0587 | S81: Y1901-0668 | T81: Y1902-0594 | X81: Y1903-0174 | Y81: Y1902-0664 | AI81: Y1901-0626
A82: 材料/VT | C82: =VLOOKUP(C81,'[2]2019-02'!$A$3:$G$1657,7,0) -> OK | D82: =VLOOKUP(D81,'[2]2019-02'!$A$3:$G$1657,7,0) -> 12/21 | E82: =VLOOKUP(E81,'[2]2019-02'!$A$3:$G$1657,7,0) -> 12/21 | S82: =VLOOKUP(S81,'[2]2019-02'!$A$3:$G$1657,7,0) -> 12/21 | T82: =VLOOKUP(T81,'[2]2019-02'!$A$3:$G$1657,7,0) -> 12/21 | X82: =VLOOKUP(X81,'[2]2019-02'!$A$3:$G$1657,7,0) -> 12/21 | Y82: =VLOOKUP(Y88,'[3]2018-11-16'!$A:$D,4,0) -> 基本型體 | AI82: 12/25
A83: CHAT LIEU | C83: 基本型體 | D83: 基本型體 | E83: 基本型體 | S83: 基本型體 | T83: 基本型體 | X83: 基本型體 | AI83: 基本型體
A84: Last# | C84: 01L-1 | D84: 01L-1 | E84: 01L-1 | S84: 01H-1 | T84: 01H-1 | X84: 01H-1 | Y84: 01H-1 | AI84: 067H-1
A85: BUY | C85: 11BUY | D85: 11BUY | E85: 11BUY | S85: 11BUY | T85: 11BUY | X85: 11BUY | Y85: 12BUY | AI85: 11BUY
A86: BTS
A87: 裁斷/C | C87: 1 | D87: 1 | E87: 1 | S87: 1 | T87: 1 | X87: 1 | Y87: 1
A88: SKU | C88: 3J256C | D88: 3J256C | E88: 3J256 | S88: 3J253C | T88: 3J253C | X88: 3J253C | Y88: 3J234C | AI88: M7650C
A89: 針車/M | E89: JOURNEYS
A90: 數量/SL | C90: 1248 | D90: 600 | E90: 1800 | S90: 252 | T90: 2700 | X90: 432 | Y90: 360 | AI90: 360
A91: 成型/G | C91: OK1/7 | D91: OK1/4 | E91: OK1/8
A92: CSD | C92: 43492 | D92: 43511 | E92: 43511 | S92: 43147 | T92: 43520 | X92: 43542 | Y92: 43521 | AI92: 43483
A93: 國家/N | C93: AUSTRALIA | D93: CANADA | E93: USA | S93: SINGAPORE | T93: BV | X93: BV | Y93: CANADA | AI93: CANADA
A94: LY | C94: 6G CTAS OX | D94: 6G CTAS OX | X94: 6G CTAS HI | Y94: 6G CTAS HI | Z94: 6G CTAS HI | AA94: 6G CTAS HI | AC94: 6G CTAS HI | AI94: HI CR-XXX
A95: RY | C95: Y1901-0663 | D95: Y1903-0175 | X95: Y1902-0671 | Y95: Y1903-0336 | Z95: Y1902-0675 | AA95: Y1902-0684 | AC95: Y1903-0275 | AI95: Y1901-0646
A96: 材料/VT | C96: =VLOOKUP(C95,'[2]2019-02'!$A$3:$G$1657,7,0) -> 12/21 | D96: =VLOOKUP(D95,'[2]2019-02'!$A$3:$G$1657,7,0) -> 12/21 | X96: =VLOOKUP(X102,'[3]2018-11-16'!$A:$D,4,0) -> 基本型體 | Y96: =VLOOKUP(Y102,'[3]2018-11-16'!$A:$D,4,0) -> 基本型體 | Z96: =VLOOKUP(Z102,'[3]2018-11-16'!$A:$D,4,0) -> 基本型體 | AA96: =VLOOKUP(AA102,'[3]2018-11-16'!$A:$D,4,0) -> 基本型體 | AC96: =VLOOKUP(AC102,'[3]2018-11-16'!$A:$D,4,0) -> 基本型體 | AI96: 12/21
A97: CHAT LIEU | C97: 基本型體 | D97: 基本型體 | AI97: 基本型體
A98: Last# | C98: 01L-1 | D98: 01L-1 | X98: 01H-1 | Y98: 01H-1 | Z98: 01H-1 | AA98: 01H-1 | AC98: 01H-1 | AI98: 067H-1
A99: BUY | C99: 11BUY | D99: 11BUY | X99: 12BUY | Y99: 12BUY | Z99: 12BUY | AA99: 12BUY | AC99: 12BUY | AI99: 11BUY
A100: BTS
...

Sheet T02
A1: A1-01 廠 2019 年 02月 份 生 產 進 度 表--成型 / A1 LEAN01(CONVERSE)A7棟
D2: 裁斷 | H2: 針車 | J2: 成型 | U2: 本月目標: | W2: =+AD248 -> 103512 | AA2: 雙 | AC2: 43508
A3: D/T | B3: 43497 | C3: 43498 | D3: 43499 | E3: 43500 | F3: 43501 | G3: 43502 | H3: 43503 | I3: 43504 | J3: 43505 | K3: 43506 | L3: 43507 | M3: 43508 | N3: 43509 | O3: 43510 | P3: 43511 | Q3: 43512 | R3: 43513 | S3: 43514 | T3: 43515 | U3: 43516 | V3: 43517 | W3: 43518 | X3: 43519 | Y3: 43520 | Z3: 43521 | AA3: 43522 | AB3: 43523 | AC3: 43524 | AD3: TTL
A4: LINE | B4: 五 | C4: =IF(B4="日","一",IF(B4="一","二",IF(B4="二","三",IF(B4="三","四",IF(B4="四","五",IF(B4="五","六",IF(B4="六","日",""))))))) -> 六 | D4: =IF(C4="日","一",IF(C4="一","二",IF(C4="二","三",IF(C4="三","四",IF(C4="四","五",IF(C4="五","六",IF(C4="六","日",""))))))) -> 日 | E4: =IF(D4="日","一",IF(D4="一","二",IF(D4="二","三",IF(D4="三","四",IF(D4="四","五",IF(D4="五","六",IF(D4="六","日",""))))))) -> 一 | F4: =IF(E4="日","一",IF(E4="一","二",IF(E4="二","三",IF(E4="三","四",IF(E4="四","五",IF(E4="五","六",IF(E4="六","日",""))))))) -> 二 | G4: =IF(F4="日","一",IF(F4="一","二",IF(F4="二","三",IF(F4="三","四",IF(F4="四","五",IF(F4="五","六",IF(F4="六","日",""))))))) -> 三 | H4: =IF(G4="日","一",IF(G4="一","二",IF(G4="二","三",IF(G4="三","四",IF(G4="四","五",IF(G4="五","六",IF(G4="六","日",""))))))) -> 四 | I4: =IF(H4="日","一",IF(H4="一","二",IF(H4="二","三",IF(H4="三","四",IF(H4="四","五",IF(H4="五","六",IF(H4="六","日",""))))))) -> 五 | J4: =IF(I4="日","一",IF(I4="一","二",IF(I4="二","三",IF(I4="三","四",IF(I4="四","五",IF(I4="五","六",IF(I4="六","日",""))))))) -> 六 | ... AC4: =IF(AB4="日","一",IF(AB4="一","二",IF(AB4="二","三",IF(AB4="三","四",IF(AB4="四","五",IF(AB4="五","六",IF(AB4="六","日",""))))))) -> 四 | AE4: =+AE6*9.5 -> 0 | AF4: =+AF6*8 -> 112 | AG4: so ngay
B5: 8 | L5: 8 | M5: 8 | N5: 8 | O5: 8 | P5: 8 | Q5: 8 | S5: 8 | T5: 8 | U5: 8 | V5: 8 | W5: 8 | X5: 8 | Z5: 8 | AA5: 8 | AB5: 8 | AC5: 8 | AD5: =SUM(B5:AC5) -> 136
B6: 4 | L6: 4 | M6: 6 | N6: 8 | O6: 8 | P6: 8 | Q6: 8 | S6: 8 | T6: 8 | U6: 8 | V6: 8 | W6: 8 | X6: 8 | Z6: 8 | AA6: 8 | AB6: 8 | AC6: 8 | AD6: =SUM(B6:AC6) -> 126 | AE6: =COUNTIF(B6:AC6,9.5) -> 0 | AF6: =COUNTIF(B6:AD6,8) -> 14 | AG6: =COUNTA(B6:AC6) -> 17
A7: LY | N7: 6G CTAS OX | Q7: 6G CTAS OX | T7: 6G CTAS OX | U7: 6G CTAS OX | V7: 6G CTAS OX | X7: 6G CTAS OX | Z7: CC-OX-A | AB7: CC-OX-A | AC7: CC-OX-A
A8: RY | N8: Y1903-0304 | Q8: Y1904-0043 | T8: Y1904-0069 | U8: Y1903-0274 | V8: Y1905-0023 | X8: ZS1903-009 | Z8: Y1903-0422 | AB8: Y1903-0424 | AC8: Y1903-0427
A9: 材料/VT | N9: =VLOOKUP(N15,'[3]2018-11-16'!$A:$D,4,0) -> 基本型體 | Q9: =VLOOKUP(Q15,'[3]2018-11-16'!$A:$D,4,0) -> 基本型體 | T9: =VLOOKUP(T15,'[3]2018-11-16'!$A:$D,4,0) -> 基本型體 | U9: =VLOOKUP(U15,'[3]2018-11-16'!$A:$D,4,0) -> 基本型體 | V9: =VLOOKUP(V15,'[3]2018-11-16'!$A:$D,4,0) -> 基本型體
A10: CHAT LIEU | N10: =VLOOKUP(N8,'[4]2019-01'!$A$3:$G$2159,7,0) -> 01/09 | Q10: =VLOOKUP(Q8,'[4]2019-01'!$A$3:$G$2159,7,0) -> 01/09 | T10: =VLOOKUP(T8,'[4]2019-01'!$A$3:$G$2159,7,0) -> 01/09 | U10: =VLOOKUP(U8,'[4]2019-01'!$A$3:$G$2159,7,0) -> 01/09 | V10: =VLOOKUP(V8,'[4]2019-01'!$A$3:$G$2159,7,0) -> 01/22 | Z10: 布+IN TL | AB10: 布+IN TL | AC10: 布+IN TL
A11: Last# | N11: 01L-1 | Q11: 01L-1 | T11: 01L-1 | U11: 01L-1 | V11: 01L-1 | X11: 01H-1 | Z11: 067L-1 | AB11: 067L-1 | AC11: 067L-1
A12: BUY | N12: 12BUY | Q12: 12BUY | T12: 12BUY | U12: 12BUY | V12: 12BUY | X12: 11 BUY | Z12: 1 BUY | AB12: 1 BUY | AC12: 1 BUY
A13: BTS
A14: 裁斷/C | N14: 1 | Q14: 1 | T14: 1 | U14: 1 | V14: 1 | AB14: 5SIZE
A15: SKU | N15: 3J238 | Q15: 3J238 | T15: 3J238C | U15: 3J236C | V15: 3J237C | X15: 326706C | Z15: 165710C | AB15: 165710C | AC15: 165710C
A16: 針車/M
A17: 數量/SL | N17: 600 | Q17: 3708 | T17: 156 | U17: 228 | V17: 4656 | X17: 192 | Z17: 610 | AB17: 1200 | AC17: 550
A18: 成型/G | U18: 5SIZE
A19: CSD | N19: 43541 | Q19: 43576 | T19: 43563 | U19: 43544 | V19: 43596 | X19: 43169 | Z19: 43532 | AB19: 43532 | AC19: 43532
A20: 國家/N | N20: USA | Q20: USA | T20: MEXICO | U20: BV | V20: BV | X20: Viet Nam | Z20: BV | AB20: BV | AC20: BV
A21: LY | N21: 6G CTAS OX | T21: 6G CTAS OX | U21: 6G CTAS OX | Z21: CC-OX-A | AC21: CC-OX-A
A22: RY | N22: Y1903-0372 | T22: Y1905-0012 | U22: Y1904-0068 | Z22: Y1903-0400 | AC22: Y1904-0147
A23: 材料/VT | N23: =VLOOKUP(N29,'[3]2018-11-16'!$A:$D,4,0) -> 基本型體 | T23: =VLOOKUP(T29,'[3]2018-11-16'!$A:$D,4,0) -> 基本型體 | U23: =VLOOKUP(U29,'[3]2018-11-16'!$A:$D,4,0) -> 基本型體
A24: CHAT LIEU | N24: =VLOOKUP(N22,'[4]2019-01'!$A$3:$G$2159,7,0) -> 01/09 | T24: =VLOOKUP(T22,'[4]2019-01'!$A$3:$G$2159,7,0) -> 01/22 | U24: =VLOOKUP(U22,'[4]2019-01'!$A$3:$G$2159,7,0) -> 01/09 | Z24: 布+IN TL | AC24: 布+IN TL
A25: Last# | N25: 01L-1 | T25: 01L-1 | U25: 01L-1 | Z25: 067L-1 | AC25: 067L-1
A26: BUY | N26: 12BUY | T26: 12BUY | U26: 12BUY | Z26: 1 BUY | AC26: 1 BUY
A27: BTS
A28: 裁斷/C | N28: 1 | T28: 1 | U28: 1
A29: SKU | N29: 3J238 | T29: 3J238C | U29: 3J237C | Z29: 165710C | AC29: 165710C
A30: 針車/M
A31: 數量/SL | N31: 5412 | T31: 1044 | U31: 1224 | Z31: 2640 | AC31: 396
A32: 成型/G
A33: CSD | N33: 43538 | T33: 43596 | U33: 43563 | Z33: 43532 | AC33: 43532
A34: 國家/N | N34: USA | T34: BV | U34: MEXICO | Z34: BV | AC34: BV
A35: LY | AC35: CC-OX-A
A36: RY | AC36: Y1903-0401
A37: 材料/VT
A38: CHAT LIEU | AC38: 布+IN TL
A39: Last# | AC39: 067L-1
A40: BUY | AC40: 1 BUY
A41: BTS
A42: 裁斷/C
A43: SKU | AC43: 165710C
A44: 針車/M
A45: 數量/SL | AC45: 2580
A46: 成型/G
A47: CSD | AC47: 43532
A48: 國家/N | AC48: CHINA
A49: LY
A50: RY
A51: 材料/VT
A52: CHAT LIEU
A53: Last#
A54: BUY
A55: BTS
A56: 裁斷/C
A57: SKU
A58: 針車/M
A59: 數量/SL
A60: 成型/G
... A62: 國家/N
A63: 訂單數量 | B63: =+B59+B45+B31+B17 -> 0 | C63: =+C59+C45+C31+C17 -> 0 | D63: =+D59+D45+D31+D17 -> 0 | E63: =+E59+E45+E31+E17 -> 0 | F63: =+F59+F45+F31+F17 -> 0 | G63: =+G59+G45+G31+G17 -> 0 | H63: =+H59+H45+H31+H17 -> 0 | I63: =+I59+I45+I31+I17 -> 0 | ... AC63: =+AC59+AC45+AC31+AC17 -> 3526
A64: 保證產量 | B64: =+B65*B6 -> 896 | C64: =+C65*C6 -> 0 | D64: =+D65*D6 -> 0 | E64: =+E65*E6 -> 0 | F64: =+F65*F6 -> 0 | G64: =+G65*G6 -> 0 | H64: =+H65*H6 -> 0 | I64: =+I65*I6 -> 0 | ... AC64: =+AC65*AC6 -> 1440 | AD64: =SUM(B64:AC64) -> 26816
A65: 小時目標 | B65: 224 | L65: 224 | M65: 224 | N65: 224 | O65: 224 | P65: 224 | Q65: 224 | S65: 224 | T65: 224 | U65: 224 | V65: 224 | W65: 224 | X65: 224 | Z65: 180 | AA65: 180 | AB65: 180 | AC65: 180
A66: =+'T01'!AF65 -> 3653 | B66: =IF(A66+B63-B64<0,0,A66+B63-B64) -> 2757 | C66: =IF(B66+C63-C64<0,0,B66+C63-C64) -> 2757 | D66: =IF(C66+D63-D64<0,0,C66+D63-D64) -> 2757 | E66: =IF(D66+E63-E64<0,0,D66+E63-E64) -> 2757 | F66: =IF(E66+F63-F64<0,0,E66+F63-F64) -> 2757 | G66: =IF(F66+G63-G64<0,0,F66+G63-G64) -> 2757 | H66: =IF(G66+H63-H64<0,0,G66+H63-H64) -> 2757 | I66: =IF(H66+I63-I64<0,0,H66+I63-I64) -> 2757 | ... AC66: =IF(AB66+AC63-AC64<0,0,AB66+AC63-AC64) -> 2216
A67: LY | B67: 6G CTAS HI | N67: 6G CTAS HI | O67: 6G CTAS HI | P67: 6G CTAS HI | Q67: 6G CTAS HI | S67: 6G CTAS HI | T67: 6G CTAS-HI-18 | U67: 6G CTAS HI | V67: HI CR-XXX-6A-1 | AC67: HI CR-XXX-6A-1
A68: RY | B68: Y1903-0312 | N68: Y1903-0328 | O68: Y1904-0064 | P68: Y1904-0095 | Q68: Y1903-0374 | S68: Y1904-0065 | T68: ZS1903-010 | U68: Y1903-0286 | V68: Y1903-0294 | AC68: Y1903-0293
A69: 材料/VT | B69: =VLOOKUP(B75,'[3]2018-11-16'!$A:$D,4,0) -> 基本型體 | N69: =VLOOKUP(N75,'[3]2018-11-16'!$A:$D,4,0) -> 基本型體 | O69: =VLOOKUP(O75,'[3]2018-11-16'!$A:$D,4,0) -> 基本型體 | P69: =VLOOKUP(P75,'[3]2018-11-16'!$A:$D,4,0) -> 基本型體 | Q69: =VLOOKUP(Q75,'[3]2018-11-16'!$A:$D,4,0) -> 基本型體 | S69: =VLOOKUP(S75,'[3]2018-11-16'!$A:$D,4,0) -> 基本型體 | U69: =VLOOKUP(U75,'[3]2018-11-16'!$A:$D,4,0) -> #N/A | V69: =VLOOKUP(V75,'[3]2018-11-16'!$A:$D,4,0) -> 布 | AC69: =VLOOKUP(AC75,'[3]2018-11-16'!$A:$D,4,0) -> 0
A70: CHAT LIEU | N70: =VLOOKUP(N68,'[4]2019-01'!$A$3:$G$2159,7,0) -> 02/15 | O70: =VLOOKUP(O68,'[4]2019-01'!$A$3:$G$2159,7,0) -> 02/15 | P70: =VLOOKUP(P68,'[4]2019-01'!$A$3:$G$2159,7,0) -> 01/22 | Q70: =VLOOKUP(Q68,'[4]2019-01'!$A$3:$G$2159,7,0) -> 01/22 | S70: =VLOOKUP(S68,'[4]2019-01'!$A$3:$G$2159,7,0) -> 01/11 | U70: =VLOOKUP(U68,'[4]2019-01'!$A$3:$G$2159,7,0) -> 01/25 | V70: =VLOOKUP(V68,'[4]2019-01'!$A$3:$G$2159,7,0) -> 01/29 | AC70: =VLOOKUP(AC68,'[4]2019-01'!$A$3:$G$2159,7,0) -> 02/12
A71: Last# | B71: 01H-1 | N71: 01H-1 | O71: 01H-1 | P71: 01H-1 | Q71: 01H-1 | S71: 01H-1 | T71: 01H-1 | U71: 01H-1 | V71: 067H-1 | AC71: 067H-1
A72: BUY | B72: 12BUY | N72: 12BUY | O72: 12BUY | P72: 12BUY | Q72: 12BUY | S72: 12BUY | T72: 11 BUY | U72: 12BUY | V72: 12BUY | AC72: 12BUY
A73: BTS
A74: 裁斷/C | B74: 1 | N74: 1 | O74: 1 | P74: 1 | Q74: 1 | S74: 1 | T74: 1 | V74: lam thu
A75: SKU | B75: 3J253 | N75: 3J233 | O75: 3J233C | P75: 3J232C | Q75: 3J234 | S75: 3J234C | T75: 327467C | U75: 665770F | V75: 165766F | AC75: 165767F
A76: 針車/M | U76: PEAC | V76: PEAC | AC76: PEAC
A77: 數量/SL | B77: 384 | N77: 360 | O77: 324 | P77: 1308 | Q77: 1440 | S77: 624 | T77: 168 | U77: 1884 | V77: 7116 | AC77: 6288
A78: 成型/G | U78: THEU | V78: THEU | AC78: THEU
A79: CSD | B79: 43553 | N79: 43538 | O79: 43563 | P79: 43563 | Q79: 43538 | S79: 43563 | T79: 43169 | U79: 43536 | V79: 43538 | AC79: 43538
A80: 國家/N | B80: USA | N80: USA | O80: MEXICO | P80: MEXICO | Q80: USA | S80: MEXICO | T80: Viet Nam | U80: USA | V80: USA | AC80: USA
A81: LY | B81: 6G CTAS HI | N81: 6G CTAS HI | O81: 6G CTAS HI | S81: 6G CTAS HI | T81: 6G CTAS-HI-18
A82: RY | B82: Y1903-0309 | N82: Y1903-0375 | O82: Y1905-0024 | S82: Y1905-0021 | T82: ZS1903-011
A83: 材料/VT | B83: =VLOOKUP(B89,'[3]2018-11-16'!$A:$D,4,0) -> 基本型體 | N83: =VLOOKUP(N89,'[3]2018-11-16'!$A:$D,4,0) -> 基本型體 | O83: =VLOOKUP(O89,'[3]2018-11-16'!$A:$D,4,0) -> 基本型體 | S83: =VLOOKUP(S89,'[3]2018-11-16'!$A:$D,4,0) -> 基本型體
A84: CHAT LIEU | N84: =VLOOKUP(N82,'[4]2019-01'!$A$3:$G$2159,7,0) -> 02/15 | O84: =VLOOKUP(O82,'[4]2019-01'!$A$3:$G$2159,7,0) -> 02/15 | S84: =VLOOKUP(S82,'[4]2019-01'!$A$3:$G$2159,7,0) -> 01/22
A85: Last# | B85: 01H-1 | N85: 01H-1 | O85: 01H-1 | S85: 01H-1 | T85: 01H-1
A86: BUY | B86: 12BUY | N86: 12BUY | O86: 12BUY | S86: 12BUY | T86: 11 BUY
A87: BTS
A88: 裁斷/C | B88: 1 | N88: 1 | O88: 1 | S88: 1
A89: SKU | B89: 3J253 | N89: 3J233 | O89: 3J233C | S89: 3J234C | T89: 327468C
A90: 針車/M
A91: 數量/SL | B91: 6012 | N91: 1080 | O91: 1572 | S91: 1224 | T91: 240
A92: 成型/G | B92: JOURNEYS
A93: CSD | B93: 43546 | N93: 43538 | O93: 43596 | S93: 43596 | T93: 43169
A94: 國家/N | B94: USA | N94: USA | O94: BV | S94: BV | T94: Viet Nam
A95: LY | N95: 6G CTAS HI | T95: 6G CTAS-HI-18
A96: RY | N96: Y1903-0273 | T96: ZS1903-012
A97: 材料/VT | N97: =VLOOKUP(N103,'[3]2018-11-16'!$A:$D,4,0) -> 基本型體
A98: CHAT LIEU | N98: =VLOOKUP(N96,'[4]2019-01'!$A$3:$G$2159,7,0) -> 02/15
A99: Last# | N99: 01H-1 | T99: 01H-1
A100: BUY | N100: 12BUY | T100: 11 BUY
A101: BTS
...

Sheet T03
A1: A1-01 廠 2019 年 03月 份 生 產 進 度 表--成型 / A1 LEAN01(CONVERSE)A7棟
D2: 裁斷 | H2: 針車 | J2: 成型 | U2: 本月目標: | W2: =+AG247 -> 176888 | AA2: 雙 | AD2: (PRS) | AE2: 43508
A3: D/T | B3: 43525 | C3: 43526 | D3: 43527 | E3: 43528 | F3: 43529 | G3: 43530 | H3: 43531 | I3: 43532 | J3: 43533 | K3: 43534 | L3: 43535 | M3: 43536 | N3: 43537 | O3: 43538 | P3: 43539 | Q3: 43540 | R3: 43541 | S3: 43542 | T3: 43543 | U3: 43544 | V3: 43545 | W3: 43546 | X3: 43547 | Y3: 43548 | Z3: 43549 | AA3: 43550 | AB3: 43551 | AC3: 43552 | AD3: 43553 | AE3: 43554 | AF3: 43555 | AG3: TTL
A4: LINE | B4: 五 | C4: =IF(B4="日","一",IF(B4="一","二",IF(B4="二","三",IF(B4="三","四",IF(B4="四","五",IF(B4="五","六",IF(B4="六","日",""))))))) -> 六 | D4: =IF(C4="日","一",IF(C4="一","二",IF(C4="二","三",IF(C4="三","四",IF(C4="四","五",IF(C4="五","六",IF(C4="六","日",""))))))) -> 日 | E4: =IF(D4="日","一",IF(D4="一","二",IF(D4="二","三",IF(D4="三","四",IF(D4="四","五",IF(D4="五","六",IF(D4="六","日",""))))))) -> 一 | F4: =IF(E4="日","一",IF(E4="一","二",IF(E4="二","三",IF(E4="三","四",IF(E4="四","五",IF(E4="五","六",IF(E4="六","日",""))))))) -> 二 | G4: =IF(F4="日","一",IF(F4="一","二",IF(F4="二","三",IF(F4="三","四",IF(F4="四","五",IF(F4="五","六",IF(F4="六","日",""))))))) -> 三 | H4: =IF(G4="日","一",IF(G4="一","二",IF(G4="二","三",IF(G4="三","四",IF(G4="四","五",IF(G4="五","六",IF(G4="六","日",""))))))) -> 四 | I4: =IF(H4="日","一",IF(H4="一","二",IF(H4="二","三",IF(H4="三","四",IF(H4="四","五",IF(H4="五","六",IF(H4="六","日",""))))))) -> 五 | J4: =IF(I4="日","一",IF(I4="一","二",IF(I4="二","三",IF(I4="三","四",IF(I4="四","五",IF(I4="五","六",IF(I4="六","日",""))))))) -> 六 | ... AF4: =IF(AE4="日","一",IF(AE4="一","二",IF(AE4="二","三",IF(AE4="三","四",IF(AE4="四","五",IF(AE4="五","六",IF(AE4="六","日",""))))))) -> 日 | AH4: =+AH5*9.5 -> 190 | AI4: =+AI5*8 -> 48 | AJ4: so ngay
B5: 8 | C5: 8 | E5: 9.5 | F5: 9.5 | G5: 9.5 | H5: 9.5 | I5: 9.5 | J5: 8 | L5: 9.5 | M5: 9.5 | N5: 9.5 | O5: 9.5 | P5: 9.5 | Q5: 8 | S5: 9.5 | T5: 9.5 | U5: 9.5 | V5: 9.5 | W5: 9.5 | X5: 8 | Z5: 9.5 | AA5: 9.5 | AB5: 9.5 | AC5: 9.5 | AD5: 9.5 | AE5: 8 | AG5: =SUM(B5:AF5) -> 238 | AH5: =COUNTIF(B5:AF5,9.5) -> 20 | AI5: =COUNTIF(B5:AG5,8) -> 6 | AJ5: =COUNTA(B5:AF5) -> 26
A6: LY | C6: CC-OX-A | E6: CC-OX-A | F6: CC-OX-A | G6: SA216J-B-3 | M6: SA216J-B-3 | O6: SA216J-B-3 | S6: SA216J-B-3 | T6: SA216J-B-3 | U6: SA216J-B-3 | V6: SA216J-B-3 | W6: SA216J-B-3 | X6: SA216J-B-3 | AA6: SA216N-5B | AB6: SA216N-5B | AC6: SA216N-8B | AD6: SA216N-8A | AE6: SA216N-7B
A7: RY | C7: Y1903-0402 | E7: Y1904-0392 | F7: Y1904-0342 | G7: Y1904-0112 | M7: Y1904-0113 | O7: Y1904-0253 | S7: Y1903-0429 | T7: Y1904-0280 | U7: Y1904-0202 | V7: Y1904-0507 | W7: Y1904-0215 | X7: Y1905-0062 | AA7: Y1904-0279 | AB7: Y1904-0733 | AC7: Y1904-0651 | AD7: Y1904-0294 | AE7: Y1904-0296
A8: 材料/VT
A9: CHAT LIEU | E9: VẢI 布 | F9: VẢI 布 | G9: 皮+星星月亮 | M9: 皮+星星月亮 | O9: 皮+星星月亮 | S9: 皮+星星月亮 | T9: 皮+星星月亮 | U9: 皮+星星月亮 | V9: 皮+星星月亮 | W9: 皮+星星月亮 | X9: 皮+星星月亮 | AA9: 皮+星星月亮 | AB9: 皮+星星月亮 | AC9: 反毛皮+in | AD9: vải布+星星月亮 | AE9: 皮+in
A10: Last# | C10: 067L-1 | E10: 067L-1 | F10: 067L-1 | G10: 01H-1 | M10: 01H-1 | O10: 01H-1 | S10: 01H-1 | T10: 01H-1 | U10: 01H-1 | V10: 01H-1 | W10: 01H-1 | X10: 01H-1 | AA10: W-2689H | AB10: W-2689H | AC10: W-2689H | AD10: W-2689H | AE10: W-2689H
A11: BUY | C11: 1Buy | E11: 1 BUY | F11: 1 BUY | G11: 1 BUY | M11: 1 BUY | O11: 1 BUY | S11: 1 BUY | T11: 1 BUY | U11: 1 BUY | V11: 1 BUY | W11: 1 BUY | X11: 1 BUY | AA11: 1 BUY | AB11: 1 BUY | AC11: 1 BUY | AD11: 1 BUY | AE11: 1 BUY
A12: BTS
A13: 裁斷/C | V13: 5SIZE
A14: SKU | C14: 165710C | E14: 165895F | F14: 165895F | G14: 661927C | M14: 661929C | O14: 662817C | S14: 662817C | T14: 662817C | U14: 662817C | V14: 662817C | W14: 662817C | X14: 662817C | AA14: 763532C | AB14: 763532C | AC14: 765281C | AD14: 765286F | AE14: 765296C
A15: 針車/M
A16: 數量/SL | C16: 3110 | E16: 600 | F16: 1152 | G16: 7668 | M16: 3744 | O16: 4872 | S16: 2292 | T16: 276 | U16: 1512 | V16: 624 | W16: 312 | X16: 300 | AA16: 1092 | AB16: 3024 | AC16: 216 | AD16: 312 | AE16: 708
A17: 成型/G
A18: CSD | C18: 43576 | E18: 43576 | F18: 43576 | G18: 43561 | M18: 43578 | O18: 43574 | S18: 43576 | T18: 43576 | U18: 43579 | V18: 43581 | W18: 43581 | X18: 43586 | AA18: 43576 | AB18: 43575 | AC18: 43590 | AD18: 43590 | AE18: 43590
A19: 國家/N | C19: USA | E19: USA | F19: USA | G19: USA | M19: USA | O19: BV | S19: CANADA | T19: USA | U19: CANADA | V19: BV | W19: BV | X19: Canada | AA19: USA | AB19: CHILE | AC19: BV | AD19: USA | AE19: USA
A20: LY | E20: CC-OX-A | U20: SA216J-B-3 | V20: SA216J-B-3 | W20: SA216J-B-3 | X20: SA216N-13B | AA20: SA216N-5B | AC20: SA216N-8B | AD20: SA216N-7B
A21: RY | E21: Y1904-0398 | U21: Y1904-0892 | V21: Y1904-0897 | W21: Y1904-0657 | X21: Y1904-0314 | AA21: Y1904-0574 | AC21: Y1904-0515 | AD21: Y1904-0182
A22: 材料/VT
A23: CHAT LIEU | E23: VẢI 布 | U23: 皮+星星月亮 | V23: 皮+星星月亮 | W23: 皮+星星月亮 | X23: 皮+星星月亮 | AA23: 皮+星星月亮 | AC23: 反毛皮+in | AD23: 皮+in
A24: Last# | E24: 067L-1 | U24: 01H-1 | V24: 01H-1 | W24: 01H-1 | X24: W-2689 | AA24: W-2689H | AC24: W-2689H | AD24: W-2689H
A25: BUY | E25: 1 BUY | U25: 1 BUY | V25: 1 BUY | W25: 1 BUY | X25: 1 BUY | AA25: 1 BUY | AC25: 1 BUY | AD25: 1 BUY
A26: BTS
A27: 裁斷/C | E27: 4SIZE | V27: 5SIZE
A28: SKU | E28: 165895F | U28: 662817C | V28: 662817C | W28: 662817C | X28: 762011C | AA28: 763532C | AC28: 765281C | AD28: 765296C
A29: 針車/M
A30: 數量/SL | E30: 900 | U30: 240 | V30: 288 | W30: 132 | X30: 2736 | AA30: 288 | AC30: 144 | AD30: 360
A31: 成型/G
A32: CSD | E32: 43576 | U32: 43579 | V32: 43581 | W32: 43581 | X32: 43578 | AA32: 43581 | AC32: 43590 | AD32: 43590
A33: 國家/N | E33: USA | U33: CANADA | V33: BV | W33: BV | X33: USA | AA33: BV | AC33: BV | AD33: CANADA
A34: LY | V34: SA216J-B-3 | W34: SA216J-B-3 | AC34: SA216N-8A | AD34: SA216N-7B
A35: RY | V35: Y1904-0211 | W35: Y1904-0232 | AC35: Y1904-0293 | AD35: Y1904-0295
A36: 材料/VT
A37: CHAT LIEU | V37: 皮+星星月亮 | W37: 皮+星星月亮 | AC37: vải布+星星月亮 | AD37: 皮+in
A38: Last# | V38: 01H-1 | W38: 01H-1 | AC38: W-2689H | AD38: W-2689H
A39: BUY | V39: 1 BUY | W39: 1 BUY | AC39: 1 BUY | AD39: 1 BUY
A40: BTS
A41: 裁斷/C
A42: SKU | V42: 662817C | W42: 662817C | AC42: 765286F | AD42: 765296C
A43: 針車/M
A44: 數量/SL | V44: 492 | W44: 312 | AC44: 204 | AD44: 1956
A45: 成型/G
A46: CSD | V46: 43581 | W46: 43581 | AC46: 43590 | AD46: 43590
A47: 國家/N | V47: BV | W47: BV | AC47: USA | AD47: USA
A48: LY | W48: SA216J-B-3
A49: RY | W49: Y1905-0059
A50: 材料/VT
A51: CHAT LIEU | W51: 皮+星星月亮
A52: Last# | W52: 01H-1
A53: BUY | W53: 1 BUY
A54: BTS
A55: 裁斷/C
A56: SKU | W56: 662817C
A57: 針車/M
A58: 數量/SL | W58: 300
A59: 成型/G
A60: CSD | W60: 43586
A61: 國家/N | W61: Canada
A62: 訂單數量 | B62: =+B58+B44+B30+B16 -> 0 | C62: =+C58+C44+C30+C16 -> 3110 | D62: =+D58+D44+D30+D16 -> 0 | E62: =+E58+E44+E30+E16 -> 1500 | F62: =+F58+F44+F30+F16 -> 1152 | G62: =+G58+G44+G30+G16 -> 7668 | H62: =+H58+H44+H30+H16 -> 0 | I62: =+I58+I44+I30+I16 -> 0 | ... AF62: =+AF58+AF44+AF30+AF16 -> 0
A63: 保證產量 | B63: =+B64*B5 -> 1440 | C63: =+C64*C5 -> 1440 | D63: =+D64*D5 -> 0 | E63: =+E64*E5 -> 1710 | F63: =+F64*F5 -> 1710 | G63: =+G64*G5 -> 1615 | H63: =+H64*H5 -> 1615 | I63: =+I64*I5 -> 1615 | ... AF63: =+AF64*AF5 -> 0 | AG63: =SUM(B63:AF63) -> 40810
A64: 小時目標 | B64: 180 | C64: 180 | E64: 180 | F64: 180 | G64: 170 | H64: 170 | I64: 170 | J64: 170 | L64: 170 | M64: 170 | N64: 170 | O64: 170 | P64: 170 | Q64: 170 | S64: 170 | T64: 170 | U64: 170 | V64: 170 | W64: 170 | X64: 170 | Z64: 170 | AA64: 170 | AB64: 170 | AC64: 170 | AD64: 170 | AE64: 170
A65: =+'T02'!AC66 -> 2216 | B65: =IF(A65+B62-B63<0,0,A65+B62-B63) -> 776 | C65: =IF(B65+C62-C63<0,0,B65+C62-C63) -> 2446 | D65: =IF(C65+D62-D63<0,0,C65+D62-D63) -> 2446 | E65: =IF(D65+E62-E63<0,0,D65+E62-E63) -> 2236 | F65: =IF(E65+F62-F63<0,0,E65+F62-F63) -> 1678 | G65: =IF(F65+G62-G63<0,0,F65+G62-G63) -> 7731 | H65: =IF(G65+H62-H63<0,0,G65+H62-H63) -> 6116 | I65: =IF(H65+I62-I63<0,0,H65+I62-I63) -> 4501 | ... AF65: =IF(AE65+AF62-AF63<0,0,AE65+AF62-AF63) -> 1572 | AG65: =IF(AE65+AG62-AG63<0,0,AE65+AG62-AG63) -> 0
A66: LY | E66: HI CR-XXX-6A-1 | J66: 6G CTAS HI | M66: 6G CTAS HI | N66: 6G CTAS HI | O66: 6G CTAS HI | P66: 6G CTAS OX | T66: 6G CTAS OX | U66: 6G CTAS OX | V66: 6G CTAS OX | W66: 6G CTAS OX | X66: 6G CTAS OX | Z66: 6G CTAS OX | AA66: 6G CTAS OX | AB66: 6G CTAS OX | AD66: 6G CTAS OX | AE66: KY-6G-OX-A
A67: RY | E67: Y1903-0259 | J67: Y1903-0269 | M67: Y1904-0025 | N67: Y1904-0036 | O67: Y1904-0023 | P67: Y1904-0067 | T67: Y1904-0033 | U67: Y1903-0478 | V67: Y1903-0530 | W67: Y1903-0519 | X67: Y1903-0480 | Z67: Y1903-0445 | AA67: Y1904-0363 | AB67: Y1904-0364 | AD67: Y1904-0520 | AE67: Y1904-0393
A68: 材料/VT | E68: =VLOOKUP(E74,'[3]2018-11-16'!$A:$D,4,0) -> 0 | J68: =VLOOKUP(J74,'[3]2018-11-16'!$A:$D,4,0) -> 基本型體 | M68: =VLOOKUP(M74,'[3]2018-11-16'!$A:$D,4,0) -> 基本型體 | N68: =VLOOKUP(N74,'[3]2018-11-16'!$A:$D,4,0) -> 基本型體 | O68: =VLOOKUP(O74,'[3]2018-11-16'!$A:$D,4,0) -> 基本型體 | P68: =VLOOKUP(P74,'[3]2018-11-16'!$A:$D,4,0) -> 基本型體 | T68: =VLOOKUP(T74,'[3]2018-11-16'!$A:$D,4,0) -> 基本型體
A69: CHAT LIEU | E69: =VLOOKUP(E67,'[4]2019-01'!$A$3:$G$2159,7,0) -> 02/12 | U69: 基本型體 | V69: 基本型體 | W69: 基本型體 | X69: 基本型體 | Z69: 基本型體 | AA69: 布 | AB69: 布 | AD69: 布
A70: Last# | E70: 067H-1 | J70: 01H-1 | M70: 01H-1 | N70: 01H-1 | O70: 01H-1 | P70: 01L-1 | T70: 01L-1 | U70: 01L-1 | V70: 01L-1 | W70: 01L-1 | X70: 01L-1 | Z70: 01L-1 | AA70: 01L-1 | AB70: 01L-1 | AD70: 01L-1 | AE70: 01L-1
A71: BUY | E71: 12BUY | J71: 12BUY | M71: 12BUY | N71: 12BUY | O71: 12BUY | P71: 12BUY | T71: 12BUY | U71: 1 BUY | V71: 1 BUY | W71: 1 BUY | X71: 1 BUY | Z71: 1 BUY | AA71: 1 BUY | AB71: 1 BUY | AD71: 1 BUY | AE71: 1Buy
A72: BTS
A73: 裁斷/C | V73: GUI
A74: SKU | E74: 165767F | J74: 3J231C | M74: 3J231C | N74: 3J253 | O74: 3J253C | P74: 3J236C | T74: 3J235C | U74: 3J235C | V74: 3J235C | W74: 3J237C | X74: 3J256C | Z74: 3J256C | AA74: 314786F | AB74: 314786F | AD74: 314786C | AE74: 365896F
A75: 針車/M
A76: 數量/SL | E76: 264 | J76: 264 | M76: 504 | N76: 204 | O76: 528 | P76: 588 | T76: 528 | U76: 708 | V76: 120 | W76: 360 | X76: 1164 | Z76: 360 | AA76: 1200 | AB76: 4860 | AD76: 120 | AE76: 450
A77: 成型/G | E77: 5SIZE | M77: 5SIZE | N77: 5SIZE | T77: 5SIZE
A78: CSD | E78: 43536 | J78: 43551 | M78: 43567 | N78: 43563 | O78: 43568 | P78: 43563 | T78: 43567 | U78: 43555 | V78: 43555 | W78: 43555 | X78: 43555 | Z78: 43556 | AA78: 43565 | AB78: 43577 | AD78: 43581 | AE78: 43576
A79: 國家/N | E79: CANADA | J79: BV | M79: UK | N79: USA | O79: BV | P79: MEXICO | T79: UK | U79: AUSTRALIA | V79: TURKEY | W79: PERU | X79: AUSTRALIA | Z79: CANADA | AA79: USA | AB79: USA | AD79: BV | AE79: USA
A80: LY | E80: CTAS HI CR-XXX-6A-1 | J80: 6G CTAS HI | M80: 6G CTAS HI | N80: 6G CTAS HI | O80: 6G CTAS HI | P80: 6G CTAS OX | T80: 6G CTAS OX | U80: 6G CTAS OX | V80: 6G CTAS OX | W80: 6G CTAS OX | X80: 6G CTAS OX | Z80: 6G CTAS OX | AA80: 6G CTAS OX | AD80: 6G CTAS OX | AE80: KY-6G-OX-A
A81: RY | E81: Y1903-0420 | J81: Y1903-0326 | M81: Y1905-0016 | N81: Y1904-0046 | O81: Y1904-0024 | P81: Y1904-0066 | T81: Y1903-0464 | U81: Y1903-0516 | V81: Y1904-0828 | W81: Y1903-0463 | X81: Y1903-0494 | Z81: Y1903-0436 | AA81: Y1904-0384 | AD81: Y1904-0617 | AE81: Y1904-0399
A82: 材料/VT | J82: =VLOOKUP(J88,'[3]2018-11-16'!$A:$D,4,0) -> 基本型體 | M82: =VLOOKUP(M88,'[3]2018-11-16'!$A:$D,4,0) -> 基本型體 | N82: =VLOOKUP(N88,'[3]2018-11-16'!$A:$D,4,0) -> 基本型體 | O82: =VLOOKUP(O88,'[3]2018-11-16'!$A:$D,4,0) -> 基本型體 | P82: =VLOOKUP(P88,'[3]2018-11-16'!$A:$D,4,0) -> 基本型體
A83: CHAT LIEU | E83: 布+THEU | T83: 布 | U83: 基本型體 | V83: 基本型體 | W83: 基本型體 | X83: 基本型體 | Z83: 基本型體 | AA83: 布 | AD83: 布
A84: Last# | E84: 067H-1 | J84: 01H-1 | M84: 01H-1 | N84: 01H-1 | O84: 01H-1 | P84: 01L-1 | T84: 01L-1 | U84: 01L-1 | V84: 01L-1 | W84: 01L-1 | X84: 01L-1 | Z84: 01L-1 | AA84: 01L-1 | AD84: 01L-1 | AE84: 01L-1
A85: BUY | E85: 1 BUY | J85: 12BUY | M85: 12BUY | N85: 12BUY | O85: 12BUY | P85: 12BUY | T85: 1 BUY | U85: 1 BUY | V85: 1 BUY | W85: 1 BUY | X85: 1 BUY | Z85: 1 BUY | AA85: 1 BUY | AD85: 1 BUY | AE85: 1Buy
A86: BTS
A87: 裁斷/C | Z87: 5SIZE | AA87: JOURNEYS
A88: SKU | E88: 165767C | J88: 3J231C | M88: 3J231C | N88: 3J253 | O88: 3J253C | P88: 3J235C | T88: 314786F | U88: 3J235C | V88: 3J235C | W88: 3J238 | X88: 3J256C | Z88: 3J256C | AA88: 314786F | AD88: 314786C | AE88: 365896F
A89: 針車/M
A90: 數量/SL | E90: 6204 | J90: 2772 | M90: 3240 | N90: 600 | O90: 432 | P90: 5580 | T90: 1128 | U90: 360 | V90: 396 | W90: 924 | X90: 360 | Z90: 360 | AA90: 1872 | AD90: 144 | AE90: 900
A91: 成型/G | J91: 5SIZE | N91: 3SIZE
A92: CSD | E92: 43544 | J92: 43551 | M92: 43596 | N92: 43570 | O92: 43583 | P92: 43563 | T92: 43548 | U92: 43555 | V92: 43556 | W92: 43556 | X92: 43555 | Z92: 43556 | AA92: 43569 | AD92: 43581 | AE92: 43576
A93: 國家/N | E93: BV | J93: BV | M93: BV | N93: USA | O93: BV | P93: MEXICO | T93: USA | U93: PERU | V93: SINGAPORE | W93: USA | X93: NEW ZEALAND | Z93: CANADA | AA93: USA | AD93: BV | AE93: USA
A94: LY | N94: 6G CTAS HI | V94: 6G CTAS OX | W94: 6G CTAS OX | X94: 6G CTAS OX | Z94: 6G CTAS OX | AD94: 6G CTAS OX | AE94: KY-6G-OX-A
A95: RY | N95: Y1904-0070 | V95: Y1903-0483 | W95: Y1903-0435 | X95: Y1903-0515 | Z95: Y1904-0829 | AD95: Y1905-0642 | AE95: Y1904-0291
A96: 材料/VT | N96: =VLOOKUP(N102,'[3]2018-11-16'!$A:$D,4,0) -> 基本型體
A97: CHAT LIEU | V97: 基本型體 | W97: 基本型體 | X97: 基本型體 | Z97: 基本型體 | AD97: 布
A98: Last# | N98: 01H-1 | V98: 01L-1 | W98: 01L-1 | X98: 01L-1 | Z98: 01L-1 | AD98: 01L-1 | AE98: 01L-1
A99: BUY | N99: 12BUY | V99: 1 BUY | W99: 1 BUY | X99: 1 BUY | Z99: 1 BUY | AD99: 1 BUY | AE99: 1Buy
A100: BTS
...

Sheet T04
A1: A1-01 廠 2019 年 04月 份 生 產 進 度 表--成型 / A1 LEAN01(CONVERSE)A7棟
D2: 裁斷 | H2: 針車 | J2: 成型 | U2: 本月目標: | W2: =+AF243+AF183+AF123+AF63 -> 161519 | AA2: 雙 | AD2: (PRS)
A3: D/T | B3: 43556 | C3: 43557 | D3: 43558 | E3: 43559 | F3: 43560 | G3: 43561 | H3: 43562 | I3: 43563 | J3: 43564 | K3: 43565 | L3: 43566 | M3: 43567 | N3: 43568 | O3: 43569 | P3: 43570 | Q3: 43571 | R3: 43572 | S3: 43573 | T3: 43574 | U3: 43575 | V3: 43576 | W3: 43577 | X3: 43578 | Y3: 43579 | Z3: 43580 | AA3: 43581 | AB3: 43582 | AC3: 43583 | AD3: 43584 | AE3: 43585 | AF3: TTL
A4: LINE | B4: 一 | C4: =IF(B4="日","一",IF(B4="一","二",IF(B4="二","三",IF(B4="三","四",IF(B4="四","五",IF(B4="五","六",IF(B4="六","日",""))))))) -> 二 | D4: =IF(C4="日","一",IF(C4="一","二",IF(C4="二","三",IF(C4="三","四",IF(C4="四","五",IF(C4="五","六",IF(C4="六","日",""))))))) -> 三 | E4: =IF(D4="日","一",IF(D4="一","二",IF(D4="二","三",IF(D4="三","四",IF(D4="四","五",IF(D4="五","六",IF(D4="六","日",""))))))) -> 四 | F4: =IF(E4="日","一",IF(E4="一","二",IF(E4="二","三",IF(E4="三","四",IF(E4="四","五",IF(E4="五","六",IF(E4="六","日",""))))))) -> 五 | G4: =IF(F4="日","一",IF(F4="一","二",IF(F4="二","三",IF(F4="三","四",IF(F4="四","五",IF(F4="五","六",IF(F4="六","日",""))))))) -> 六 | H4: =IF(G4="日","一",IF(G4="一","二",IF(G4="二","三",IF(G4="三","四",IF(G4="四","五",IF(G4="五","六",IF(G4="六","日",""))))))) -> 日 | I4: =IF(H4="日","一",IF(H4="一","二",IF(H4="二","三",IF(H4="三","四",IF(H4="四","五",IF(H4="五","六",IF(H4="六","日",""))))))) -> 一 | J4: =IF(I4="日","一",IF(I4="一","二",IF(I4="二","三",IF(I4="三","四",IF(I4="四","五",IF(I4="五","六",IF(I4="六","日",""))))))) -> 二 | ... AE4: =IF(AD4="日","一",IF(AD4="一","二",IF(AD4="二","三",IF(AD4="三","四",IF(AD4="四","五",IF(AD4="五","六",IF(AD4="六","日",""))))))) -> 二 | AG4: =+AG5*9.5 -> 180.5 | AH4: =+AH5*8 -> 40 | AI4: so ngay
B5: 9.5 | C5: 9.5 | D5: 9.5 | E5: 9.5 | F5: 9.5 | G5: 8 | I5: 9.5 | J5: 9.5 | K5: 9.5 | L5: 9.5 | M5: 9.5 | N5: 8 | Q5: 9.5 | R5: 9.5 | S5: 9.5 | T5: 9.5 | U5: 8 | W5: 9.5 | X5: 9.5 | Y5: 9.5 | Z5: 9.5 | AA5: 9.5 | AB5: 8 | AD5: 8 | AF5: =SUM(B5:AE5) -> 220.5 | AG5: =COUNTIF(B5:AE5,9.5) -> 19 | AH5: =COUNTIF(B5:AF5,8) -> 5 | AI5: =COUNTA(B5:AE5) -> 24
A6: LY | B6: SA216N-7B | C6: SA216J-8A | E6: SA216J-8A | F6: SA216J-8A | G6: SA216J-7B | R6: SA216J-8B | S6: SA216J-8B | T6: SA216J-8B | U6: SA216J-8B | W6: SA216J-8B | X6: SA216J-8B | Y6: SA216J-8B | Z6: SA216J-8B
A7: RY | B7: Y1904-0183 | C7: Y1904-0300 | E7: Y1904-0404 | F7: Y1904-0349 | G7: Y1904-0267 | R7: Y1904-0519 | S7: Y1904-0431 | T7: Y1904-0453 | U7: Y1904-0432 | W7: Y1905-0165 | X7: Y1905-0574 | Y7: Y1905-0166 | Z7: Y1905-0567
A8: 材料/VT
A9: CHAT LIEU | B9: 皮+in | C9: VẢI 布 | E9: VẢI 布 | F9: VẢI 布 | G9: 皮+in | R9: 反毛皮+in | S9: 反毛皮+in | T9: 反毛皮+in | U9: 反毛皮+in | W9: 反毛皮+in | X9: 反毛皮+in | Y9: 反毛皮+in | Z9: 反毛皮+in
A10: Last# | B10: W-2689H | C10: 01H-1 | E10: 01H-1 | F10: 01H-1 | G10: 01H-1 | R10: 01H-1 | S10: 01H-1 | T10: 01H-1 | U10: 01H-1 | W10: 01H-1 | X10: 01H-1 | Y10: 01H-1 | Z10: 01H-1
A11: BUY | B11: 1 BUY | C11: 1 BUY | E11: 1 BUY | F11: 1 BUY | G11: 1 BUY | R11: 1 BUY | S11: 1 BUY | T11: 1Buy | U11: 1 BUY | W11: 1 BUY | X11: 1 BUY | Y11: 1 BUY | Z11: 1 BUY
A12: BTS
A13: 裁斷/C | R13: 5SIZE
A14: SKU | B14: 765297C | C14: 665284F | E14: 665285F | F14: 665285F | G14: 665292C | R14: 665277C | S14: 665277C | T14: 665278C | U14: 665279C | W14: 665277C | X14: 665277C | Y14: 665278C | Z14: 665278C
A15: 針車/M
A16: 數量/SL | B16: 252 | C16: 946 | E16: 648 | F16: 2568 | G16: 12624 | R16: 576 | S16: 300 | T16: 252 | U16: 396 | W16: 1356 | X16: 120 | Y16: 2256 | Z16: 120
A17: 成型/G
A18: CSD | B18: 43590 | C18: 43590 | E18: 43590 | F18: 43590 | G18: 43593 | R18: 43590 | S18: 43590 | T18: 43590 | U18: 43590 | W18: 43594 | X18: 43600 | Y18: 43594 | Z18: 43600
A19: 國家/N | B19: CANADA | C19: USA | E19: USA | F19: USA | G19: BV | R19: BV | S19: BV | T19: BV | U19: BV | W19: BV | X19: MEXICO | Y19: BV | Z19: MEXICO
A20: LY | B20: SA216N-7B | C20: SA216J-8A | R20: SA216J-8B | S20: SA216J-8B | T20: SA216J-8B | U20: SA216J-8B | W20: SA216J-8B | X20: SA216J-8B | Z20: SA216J-8B
A21: RY | B21: Y1904-0297 | C21: Y1904-0185 | R21: Y1904-0470 | S21: Y1904-0647 | T21: Y1904-0483 | U21: Y1904-0648 | W21: Y1905-0462 | X21: Y1905-0575 | Z21: Y1905-0600
A22: 材料/VT
A23: CHAT LIEU | B23: 皮+in | C23: 布+TC+IN | R23: 反毛皮+in | S23: 反毛皮+in | U23: 反毛皮+in | W23: 反毛皮+in | X23: 反毛皮+in | Z23: 反毛皮+in
A24: Last# | B24: W-2689H | C24: 01H-1 | R24: 01H-1 | S24: 01H-1 | T24: 01H-1 | U24: 01H-1 | W24: 01H-1 | X24: 01H-1 | Z24: 01H-1
A25: BUY | B25: 1 BUY | C25: 1 BUY | R25: 1 BUY | S25: 1 BUY | T25: 1Buy | U25: 1 BUY | W25: 1 BUY | X25: 1 BUY | Z25: 1 BUY
A26: BTS
A27: 裁斷/C | R27: 5SIZE
A28: SKU | B28: 765297C | C28: 665285C | R28: 665277C | S28: 665277C | T28: 665278C | U28: 665279C | W28: 665277C | X28: 665277C | Z28: 665278C
A29: 針車/M
A30: 數量/SL | B30: 972 | C30: 3072 | R30: 324 | S30: 312 | T30: 228 | U30: 336 | W30: 264 | X30: 168 | Z30: 168
A31: 成型/G
A32: CSD | B32: 43590 | C32: 43590 | R32: 43590 | S32: 43590 | T32: 43590 | U32: 43590 | W32: 43595 | X32: 43600 | Z32: 43600
A33: 國家/N | B33: USA | C33: CANADA | R33: BV | S33: BV | T33: BV | U33: BV | W33: BV | X33: MEXICO | Z33: MEXICO
A34: LY | S34: SA216J-8B | T34: SA216J-8B | U34: SA216J-8B | X34: SA216J-8B | Z34: SA216J-8B
A35: RY | S35: Y1904-0661 | T35: Y1904-0529 | U35: Y1904-0663 | X35: Y1906-0044 | Z35: Y1906-0045
A36: 材料/VT
A37: CHAT LIEU | S37: 反毛皮+in | T37: 反毛皮+in | U37: 反毛皮+in | X37: 反毛皮+in | Z37: 反毛皮+in
A38: Last# | S38: 01H-1 | T38: 01H-1 | U38: 01H-1 | X38: 01H-1 | Z38: 01H-1
A39: BUY | S39: 1 BUY | T39: 1 BUY | U39: 1 BUY | X39: 1 BUY | Z39: 1 BUY
A40: BTS
A41: 裁斷/C | T41: 5SIZE
A42: SKU | S42: 665277C | T42: 665279C | U42: 665279C | X42: 665277C | Z42: 665278C
A43: 針車/M
A44: 數量/SL | S44: 120 | T44: 324 | U44: 120 | X44: 1836 | Z44: 864
A45: 成型/G
A46: CSD | S46: 43590 | T46: 43590 | U46: 43590 | X46: 43620 | Z46: 43620
A47: 國家/N | S47: BV | T47: BV | U47: BV | X47: CHILE | Z47: CHILE
A48: LY | S48: SA216J-8B | T48: SA216J-8B | U48: SA216J-8B | Z48: SA216J-8B
A49: RY | S49: Y1904-0461 | T49: Y1904-0492 | U49: Y1904-0502 | Z49: Y1905-0167
A50: 材料/VT
A51: CHAT LIEU | S51: 反毛皮+in | T51: 反毛皮+in | U51: 反毛皮+in | Z51: 反毛皮+in
A52: Last# | S52: 01H-1 | T52: 01H-1 | U52: 01H-1 | Z52: 01H-1
A53: BUY | S53: 1 BUY | T53: 1 BUY | U53: 1 BUY | Z53: 1 BUY
A54: BTS
A55: 裁斷/C | T55: 4SIZE
A56: SKU | S56: 665277C | T56: 665279C | U56: 665279C | Z56: 665279C
A57: 針車/M
A58: 數量/SL | S58: 420 | T58: 276 | U58: 456 | Z58: 4500
A59: 成型/G
A60: CSD | S60: 43590 | T60: 43581 | U60: 43590 | Z60: 43594
A61: 國家/N | S61: BV | T61: BV | U61: BV | Z61: BV
A62: 訂單數量 | B62: =+B58+B44+B30+B16 -> 1224 | C62: =+C58+C44+C30+C16 -> 4018 | D62: =+D58+D44+D30+D16 -> 0 | E62: =+E58+E44+E30+E16 -> 648 | F62: =+F58+F44+F30+F16 -> 2568 | G62: =+G58+G44+G30+G16 -> 12624 | H62: =+H58+H44+H30+H16 -> 0 | I62: =+I58+I44+I30+I16 -> 0 | ... S62: =+S58+S44+S30+S16 -> 1152 | T62: =+T58+T44+#REF!+#REF! -> #REF! | U62: =+U58+U44+U30+U16 -> 1308 | V62: =+V58+V44+V30+V16 -> 0 | W62: =+W58+W44+W30+W16 -> 1620 | X62: =+X58+X44+X30+X16 -> 2124 | Y62: =+Y58+Y44+Y30+Y16 -> 2256 | Z62: =+Z58+Z44+Z30+Z16 -> 5652 | AA62: =+AA58+AA44+AA30+AA16 -> 0 | AB62: =+AB58+AB44+AB30+AB16 -> 0 | ... AE62: =+AE58+AE44+AE30+AE16 -> 0
A63: 保證產量 | B63: =+B64*B5 -> 1615 | C63: =+C64*C5 -> 1615 | D63: =+D64*D5 -> 1615 | E63: =+E64*E5 -> 1615 | F63: =+F64*F5 -> 1615 | G63: =+G64*G5 -> 1360 | H63: =+H64*H5 -> 0 | I63: =+I64*I5 -> 1615 | ... AE63: =+AE64*AE5 -> 0 | AF63: =SUM(B63:AE63) -> 37485
A64: 小時目標 | B64: 170 | C64: 170 | D64: 170 | E64: 170 | F64: 170 | G64: 170 | I64: 170 | J64: 170 | K64: 170 | L64: 170 | M64: 170 | N64: 170 | Q64: 170 | R64: 170 | S64: 170 | T64: 170 | U64: 170 | W64: 170 | X64: 170 | Y64: 170 | Z64: 170 | AA64: 170 | AB64: 170 | AD64: 170
A65: =+'T03'!AE65 -> 1572 | B65: =IF(A65+B62-B63<0,0,A65+B62-B63) -> 1181 | C65: =IF(B65+C62-C63<0,0,B65+C62-C63) -> 3584 | D65: =IF(C65+D62-D63<0,0,C65+D62-D63) -> 1969 | E65: =IF(D65+E62-E63<0,0,D65+E62-E63) -> 1002 | F65: =IF(E65+F62-F63<0,0,E65+F62-F63) -> 1955 | G65: =IF(F65+G62-G63<0,0,F65+G62-G63) -> 13219 | H65: =IF(G65+H62-H63<0,0,G65+H62-H63) -> 13219 | I65: =IF(H65+I62-I63<0,0,H65+I62-I63) -> 11604 | ... AF65: =IF(AE65+AF62-AF63<0,0,AE65+AF62-AF63) -> #REF!
A66: LY | B66: KY-7G-OX-A | C66: 6G CTAS OX | F66: 6G CTAS OX | I66: 6G CTAS OX | L66: 6G CTAS OX | M66: 6G CTAS OX | N66: 6G CTAS OX | Q66: KD686B-7A | R66: KD686B-7A | S66: KD686B-7A | T66: KD686B-4 | W66: KD686B | Z66: KD686B | AA66: KD686B-7B
A67: RY | B67: Y1904-0394 | C67: Y1904-0381 | F67: Y1904-0462 | I67: Y1904-0239 | L67: Y1904-0359 | M67: Y1904-0526 | N67: Y1904-0217 | Q67: Y1904-0255 | R67: Y1904-0677 | S67: Y1905-0587 | T67: Y1905-0143 | W67: Y1905-0141 | Z67: Y1905-0144 | AA67: Y1905-0176
A68: 材料/VT
A69: CHAT LIEU | B69: VẢI 布 | C69: 基本型體 | F69: 基本型體 | I69: 基本型體 | L69: 基本型體 | M69: 基本型體 | N69: 基本型體 | Q69: PU+星星月亮 | R69: PU+星星月亮 | S69: PU+星星月亮 | T69: 皮+星星月亮 | W69: 皮+星星月亮 | Z69: 皮+星星月亮 | AA69: DA 皮+PU
A70: Last# | B70: W-2689L | C70: 01L-1 | F70: 01L-1 | I70: 01L-1 | L70: 01L-1 | M70: 01L-1 | N70: 01L-1 | Q70: 01L-1 | R70: 01L-1 | S70: 01L-1 | T70: 01L-1 | W70: 01L-1 | Z70: 01L-1 | AA70: 01L-1
A71: BUY | B71: 1Buy | C71: 1 BUY | F71: 1 BUY | I71: 1 BUY | L71: 1 BUY | M71: 1 BUY | N71: 1 BUY | Q71: 1 BUY | R71: 1 BUY | S71: 1 BUY | T71: 1 BUY | W71: 1 BUY | Z71: 1 BUY | AA71: 1 BUY
A72: BTS
A73: 裁斷/C | I73: 2SIZE
A74: SKU | B74: 765897F | C74: 3J256 | F74: 3J256 | I74: 3J256C | L74: 3J256 | M74: 3J256C | N74: 3J256C | Q74: 651830C | R74: 651830C | S74: 651830C | T74: 661937C | W74: 646139C | Z74: 646140C | AA74: 665883C
A75: 針車/M
A76: 數量/SL | B76: 456 | C76: 480 | F76: 1428 | I76: 360 | L76: 360 | M76: 240 | N76: 264 | Q76: 2940 | R76: 180 | S76: 900 | T76: 3996 | W76: 4800 | Z76: 1908 | AA76: 3636
A77: 成型/G
A78: CSD | B78: 43576 | C78: 43566 | F78: 43569 | I78: 43575 | L78: 43578 | M78: 43581 | N78: 43581 | Q78: 43574 | R78: 43581 | S78: 43612 | T78: 43588 | W78: 43593 | Z78: 43593 | AA78: 43593
A79: 國家/N | B79: USA | C79: USA | F79: USA | I79: BV | L79: USA | M79: BV | N79: BV | Q79: BV | R79: BV | S79: MEXICO | T79: BV | W79: BV | Z79: BV | AA79: BV
A80: LY | B80: KY-7G-OX-A | C80: 6G CTAS OX | F80: 6G CTAS OX | I80: 6G CTAS OX | M80: 6G CTAS OX | N80: 6G CTAS OX | R80: KD686B-7A | S80: KD686B-7A
A81: RY | B81: Y1904-0400 | C81: Y1904-0385 | F81: Y1904-0416 | I81: Y1904-0358 | M81: Y1904-0536 | N81: Y1904-0439 | R81: Y1904-0629 | S81: Y1905-0588
A82: 材料/VT
A83: CHAT LIEU | B83: VẢI 布 | C83: 基本型體 | F83: 基本型體 | I83: 基本型體 | M83: 基本型體 | N83: 基本型體 | R83: PU+星星月亮 | S83: PU+星星月亮
A84: Last# | B84: W-2689L | C84: 01L-1 | F84: 01L-1 | I84: 01L-1 | M84: 01L-1 | N84: 01L-1 | R84: 01L-1 | S84: 01L-1
A85: BUY | B85: 1Buy | C85: 1 BUY | F85: 1 BUY | I85: 1 BUY | M85: 1 BUY | N85: 1 BUY | R85: 1 BUY | S85: 1 BUY
A86: BTS
A87: 裁斷/C | C87: JOURNEYS | F87: 5SIZE
A88: SKU | B88: 765897F | C88: 3J256 | F88: 3J256 | I88: 3J256 | M88: 3J256C | N88: 3J256C | R88: 651830C | S88: 651830C
A89: 針車/M
A90: 數量/SL | B90: 900 | C90: 6816 | F90: 3780 | I90: 5676 | M90: 240 | N90: 120 | R90: 156 | S90: 900
A91: 成型/G
A92: CSD | B92: 43576 | C92: 43569 | F92: 43569 | I92: 43577 | M92: 43581 | N92: 43581 | R92: 43581 | S92: 43612
A93: 國家/N | B93: USA | C93: USA | F93: USA | I93: USA | M93: BV | N93: BV | R93: BV | S93: MEXICO
A94: LY | B94: KY-7G-OX-A | M94: 6G CTAS OX | N94: 6G CTAS OX | R94: KD686B-7A
A95: RY | B95: Y1904-0308 | M95: Y1904-0531 | N95: Y1904-0626 | R95: Y1905-0389
A96: 材料/VT
A97: CHAT LIEU | B97: VẢI 布 | M97: 基本型體 | N97: 基本型體 | R97: PU+星星月亮
A98: Last# | B98: W-2689L | M98: 01L-1 | N98: 01L-1 | R98: 01L-1
A99: BUY | B99: 1Buy | M99: 1 BUY | N99: 1 BUY | R99: 1 BUY
A100: BTS
...

Sheet  T05
A1: A1-01 廠 2019 年 05月 份 生 產 進 度 表--成型 / A1 LEAN01(CONVERSE)A7棟
D2: 裁斷 | H2: 針車 | J2: 成型 | U2: 本月目標: | W2: =+AG243+AG183+AG123+AG63 -> 48300 | AA2: 雙 | AD2: (PRS)
A3: D/T | B3: 43586 | C3: 43587 | D3: 43588 | E3: 43589 | F3: 43590 | G3: 43591 | H3: 43592 | I3: 43593 | J3: 43594 | K3: 43595 | L3: 43596 | M3: 43597 | N3: 43598 | O3: 43599 | P3: 43600 | Q3: 43601 | R3: 43602 | S3: 43603 | T3: 43604 | U3: 43605 | V3: 43606 | W3: 43607 | X3: 43608 | Y3: 43609 | Z3: 43610 | AA3: 43611 | AB3: 43612 | AC3: 43613 | AD3: 43614 | AE3: 43615 | AF3: 43616 | AG3: TTL
A4: LINE | B4: 三 | C4: =IF(B4="日","一",IF(B4="一","二",IF(B4="二","三",IF(B4="三","四",IF(B4="四","五",IF(B4="五","六",IF(B4="六","日",""))))))) -> 四 | D4: =IF(C4="日","一",IF(C4="一","二",IF(C4="二","三",IF(C4="三","四",IF(C4="四","五",IF(C4="五","六",IF(C4="六","日",""))))))) -> 五 | E4: =IF(D4="日","一",IF(D4="一","二",IF(D4="二","三",IF(D4="三","四",IF(D4="四","五",IF(D4="五","六",IF(D4="六","日",""))))))) -> 六 | F4: =IF(E4="日","一",IF(E4="一","二",IF(E4="二","三",IF(E4="三","四",IF(E4="四","五",IF(E4="五","六",IF(E4="六","日",""))))))) -> 日 | G4: =IF(F4="日","一",IF(F4="一","二",IF(F4="二","三",IF(F4="三","四",IF(F4="四","五",IF(F4="五","六",IF(F4="六","日",""))))))) -> 一 | H4: =IF(G4="日","一",IF(G4="一","二",IF(G4="二","三",IF(G4="三","四",IF(G4="四","五",IF(G4="五","六",IF(G4="六","日",""))))))) -> 二 | I4: =IF(H4="日","一",IF(H4="一","二",IF(H4="二","三",IF(H4="三","四",IF(H4="四","五",IF(H4="五","六",IF(H4="六","日",""))))))) -> 三 | J4: =IF(I4="日","一",IF(I4="一","二",IF(I4="二","三",IF(I4="三","四",IF(I4="四","五",IF(I4="五","六",IF(I4="六","日",""))))))) -> 四 | ... AF4: =IF(AE4="日","一",IF(AE4="一","二",IF(AE4="二","三",IF(AE4="三","四",IF(AE4="四","五",IF(AE4="五","六",IF(AE4="六","日",""))))))) -> 五 | AH4: =+AH5*9.5 -> 161.5 | AI4: =+AI5*8 -> 32 | AJ4: so ngay
C5: 9.5 | D5: 9.5 | E5: 8 | G5: 9.5 | H5: 9.5 | I5: 9.5 | J5: 9.5 | K5: 9.5 | L5: 8 | N5: 9.5 | O5: 9.5 | P5: 9.5 | Q5: 9.5 | R5: 9.5 | S5: 8 | U5: 9.5 | V5: 9.5 | W5: 9.5 | X5: 9.5 | Y5: 9.5 | Z5: 8 | AG5: =SUM(B5:AF5) -> 193.5 | AH5: =COUNTIF(B5:AF5,9.5) -> 17 | AI5: =COUNTIF(B5:AG5,8) -> 4 | AJ5: =COUNTA(B5:AF5) -> 21
A6: LY | C6: SA216J-8B | D6: SA216J-8B | E6: SA216J-8A | G6: SA216J-8A
A7: RY | C7: Y1905-0463 | D7: Y1905-0596 | E7: Y1905-0405 | G7: Y1905-0410
A8: 材料/VT
A9: CHAT LIEU | C9: 反毛皮+in | D9: 反毛皮+in | E9: 布+TC+IN | G9: 布+TC+IN
A10: Last# | C10: 01H-1 | D10: 01H-1 | E10: 01H-1 | G10: 01H-1
A11: BUY | C11: 1 BUY | D11: 1 BUY | E11: 1 BUY | G11: 1 BUY
A12: BTS
A13: 裁斷/C
A14: SKU | C14: 665279C | D14: 665279C | E14: 665284C | G14: 665285C
A15: 針車/M
A16: 數量/SL | C16: 132 | D16: 168 | E16: 372 | G16: 372
A17: 成型/G
A18: CSD | C18: 43595 | D18: 43600 | E18: 43597 | G18: 43597
A19: 國家/N | C19: BV | D19: MEXICO | E19: BV | G19: BV
A20: LY | C20: SA216J-8B | D20: SA216J-8B | E20: SA216J-8A
A21: RY | C21: Y1905-0397 | D21: Y1906-0046 | E21: Y1905-0169
A22: 材料/VT
A23: CHAT LIEU | C23: 反毛皮+in | D23: 反毛皮+in | E23: 布+TC+IN
A24: Last# | C24: 01H-1 | D24: 01H-1 | E24: 01H-1
A25: BUY | C25: 1 BUY | D25: 1 BUY | E25: 1 BUY
A26: BTS
A27: 裁斷/C
A28: SKU | C28: 665279C | D28: 665279C | E28: 665285C
A29: 針車/M
A30: 數量/SL | C30: 444 | D30: 732 | E30: 1920
A31: 成型/G
A32: CSD | C32: 43597 | D32: 43620 | E32: 43595
A33: 國家/N | C33: BV | D33: CHILE | E33: BV
A34: LY | C34: SA216J-8B | D34: SA216J-8A
A35: RY | C35: Y1905-0568 | D35: Y1905-0168
A36: 材料/VT
A37: CHAT LIEU | C37: 反毛皮+in | D37: 布+TC+IN
A38: Last# | C38: 01H-1 | D38: 01H-1
A39: BUY | C39: 1 BUY | D39: 1 BUY
A40: BTS
A41: 裁斷/C
A42: SKU | C42: 665279C | D42: 665284C
A43: 針車/M | D43: LAM THU
A44: 數量/SL | C44: 120 | D44: 1296
A45: 成型/G
A46: CSD | C46: 43600 | D46: 43593
A47: 國家/N | C47: MEXICO | D47: BV
A48: LY | C48: SA216J-8B
A49: RY | C49: Y1905-0570
A50: 材料/VT
A51: CHAT LIEU | C51: 反毛皮+in
A52: Last# | C52: 01H-1
A53: BUY | C53: 1 BUY
A54: BTS
A55: 裁斷/C
A56: SKU | C56: 665279C
A57: 針車/M
A58: 數量/SL | C58: 120
A59: 成型/G
A60: CSD | C60: 43600
A61: 國家/N | C61: MEXICO
A62: 訂單數量 | B62: =+B58+B44+B30+B16 -> 0 | C62: =+C58+C44+C30+C16 -> 816 | D62: =+D58+D44+D30+D16 -> 2196 | E62: =+E58+E44+E30+E16 -> 2292 | F62: =+F58+F44+F30+F16 -> 0 | G62: =+G58+G44+G30+G16 -> 372 | H62: =+H58+H44+H30+H16 -> 0 | I62: =+I58+I44+I30+I16 -> 0 | ... AF62: =+AF58+AF44+AF30+AF16 -> 0
A63: 保證產量 | B63: =+B64*B5 -> 0 | C63: =+C64*C5 -> 1615 | D63: =+D64*D5 -> 1615 | E63: =+E64*E5 -> 1360 | F63: =+F64*F5 -> 0 | G63: =+G64*G5 -> 1615 | H63: =+H64*H5 -> 1615 | I63: =+I64*I5 -> 0 | ... AF63: =+AF64*AF5 -> 0 | AG63: =SUM(B63:AF63) -> 7820
A64: 小時目標 | C64: 170 | D64: 170 | E64: 170 | G64: 170 | H64: 170
A65: =+'T04'!AD65 -> #REF! | B65: =IF(A65+B62-B63<0,0,A65+B62-B63) -> #REF! | C65: =IF(B65+C62-C63<0,0,B65+C62-C63) -> #REF! | D65: =IF(C65+D62-D63<0,0,C65+D62-D63) -> #REF! | E65: =IF(D65+E62-E63<0,0,D65+E62-E63) -> #REF! | F65: =IF(E65+F62-F63<0,0,E65+F62-F63) -> #REF! | G65: =IF(F65+G62-G63<0,0,F65+G62-G63) -> #REF! | H65: =IF(G65+H62-H63<0,0,G65+H62-H63) -> #REF! | I65: =IF(H65+I62-I63<0,0,H65+I62-I63) -> #REF! | ... AF65: =IF(AE65+AF62-AF63<0,0,AE65+AF62-AF63) -> #REF! | AG65: =IF(AE65+AG62-AG63<0,0,AE65+AG62-AG63) -> #REF!
A66: LY | C66: KD686B-7B | D66: KD686B-7B
A67: RY | C67: Y1905-0383 | D67: Y1905-0259
A68: 材料/VT
A69: CHAT LIEU | C69: DA 皮+PU | D69: DA 皮+PU
A70: Last# | C70: 01L-1 | D70: 01L-1
A71: BUY | C71: 1 BUY | D71: 1 BUY
A72: BTS
A73: 裁斷/C
A74: SKU | C74: 665883C | D74: 665884C
A75: 針車/M
A76: 數量/SL | C76: 360 | D76: 360
A77: 成型/G
A78: CSD | C78: 43597 | D78: 43597
A79: 國家/N | C79: BV | D79: BV
A80: LY | C80: KD686B-7B | D80: KD686B-7B
A81: RY | C81: Y1905-0177 | D81: Y1905-0178
A82: 材料/VT
A83: CHAT LIEU | C83: DA 皮+PU | D83: DA 皮+PU
A84: Last# | C84: 01L-1 | D84: 01L-1
A85: BUY | C85: 1 BUY | D85: 1 BUY
A86: BTS
A87: 裁斷/C
A88: SKU | C88: 665884C | D88: 665885C
A89: 針車/M
A90: 數量/SL | C90: 1632 | D90: 1800
A91: 成型/G
A92: CSD | C92: 43594 | D92: 43593
A93: 國家/N | C93: BV | D93: BV
A94: LY
A95: RY
A96: 材料/VT
A97: CHAT LIEU
A98: Last#
A99: BUY
A100: BTS
...

Sheet dk 1 buy
A2: Order No | B2: ARTICLE | C2: Cust PO | D2: Pairs Qty | E2: BOM TAKER | F2: Nation | G2: BUY§O | H2: NOTE | K2: HI CR-XXX | L2: OX CR-XXX
A3: Y1903-0397 | B3: 165709C | C3: 2018121201 | D3: 250 | E3: KITTY | F3: NETHERLANDS B.V | G3: 201901 19F | H3: Pre-built | K3: YL1902-0002 | L3: YL1902-0004-2
A4: Y1903-0398 | B4: 165709C | C4: 2018121202 | D4: 4495 | E4: KITTY | F4: CHINA | G4: 201901 19F | H4: Pre-built
A5: Y1903-0399 | B5: 165709C | C5: 2018121203 | D5: 3310 | E5: KITTY | F5: USA | G5: 201901 19F | H5: Pre-built
K6: 067H-1 | L6: 067L-1
A7: Y1903-0400 | B7: 165710C | C7: 2018121204 | D7: 250 | E7: JOHN | F7: NETHERLANDS B.V | G7: 201901 19F | H7: Pre-built | K7: 1 BUY ĐHN | L7: 1 BUY ĐHN
A8: Y1903-0401 | B8: 165710C | C8: 2018121205 | D8: 2495 | E8: JOHN | F8: CHINA | G8: 201901 19F | H8: Pre-built
A9: Y1903-0402 | B9: 165710C | C9: 2018121206 | D9: 3110 | E9: JOHN | F9: USA | G9: 201901 19F | H9: Pre-built
K10: M7650C | L10: M7652C
A11: Y1903-0403 | B11: 365711C | C11: 2018121207 | D11: 6100 | E11: JEANIE | F11: NETHERLANDS B.V | G11: 201901 19F | H11: Pre-built
A12: Y1903-0404 | B12: 365711C | C12: 2018121208 | D12: 891 | E12: JEANIE | F12: USA | G12: 201901 19F | H12: Pre-built | K12: 53000 | L12: 36612
A14: Y1903-0405 | B14: 365712C | C14: 2018121209 | D14: 6100 | E14: ASHLEY | F14: NETHERLANDS B.V | G14: 201901 19F | H14: Pre-built | K14: 43521 | L14: 43521
A15: Y1903-0406 | B15: 365712C | C15: 2018121210 | D15: 840 | E15: ASHLEY | F15: USA | G15: 201901 19F | H15: Pre-built | K15: USA | L15: USA
A18: ORG | B18: Sold To Customer Name | C18: Material | D18: Purchase Requisition Quantity | E18: PHOI DOI | F18: PO# | G18: RGAC
A19: Converse US | B19: L & M FOOTWEAR INC/ROBERT WAYNE | C19: M9621 | D19: 480 | E19: 43490 | F19: 100183224 | G19: 43546
A20: Converse US | B20: FAMOUS FOOTWEAR | C20: M9621 | D20: 588 | E20: 43490 | F20: 100183225 | G20: 43546
A21: Converse US | B21: FAMOUS FOOTWEAR | C21: M9621 | D21: 432 | E21: 43490 | F21: 100183226 | G21: 43546
A22: Converse US | B22: FAMOUS FOOTWEAR | C22: M9696 | D22: 1104 | E22: 43490 | F22: 100183227 | G22: 43546
A23: Converse US | B23: FAMOUS FOOTWEAR | C23: M9696 | D23: 924 | E23: 43490 | F23: 100183228 | G23: 43546
A24: Converse US | B24: JOURNEYS | C24: M9622 | D24: 3000 | E24: 43490 | F24: 100183229 | G24: 43550
A25: Converse US | B25: JOURNEYS | C25: M9621 | D25: 6000 | E25: 43490 | F25: 100183230 | G25: 43550
A26: Converse US | B26: OFF BROADWAY SHOES INC | C26: M9621 | D26: 360 | E26: 43490 | F26: 100183231 | G26: 43546
A27: Converse Canada | B27: JOURNEYS DIV GCO CANADA | C27: M9166C | D27: 792 | E27: 43490 | F27: 100183210 | G27: 43541
A28: FILCON MANUFACTURING CORP. | C28: 159484C | D28: 480 | E28: 43507 | F28: 4600067062 | G28: 43520
A29: FILCON MANUFACTURING CORP. | C29: M9166C | D29: 3000 | E29: 43490 | F29: 4600067063 | G29: 43520
D30: =SUM(D19:D29) -> 17160
A33: Order No | B33: ARTICLE | C33: Cust PO | D33: Pairs Qty | E33: BOM TAKER | F33: Nation | G33: BUY§O | H33: Status
A34: Y1903-0416 | B34: 161599C | C34: 2018122005 | D34: 7000 | E34: JEANIE | F34: NETHERLANDS B.V | G34: 201901 19F | H34: Pre-built 2nd~1220
A35: Y1903-0417 | B35: 161602C | C35: 2018122006 | D35: 1500 | E35: PETER | F35: NETHERLANDS B.V | G35: 201901 19F | H35: Pre-built 2nd~1220
A36: Y1903-0418 | B36: 161603C | C36: 2018122007 | D36: 3000 | E36: PETER | F36: NETHERLANDS B.V | G36: 201901 19F | H36: Pre-built 2nd~1220
A37: Y1904-0115 | B37: 361817C | C37: 2018122009 | D37: 3000 | E37: ASHLEY | F37: NETHERLANDS B.V | G37: 201901 19F | H37: Pre-built 2nd~1220 | I37: huy
A38: Y1903-0419 | B38: 361818C | C38: 2018122008 | D38: 7500 | E38: ASHLEY | F38: NETHERLANDS B.V | G38: 201901 19F | H38: Pre-built 2nd~1220
A39: Y1904-0112 | B39: 661927C | C39: 2018122002 | D39: 9630 | E39: JEANIE | F39: USA | G39: 201901 19F | H39: Pre-built 2nd~1220
A40: Y1904-0113 | B40: 661929C | C40: 2018122003 | D40: 3555 | E40: JEANIE | F40: USA | G40: 201901 19F | H40: Pre-built 2nd~1220
A41: Y1904-0114 | B41: 665291C | C41: 2018122004 | D41: 7000 | E41: JEANIE | F41: USA | G41: 201901 19F | H41: Pre-built 2nd~1220
