Workbook

Sheet 總表 (2370)
A1: 1. 飛越料號 | B1: 2. 來億料號 | C1: 飛越材料名稱
A2: A1000025402-B177 | B2: A110008055 | C2: 54" 320G GS-VN0058 MESH 17-0000TPG-FROST GRAY | D2: t1-->t6
A3: A1000046104-BD20 | B3: A110008056 | C3: 61" 245G FRA5903 19-3906TPG-DARK SHADOW | D3: t1-->t6
A4: A1000055805-BA49 | B4: A070000296 | C4: 58" 300G HMTOP-220 LYCRA 19-2514TPG-ITALIAN PLUM | D4: t1-->t6
A5: A1000055805-BF74 | B5: A070000283 | C5: 58" 300G HMTOP-220 LYCRA 19-4818TPG-MALLARD GREEN | D5: t1-->t6
A6: A1000055805-BH18 | B6: A070000280 | C6: 58" 300G HMTOP-220 LYCRA 19-0419TPG-RIFLE GREEN | D6: t1-->t6
A7: A1000055805-BI86 | B7: A070000297 | C7: 58" 300G HMTOP-220 LYCRA 18-0435TPG-CALLA GREEN | D7: t1-->t6
A8: A1000055805-BJ67 | B8: A070000295 | C8: 58" 300G HMTOP-220 LYCRA 19-4122TPG-MOONLIT OCEAN | D8: t1-->t6
A9: A1000065607-B207 | B9: A010013450 | C9: 56" 210D NYLON 19-4007TPG-ANTHRACITE | D9: t1-->t6
A10: A1000065807-C009 | B10: A010003774 | C10: 58" 210D NYLON BLACK | D10: t1-->t6
A11: A1000075408-C057 | B11: A130000308 | C11: 54" 0.6MM #6700 NON WOVEN GRAY | D11: t1-->t6
A12: A1000085200-B175 | B12: A110007236 | C12: 52" BY130854AW MESH 19-3908TPG-NINE IRON | D12: t1-->t6
A13: A1000085200-B837 | B13: A110009313 | C13: 52" BY130854AW MESH 18-2326TPG-CACTUS FLOWER | D13: t1-->t6
... A2841: H200115A8-E245 | B2841: N010018697 | C2841: 20*38MM GORE-TEX,WOVEN,BOTTOM,LOOP(ELU7205L29) 419C/7403C/485C | D2841: t7-->t9
A2842: H30101507-0000 | B2842: V901019672 | C2842: 55.0*52.0*38.0CM HOKA CARTON SOLID 8(M'S) . | D2842: t7-->t9 | F2842: V901019672 | G2842: 55.0*52.0*38.0CM HOKA CARTON SOLID 8
A2843: H30126925-0000 | B2843: V901019677 | C2843: 55.0*41.0*36.0CM HOKA CARTON CARTON SOLID . | D2843: t7-->t9 | F2843: V901019677 | G2843: 55.0*41.0*36.0CM HOKA CARTON CARTON SOLID
A2844: H30127025-0000 | B2844: V901019673 | C2844: 57.0*41.0*37.0CM HOKA CARTON CARTON SOLID . | D2844: t7-->t9 | F2844: V901019673 | G2844: 57.0*41.0*37.0CM HOKA CARTON CARTON SOLID
A2845: H30127125-0000 | B2845: V901019674 | C2845: 55.0*28.0*36.0CM HOKA CARTON CARTON SOLID . | D2845: t7-->t9 | F2845: V901019674 | G2845: 55.0*28.0*36.0CM HOKA CARTON CARTON SOLID
A2846: H30127225-0000 | B2846: V901019675 | C2846: 57.0*28.0*37.0CM HOKA CARTON CARTON SOLID . | D2846: t7-->t9 | F2846: V901019675 | G2846: 57.0*28.0*37.0CM HOKA CARTON CARTON SOLID
A2847: J10012515-B172 | B2847: J030018357 | C2847: HARDNESS:63+/-2A HOKA-S19-010 M'S DURABRASION RUBBER OUTSOLE 18-0601TPG-CHARCOAL GRAY | D2847: t7-->t9
A2848: J10012515-B207 | B2848: J030018588 | C2848: HARDNESS:63+/-2A HOKA-S19-010 M'S DURABRASION RUBBER OUTSOLE 19-4007TPG-ANTHRACITE | D2848: t7-->t9
A2849: J10012515-B269 | B2849: J030019334 | C2849: HARDNESS:63+/-2A HOKA-S19-010 M'S DURABRASION RUBBER OUTSOLE 19-0712TPG-DEMITASSE | D2849: t7-->t9
A2850: J10012515-BD26 | B2850: J030018356 | C2850: HARDNESS:63+/-2A HOKA-S19-010 M'S DURABRASION RUBBER OUTSOLE 19-3921TPG-BLACK IRIS | D2850: t7-->t9
A2851: J10012515-BD27 | B2851: J030018355 | C2851: HARDNESS:63+/-2A HOKA-S19-010 M'S DURABRASION RUBBER OUTSOLE 19-3925TPG-PATRIOT BLUE | D2851: t7-->t9
A2852: J10012615-B172 | B2852: J030018364 | C2852: HARDNESS:63+/-2A HOKA-S19-020 M'S DURABRASION RUBBER OUTSOLE 18-0601TPG-CHARCOAL GRAY | D2852: t7-->t9
A2853: J10012715-B144 | B2853: J030018361 | C2853: HARDNESS:63+/-2A HOKA-S19-010 W'S DURABRASION RUBBER OUTSOLE 14-4201TPG-LUNAR ROCK | D2853: t7-->t9
A2854: J10012715-B188 | B2854: J030018804 | C2854: HARDNESS:63+/-2A HOKA-S19-010 W'S DURABRASION RUBBER OUTSOLE 19-0810TPG-MAJOR BROWN | D2854: t7-->t9
A2855: J10012715-B207 | B2855: J030018363 | C2855: HARDNESS:63+/-2A HOKA-S19-010 W'S DURABRASION RUBBER OUTSOLE 19-4007TPG-ANTHRACITE | D2855: t7-->t9
A2856: J10012715-BD26 | B2856: J030018362 | C2856: HARDNESS:63+/-2A HOKA-S19-010 W'S DURABRASION RUBBER OUTSOLE 19-3921TPG-BLACK IRIS | D2856: t7-->t9
A2857: J10014415-B144 | B2857: J030018365 | C2857: HARDNESS:63+/-2A HOKA-S19-020 W'S DURABRASION RUBBER OUTSOLE 14-4201TPG-LUNAR ROCK | D2857: t7-->t9
A2858: J10015108-B145 | B2858: J030015584 | C2858: HARDNESS:48+/-3C HOKA-S19-011 M'S INJECTINON DTL OUTSOLE 14-4203TPG-VAPOR BLUE | D2858: t7-->t9
... A3067: P20213011-CJ61 | B3067: O020000327 | C3067: 10-11# 0.5MM P373 THERMO PLASTIC(SPEEDGOAT MID 2 GTX) W'S ORIGINAL COLOR | D3067: t7-->t9
A3068: Q10003500-0000 | B3068: V901019671 | C3068: WPU-110 DAU KIM TINH NUOC . | D3068: t7-->t9 | F3068: V901019671 | G3068: WPU-110
A3069: Q10016900-0000 | B3069: V901019676 | C3069: CAO SU TỰ NHIÊN LATEX HA 60% . | D3069: t7-->t9 | F3069: V901019676 | G3069: CAO SU TU NHIEN LATEX 60%
A3070: A1000085200-BD51 | B3070: A110009890 | C3070: 52" BY130854AW MESH 19-4125TPG-MAJOLICA BLUE | D3070: t7-->t9
A3071: A1002544416-BE63 | B3071: A110009913 | C3071: 44" 220G FRS-223 MESH 17-4408TPG-LEAD | D3071: t7-->t9
A3072: A1002544416-BJ60 | B3072: A110008317 | C3072: 44" 220G FRS-223 MESH 16-3850TPG-SILVER SCONCE | D3072: t7-->t9
A3073: A1002594400-CJ61 | B3073: C010007140 | C3073: 44" 6OZ 1/2 CANVAS ORIGINAL COLOR | D3073: t7-->t9
A3074: A1002705494-B177 | B3074: A110008316 | C3074: 54" 550G GS18-107C OPEN SANDWICH MESH 17-0000TPG-FROST GRAY | D3074: t7-->t9
A3075: A10027348F6-D793 | B3075: A110009942 | C3075: 48" 480G+/-10G GS18-W675T MESH 17-1562TPG/17-1501TPG | D3075: t7-->t9
A3076: A10027348F6-D794 | B3076: A110009945 | C3076: 48" 480G+/-10G GS18-W675T MESH 16-1624TPG/17-1608TPG | D3076: t7-->t9
A3077: A10042258E6-BJ73 | B3077: A110009975 | C3077: 58" 315G WKS2576 DL BARB MESH 14-4615TPG-ANTIGUA SAND | D3077: t7-->t9
A3078: A1004265829-B179 | B3078: A110009951 | C3078: 58" 350G+/-10G GS19-406C MESH WITH PFC FREE NON-WICKING 18-0403TPG-DARK GULL GRAY | D3078: t7-->t9
A3079: A1004304231-B188 | B3079: A110009861 | C3079: 42" 400G FRA6291 MESH WITH PFC FREE NON-WICKING 19-0810TPG-MAJOR BROWN | D3079: t7-->t9
A3080: A1004304231-B207 | B3080: A110009859 | C3080: 42" 400G FRA6291 MESH WITH PFC FREE NON-WICKING 19-4007TPG-ANTHRACITE | D3080: t7-->t9
A3081: A100431A1E8-BD26 | B3081: A110009767 | C3081: 43" 410G FRA6477-2 MESH WITH PFC FREE NON-WICKING 19-3921TPG-BLACK IRIS | D3081: t7-->t9
... A3187: H200001D4-C148 | B3187: H100001531 | C3187: 370*1150MM HK-BS-WTP TISSUE WHITE | D3187: t7-->t9
A3188: H200114A2-0000 | B3188: V901019678 | C3188: 72.5*31.5CM HOKA CARDBOARD (757-A) . | D3188: t7-->t9 | E3188: PCE | F3188: V901019678 | G3188: 72.5*31.5CM HOKA CARDBOARD (757-A)
A3189: H200114A3-0000 | B3189: V901019679 | C3189: 48.5*31.5CM HOKA CARDBOARD (757-A) . | D3189: t7-->t9 | E3189: PCE | F3189: V901019679 | G3189: 48.5*31.5CM HOKA CARDBOARD (757-A)
A3190: H200114A4-0000 | B3190: V901019680 | C3190: 47.0*35.0CM HOKA CARDBOARD (757-A) . | D3190: t7-->t9 | E3190: PCE | F3190: V901019680 | G3190: 47.0*35.0CM HOKA CARDBOARD (757-A)
A3191: H200114A5-0000 | B3191: V901019681 | C3191: 25.0*35.0CM HOKA CARDBOARD (757-A) . | D3191: t7-->t9 | E3191: PCE | F3191: V901019681 | G3191: 25.0*35.0CM HOKA CARDBOARD (757-A)
A3192: H200114A6-0000 | B3192: V901019682 | C3192: 38.0*35.0CM HOKA CARDBOARD (757-A) . | D3192: t7-->t9 | E3192: PCE | F3192: V901019682 | G3192: 38.0*35.0CM HOKA CARDBOARD (757-A)
A3193: H30128925-0000 | B3193: V901019683 | C3193: 54.0*38.0*31.5CM HOKA CARTON CARTON SOLID . | D3193: t7-->t9 | E3193: PCE | F3193: V901019683 | G3193: 54.0*38.0*31.5CM HOKA CARTON CARTON SOLID
A3194: H30129025-0000 | B3194: V901019684 | C3194: 55.0*38.0*33.5CM HOKA CARTON CARTON SOLID . | D3194: t7-->t9 | E3194: PCE | F3194: V901019684 | G3194: 55.0*38.0*33.5CM HOKA CARTON CARTON SOLID
A3195: H30129125-0000 | B3195: V901019685 | C3195: 57.0*39.5*34.5CM HOKA CARTON CARTON SOLID . | D3195: t7-->t9 | E3195: PCE | F3195: V901019685 | G3195: 57.0*39.5*34.5CM HOKA CARTON CARTON SOLID
A3196: H30129625-0000 | B3196: V901019686 | C3196: 57.0*27.0*34.5CM HOKA CARTON CARTON SOLID . | D3196: t7-->t9 | E3196: PCE | F3196: V901019686 | G3196: 57.0*27.0*34.5CM HOKA CARTON CARTON SOLID
A3197: H30129925-0000 | B3197: V901019687 | C3197: 59.0*39.5*35.5CM HOKA CARTON CARTON SOLID . | D3197: t7-->t9 | E3197: PCE | F3197: V901019687 | G3197: 59.0*39.5*35.5CM HOKA CARTON CARTON SOLID
A3198: H30130025-0000 | B3198: V901019688 | C3198: 61.0*41.0*36.5CM HOKA CARTON CARTON SOLID . | D3198: t7-->t9 | E3198: PCE | F3198: V901019688 | G3198: 61.0*41.0*36.5CM HOKA CARTON CARTON SOLID
A3199: H30130125-0000 | B3199: V901019689 | C3199: 63.0*41.0*37.5CM HOKA CARTON CARTON SOLID . | D3199: t7-->t9 | E3199: PCE | F3199: V901019689 | G3199: 63.0*41.0*37.5CM HOKA CARTON CARTON SOLID
... A3202: H30130425-0000 | B3202: V901019692 | C3202: 65.0*29.0*38.5CM HOKA CARTON CARTON SOLID . | D3202: t7-->t9 | E3202: PCE | F3202: V901019692 | G3202: 65.0*29.0*38.5CM HOKA CARTON CARTON SOLID
A3203: J10009517-BC28 | B3203: J030018855 | C3203: HARDNESS:FF 55+/-2C,HEEL 48+/-2C HOKA-F18-003 W'S INFUSE CMEVA 14-4110TPG-HEATHER | D3203: t7-->t9
A3204: J10012615-B207 | B3204: J030018807 | C3204: HARDNESS:63+/-2A HOKA-S19-020 M'S DURABRASION RUBBER OUTSOLE 19-4007TPG-ANTHRACITE | D3204: t7-->t9
A3205: J10014415-B188 | B3205: J030018810 | C3205: HARDNESS:63+/-2A HOKA-S19-020 W'S DURABRASION RUBBER OUTSOLE 19-0810TPG-MAJOR BROWN | D3205: t7-->t9
A3206: J10015108-CJ53 | B3206: J030018697 | C3206: HARDNESS:48+/-3C HOKA-S19-011 M'S INJECTINON DTL OUTSOLE HOKA STANDARD WHITE | D3206: t7-->t9
A3207: J10016708-B163 | B3207: J030018858 | C3207: HARDNESS:48+/-3C HOKA-S19-017 M'S DUAL INJECTION DTL IMEVA 17-1501TPG-WILD DOVE | D3207: t7-->t9
A3208: J10020414-DA05 | B3208: J030018909 | C3208: HARDNESS:66-72A S1518 M'S MEGAGRIP BR5A VIBRAM HIGHABRASION RB O/S BASE/LOGOS 19-3925TPG/YELLOW | D3208: t7-->t9
A3209: J10221517-B144 | B3209: J030018954 | C3209: HARDNESS:FF 55+/-3C,HEEL 48+/-3C M'S HOKA-S20-004 INFUSE CM EVA 14-4201TPG-LUNAR ROCK | D3209: t7-->t9
A3210: J10221517-CJ53 | B3210: J030018951 | C3210: HARDNESS:FF 55+/-3C,HEEL 48+/-3C M'S HOKA-S20-004 INFUSE CM EVA HOKA STANDARD WHITE | D3210: t7-->t9
A3211: J10221608-B150 | B3211: J030018605 | C3211: HARDNESS:48+/-3C M'S HOKA-S20-005-1 BETTY FLY CM EVA MIDSOLE 16-4402TPG-DRIZZLE | D3211: t7-->t9
A3212: J10221608-B179 | B3212: J030018660 | C3212: HARDNESS:48+/-3C M'S HOKA-S20-005-1 BETTY FLY CM EVA MIDSOLE 18-0403TPG-DARK GULL GRAY | D3212: t7-->t9
A3213: J10221608-B207 | B3213: J030019344 | C3213: HARDNESS:48+/-3C M'S HOKA-S20-005-1 BETTY FLY CM EVA MIDSOLE 19-4007TPG-ANTHRACITE | D3213: t7-->t9
A3214: J10221608-B462 | B3214: J030018611 | C3214: HARDNESS:48+/-3C M'S HOKA-S20-005-1 BETTY FLY CM EVA MIDSOLE 12-0740TPG-LIMELIGHT | D3214: t7-->t9
... A3437: P20212711-CJ61 | B3437: I010000805 | C3437: 10-11# 50D+/-2 EVA INJECTION COUNTER: 18600-1 W'S ORIGINAL COLOR | D3437: t7-->t9
A3438: W10000331-0000 | B3438: V901019693 | C3438: 20*25 BOC NYLON MAU TRANG PE . | D3438: t7-->t9 | E3438: PCE | F3438: V901019693 | G3438: 20*25 BOC NYLON MAU TRANG PE
A3439: A1000085200-B586 | B3439: A110008326 | C3439: 52" BY130854AW MESH 15-1062TPG-GOLD FUSION | D3439: t7-->t9
A3440: A1000085200-BJ73 | B3440: A110009889 | C3440: 52" BY130854AW MESH 14-4615TPG-ANTIGUA SAND | D3440: t7-->t9
A3441: A1000155800-B586 | B3441: A110009893 | C3441: 58" FRB1600 MESH 15-1062TPG-GOLD FUSION | D3441: t7-->t9
A3442: A1000155800-BD51 | B3442: A110009895 | C3442: 58" FRB1600 MESH 19-4125TPG-MAJOLICA BLUE | D3442: t7-->t9
A3443: A1000155800-BJ73 | B3443: A110009894 | C3443: 58" FRB1600 MESH 14-4615TPG-ANTIGUA SAND | D3443: t7-->t9
A3444: A1002745895-B707 | B3444: A110009943 | C3444: 58" 340G FRS209-1 MESH 16-1624TPG-LANTANA | D3444: t7-->t9
A3445: A1002835487-B150 | B3445: A110009954 | C3445: 54" 260G GS-DA1470 MESH 16-4402TPG-DRIZZLE | D3445: t7-->t9
A3446: A10039958D9-B171 | B3446: A110009961 | C3446: 58" 280G+/-20G FE607 MESH 100% RECYCLED POLYESTER 18-0201TPG-CASTLEROCK | D3446: t7-->t9
A3447: A10039958D9-B271 | B3447: A110009959 | C3447: 58" 280G+/-20G FE607 MESH 100% RECYCLED POLYESTER 19-0912TPG-CHOCOLATE BROWN | D3447: t7-->t9
A3448: A10039958D9-BD28 | B3448: A110009960 | C3448: 58" 280G+/-20G FE607 MESH 100% RECYCLED POLYESTER 19-4023TPG-BLUE NIGHTS | D3448: t7-->t9
A3449: A10039958D9-C009 | B3449: A110009958 | C3449: 58" 280G+/-20G FE607 MESH 100% RECYCLED POLYESTER BLACK | D3449: t7-->t9
A3450: A1004005805-D906 | B3450: A010018398 | C3450: 58" 300G SH-5624R+PFC FREE NON-WICKING 19-0809TPG/19-4007TPG | D3450: t7-->t9
... A3564: H20011614-CJ57 | B3564: L090001497 | C3564: 60*65MM HKS20-BS-CS-MW ADHESIVE LABEL WHITE BASE W/BLACK WORD | D3564: t7-->t9
A3565: H30128825-0000 | B3565: V901019694 | C3565: 52.0*36.5*30.5CM HOKA CARTON CARTON SOLID . | D3565: t7-->t9 | E3565: PCE | F3565: V901019694 | G3565: 52.0*36.5*30.5CM HOKA CARTON CARTON SOLID
A3566: H30129225-0000 | B3566: V901019695 | C3566: 59.0*41.0*35.5CM HOKA CARTON CARTON SOLID . | D3566: t7-->t9 | E3566: PCE | F3566: V901019695 | G3566: 59.0*41.0*35.5CM HOKA CARTON CARTON SOLID
A3567: H30129325-0000 | B3567: V901019696 | C3567: 62.0*41.0*36.5CM HOKA CARTON CARTON SOLID . | D3567: t7-->t9 | E3567: PCE | F3567: V901019696 | G3567: 62.0*41.0*36.5CM HOKA CARTON CARTON SOLID
A3568: H30129425-0000 | B3568: V901019697 | C3568: 65.0*42.5*38.0CM HOKA CARTON CARTON SOLID . | D3568: t7-->t9 | E3568: PCE | F3568: V901019697 | G3568: 65.0*42.5*38.0CM HOKA CARTON CARTON SOLID
A3569: H30129825-0000 | B3569: V901019698 | C3569: 65.0*29.0*38.0CM HOKA CARTON CARTON SOLID . | D3569: t7-->t9 | E3569: PCE | F3569: V901019698 | G3569: 65.0*29.0*38.0CM HOKA CARTON CARTON SOLID
A3570: H30130525-0000 | B3570: V901019699 | C3570: 63.0*52.0*36.0CM HOKA CARTON CARTON SOLID . | D3570: t7-->t9 | E3570: PCE | F3570: V901019699 | G3570: 63.0*52.0*36.0CM HOKA CARTON CARTON SOLID
A3571: H30130625-0000 | B3571: V901019700 | C3571: 67.5*50.0*30.5CM HOKA CARTON CARTON SOLID . | D3571: t7-->t9 | E3571: PCE | F3571: V901019700 | G3571: 67.5*50.0*30.5CM HOKA CARTON CARTON SOLID
A3572: H30130725-0000 | B3572: V901019701 | C3572: 72.0*52.0*32.5CM HOKA CARTON CARTON SOLID . | D3572: t7-->t9 | E3572: PCE | F3572: V901019701 | G3572: 72.0*52.0*32.5CM HOKA CARTON CARTON SOLID
A3573: H30130825-0000 | B3573: V901019702 | C3573: 75.0*52.0*34.0CM HOKA CARTON CARTON SOLID . | D3573: t7-->t9 | E3573: PCE | F3573: V901019702 | G3573: 75.0*52.0*34.0CM HOKA CARTON CARTON SOLID
A3574: H30131025-0000 | B3574: V901019703 | C3574: 51.0*27.0*34.0CM HOKA CARTON CARTON SOLID . | D3574: t7-->t9 | E3574: PCE | F3574: V901019703 | G3574: 51.0*27.0*34.0CM HOKA CARTON CARTON SOLID
A3575: H30131525-0000 | B3575: V901019704 | C3575: 65.5*48.0*32.5CM HOKA CARTON CARTON SOLID . | D3575: t7-->t9 | E3575: PCE | F3575: V901019704 | G3575: 65.5*48.0*32.5CM HOKA CARTON CARTON SOLID
A3576: H30131625-0000 | B3576: V901019705 | C3576: 65.5*50.0*34.0CM HOKA CARTON CARTON SOLID . | D3576: t7-->t9 | E3576: PCE | F3576: V901019705 | G3576: 65.5*50.0*34.0CM HOKA CARTON CARTON SOLID
... A3578: H30131825-0000 | B3578: V901019707 | C3578: 53.0*28.0*35.5CM HOKA CARTON CARTON SOLID . | D3578: t7-->t9 | E3578: PCE | F3578: V901019707 | G3578: 53.0*28.0*35.5CM HOKA CARTON CARTON SOLID
...

Sheet MSVT T1-T9 OK
A1: STT | B1: 飛越料號 | C1: 飛越材料名稱 | D1: 來億料號 | E1: 利庫
A2: 1 | B2: A1000025402-B177 | C2: 54" 320G GS-VN0058 MESH 17-0000TPG-FROST GRAY | D2: A110008055 | E2: =VLOOKUP(D2,'10Buy'!$A$2:$C$1000,1,FALSE) -> #N/A
A3: 2 | B3: A1000025402-BC16 | C3: 54" 320G GS-VN0058 MESH 19-3933TPG-MEDIEVAL BLUE | D3: A110008057 | E3: =VLOOKUP(D3,'10Buy'!$A$2:$C$1000,1,FALSE) -> #N/A
A4: 3 | B4: A1000025402-BC43 | C4: 54" 320G GS-VN0058 MESH 15-3920TPG-PLACID BLUE | D4: A110009231 | E4: =VLOOKUP(D4,'10Buy'!$A$2:$C$1000,1,FALSE) -> #N/A
A5: 4 | B5: A1000025402-BD27 | C5: 54" 320G GS-VN0058 MESH 19-3925TPG-PATRIOT BLUE | D5: A110008061 | E5: =VLOOKUP(D5,'10Buy'!$A$2:$C$1000,1,FALSE) -> #N/A
A6: 5 | B6: A1000025402-CJ53 | C6: 54" 320G GS-VN0058 MESH HOKA STANDARD WHITE | D6: A110009258 | E6: =VLOOKUP(D6,'10Buy'!$A$2:$C$1000,1,FALSE) -> #N/A
A7: 6 | B7: A1000034423-C0090001 | C7: 44" 20G TRICOT BLACK+44" 4MM KF329 FOAM+ADHESIVE BLACK | D7: P180000106 | E7: =VLOOKUP(D7,'10Buy'!$A$2:$C$1000,1,FALSE) -> #N/A
A8: 7 | B8: A1000034423-C0090002 | C8: 44" 20G TRICOT BLACK+44" 4MM KF329 FOAM BLACK+44" 20G TRICOT BLACK | D8: P180000166 | E8: =VLOOKUP(D8,'10Buy'!$A$2:$C$1000,1,FALSE) -> #N/A
A9: 8 | B9: A1000034423-C1480002 | C9: 44" 20G TRICOT WHITE+44" 4MM KF329 FOAM+ADHESIVE PIN-BLUE | D9: P180000165 | E9: =VLOOKUP(D9,'10Buy'!$A$2:$C$1000,1,FALSE) -> #N/A
A10: 9 | B10: A1000034423-CJ650001 | C10: 44" 20G TRICOT 2059-WHITE+44" 4MM KF329 FOAM PIN-BLUE+ADHESIVE | D10: P180000107 | E10: =VLOOKUP(D10,'10Buy'!$A$2:$C$1000,1,FALSE) -> #N/A
A11: 10 | B11: A1000035423-C009 | C11: 54" 20G TRICOT BLACK | D11: A080000112 | E11: =VLOOKUP(D11,'10Buy'!$A$2:$C$1000,1,FALSE) -> #N/A
A12: 11 | B12: A1000046104-B743 | C12: 61" 245G FRA5903 16-1451TPG-NASTURTIUM | D12: A110008062 | E12: =VLOOKUP(D12,'10Buy'!$A$2:$C$1000,1,FALSE) -> #N/A
A13: 12 | B13: A1000046104-BC16 | C13: 61" 245G FRA5903 19-3933TPG-MEDIEVAL BLUE | D13: A110008058 | E13: =VLOOKUP(D13,'10Buy'!$A$2:$C$1000,1,FALSE) -> #N/A
... A3718: 3717 | B3718: W10000331-0000 | C3718: 20*25 BOC NYLON MAU TRANG PE . | D3718: V901019693 | E3718: =VLOOKUP(D3718,'10Buy'!$A$2:$C$1000,1,FALSE) -> #N/A

Sheet 10Buy
A1: 料號 | B1: 材料描述
A2: A070000280 | B2: 58" 300G HMTOP-220 LYCRA 19-0419TPG-RIFLE GREEN
A3: A070000297 | B3: 58" 300G HMTOP-220 LYCRA 18-0435TPG-CALLA GREEN
