Workbook

Sheet 目   錄
A1: 2017年綜合報表目錄
A2: 序號 | B2: 項目 | C2: 備注
A3: 1 | B3: 1.月份產能總表
A4: 2 | B4: 2.1年度品牌報表
B5: 2.2月份預計出貨數量
A6: 3 | B6: 3-1.人員刷卡出勤
B7: 3.2.A1廠人均時產能-針車
B8: 3.3.A2廠人均時產能-針車
B9: 3.4.A1廠人均時產能-成型
B10: 3.5.A2廠人均時產能-成型
B11: 3.6.A廠總計產能
B12: 3.7.A廠人員分攤POH產能
A13: 5 | B13: 5.1.全廠線均產能

Sheet 1.月份產能總表
A1: 回到首頁
A2: 2017年度03月份產量達成狀況明細表
A3: 單位項目 | C3: 總計 | D3: 日平均 | E3: 1 | F3: 2 | G3: 3 | H3: 4 | I3: 5 | J3: 6 | K3: 7 | L3: 8 | M3: 9 | N3: 10 | O3: 11 | P3: 12 | Q3: 13 | R3: 14 | S3: 15 | T3: 16 | U3: 17 | V3: 18 | W3: 19 | X3: 20 | Y3: 21 | Z3: 22 | AA3: 23 | AB3: 24 | AC3: 25 | AD3: 26 | AE3: 27 | AF3: 28 | AG3: 29 | AH3: 30 | AI3: 31
A4: A1廠成型 | B4: 標準產量 | C4: 654880 | D4: 36382.2 | E4: 37232 | F4: 37024 | G4: 37520 | H4: 37216 | J4: 36968 | K4: 36856 | L4: 37312 | M4: 36976 | N4: 37048 | O4: 37040 | Q4: 36880 | R4: 37128 | S4: 36536 | T4: 35920 | U4: 35256 | V4: 34600 | X4: 34024 | Y4: 33344
B5: 目標產量 | C5: 592900 | D5: 32938.9 | E5: 33220 | F5: 34720 | G5: 35240 | H5: 35240 | J5: 34900 | K5: 34900 | L5: 35200 | M5: 35020 | N5: 35020 | O5: 34160 | Q5: 34480 | R5: 33600 | S5: 33440 | T5: 30700 | U5: 30260 | V5: 29720 | X5: 26460 | Y5: 26620 | Z5: 26840 | AA5: 27840 | AB5: 28180 | AC5: 27820 | AE5: 26964 | AF5: 27624 | AG5: 28272 | AH5: 28272 | AI5: 28272
B6: 實際產量 | C6: 582898 | D6: 32383.2 | E6: 32950 | F6: 35030 | G6: 35346 | H6: 35509 | J6: 36824 | K6: 35486 | L6: 34787 | M6: 33670 | N6: 34263 | O6: 33989 | Q6: 34078 | R6: 30035 | S6: 31537 | T6: 30298 | U6: 30450 | V6: 29240 | X6: 24522 | Y6: 24884
B7: 目標與實際差異 | C7: -10002 | D7: -555.7 | E7: -270 | F7: 310 | G7: 106 | H7: 269 | J7: 1924 | K7: 586 | L7: -413 | M7: -1350 | N7: -757 | O7: -171 | Q7: -402 | R7: -3565 | S7: -1903 | T7: -402 | U7: 190 | V7: -480 | X7: -1938 | Y7: -1736
B8: 標準與實際差異 | C8: -71982 | D8: -3999 | E8: -4282 | F8: -1994 | G8: -2174 | H8: -1707 | J8: -144 | K8: -1370 | L8: -2525 | M8: -3306 | N8: -2785 | O8: -3051 | Q8: -2802 | R8: -7093 | S8: -4999 | T8: -5622 | U8: -4806 | V8: -5360 | X8: -9502 | Y8: -8460
B9: 目標與實際達成率 | C9: 98 | D9: 98 | E9: 99 | F9: 100 | G9: 100 | H9: 100 | J9: 105 | K9: 101 | L9: 98 | M9: 96 | N9: 97 | O9: 99 | Q9: 98 | R9: 89 | S9: 94 | T9: 98 | U9: 100 | V9: 98 | X9: 92 | Y9: 93 | Z9: 0 | AA9: 0 | AB9: 0 | AC9: 0 | AE9: 0 | AF9: 0 | AG9: 0 | AH9: 0 | AI9: 0
B10: 標準與實際達成率 | C10: 89 | D10: 89 | E10: 88 | F10: 94 | G10: 94 | H10: 95 | J10: 99 | K10: 96 | L10: 93 | M10: 91 | N10: 92 | O10: 91 | Q10: 92 | R10: 80 | S10: 86 | T10: 84 | U10: 86 | V10: 84 | X10: 72 | Y10: 74
A11: A2廠成型 | B11: 標準產量 | C11: 528440 | D11: 29357.8 | E11: 29712 | F11: 29984 | G11: 29896 | H11: 29776 | J11: 30040 | K11: 30200 | L11: 30000 | M11: 29960 | N11: 29920 | O11: 29920 | Q11: 29576 | R11: 29128 | S11: 29016 | T11: 28536 | U11: 28512 | V11: 28320 | X11: 28120 | Y11: 27824
B12: 目標產量 | C12: 485660 | D12: 26981.1 | E12: 27860 | F12: 26750 | G12: 27790 | H12: 28520 | J12: 28520 | K12: 28520 | L12: 28520 | M12: 28000 | N12: 28440 | O12: 27200 | Q12: 26300 | R12: 27000 | S12: 24620 | T12: 25380 | U12: 26520 | V12: 26020 | X12: 25360 | Y12: 24340 | Z12: 24870 | AA12: 25210 | AB12: 26000 | AC12: 25440 | AE12: 25840 | AF12: 24990 | AG12: 24470 | AH12: 24480 | AI12: 24640
B13: 實際產量 | C13: 483687 | D13: 26871.5 | E13: 27860 | F13: 26864 | G13: 27570 | H13: 28474 | J13: 28520 | K13: 28520 | L13: 28522 | M13: 26520 | N13: 28104 | O13: 27031 | Q13: 26680 | R13: 26960 | S13: 24388 | T13: 25136 | U13: 26510 | V13: 26079 | X13: 25430 | Y13: 24519
B14: 目標與實際差異 | C14: -1973 | D14: -109.6 | E14: 0 | F14: 114 | G14: -220 | H14: -46 | J14: 0 | K14: 0 | L14: 2 | M14: -1480 | N14: -336 | O14: -169 | Q14: 380 | R14: -40 | S14: -232 | T14: -244 | U14: -10 | V14: 59 | X14: 70 | Y14: 179
B15: 標準與實際差異 | C15: -44753 | D15: -2486.3 | E15: -1852 | F15: -3120 | G15: -2326 | H15: -1302 | J15: -1520 | K15: -1680 | L15: -1478 | M15: -3440 | N15: -1816 | O15: -2889 | Q15: -2896 | R15: -2168 | S15: -4628 | T15: -3400 | U15: -2002 | V15: -2241 | X15: -2690 | Y15: -3305
B16: 目標與實際達成率 | C16: 99 | D16: 99 | E16: 100 | F16: 100 | G16: 99 | H16: 99 | J16: 100 | K16: 100 | L16: 100 | M16: 94 | N16: 98 | O16: 99 | Q16: 101 | R16: 99 | S16: 99 | T16: 99 | U16: 99 | V16: 100 | X16: 100 | Y16: 100 | Z16: 0 | AA16: 0 | AB16: 0 | AC16: 0 | AE16: 0 | AF16: 0 | AG16: 0 | AH16: 0 | AI16: 0
B17: 標準與實際達成率 | C17: 91 | D17: 91 | E17: 93 | F17: 89 | G17: 92 | H17: 95 | J17: 94 | K17: 94 | L17: 95 | M17: 88 | N17: 93 | O17: 90 | Q17: 90 | R17: 92 | S17: 84 | T17: 88 | U17: 92 | V17: 92 | X17: 90 | Y17: 88
A18: A1廠BB鞋 | B18: 標準產量 | C18: 43808 | D18: 2433.8 | E18: 2480 | F18: 2480 | G18: 2480 | H18: 2480 | J18: 2480 | K18: 2480 | L18: 2480 | M18: 2480 | N18: 2480 | O18: 2480 | Q18: 2480 | R18: 2480 | S18: 2480 | T18: 2480 | U18: 2480 | V18: 2480 | X18: 2272 | Y18: 1856
B19: 目標產量 | C19: 40440 | D19: 2246.7 | E19: 2400 | F19: 2400 | G19: 2400 | H19: 2400 | J19: 2400 | K19: 2400 | L19: 2400 | M19: 2400 | N19: 2400 | O19: 2400 | Q19: 2400 | R19: 2400 | S19: 2400 | T19: 2400 | U19: 2400 | V19: 2400 | X19: 1020 | Y19: 1020 | Z19: 1360 | AA19: 1360 | AB19: 1360 | AC19: 1360 | AE19: 1360 | AF19: 1360 | AG19: 1360 | AH19: 1360 | AI19: 1360
B20: 實際產量 | C20: 41040 | D20: 2280 | E20: 2000 | F20: 2500 | G20: 2500 | H20: 2600 | J20: 4000 | K20: 3100 | L20: 2400 | M20: 2400 | N20: 2400 | O20: 2400 | Q20: 2400 | R20: 1700 | S20: 2000 | T20: 1800 | U20: 2400 | V20: 2400 | X20: 1020 | Y20: 1020
B21: 目標與實際差異 | C21: 600 | D21: 33.3 | E21: -400 | F21: 100 | G21: 100 | H21: 200 | J21: 1600 | K21: 700 | L21: 0 | M21: 0 | N21: 0 | O21: 0 | Q21: 0 | R21: -700 | S21: -400 | T21: -600 | U21: 0 | V21: 0 | X21: 0 | Y21: 0
B22: 標準與實際差異 | C22: -2768 | D22: -153.8 | E22: -480 | F22: 20 | G22: 20 | H22: 120 | J22: 1520 | K22: 620 | L22: -80 | M22: -80 | N22: -80 | O22: -80 | Q22: -80 | R22: -780 | S22: -480 | T22: -680 | U22: -80 | V22: -80 | X22: -1252 | Y22: -836
B23: 目標與實際達成率 | C23: 101 | D23: 101 | E23: 83 | F23: 104 | G23: 104 | H23: 108 | J23: 166 | K23: 129 | L23: 100 | M23: 100 | N23: 100 | O23: 100 | Q23: 100 | R23: 70 | S23: 83 | T23: 75 | U23: 100 | V23: 100 | X23: 100 | Y23: 100 | Z23: 0 | AA23: 0 | AB23: 0 | AC23: 0 | AE23: 0 | AF23: 0 | AG23: 0 | AH23: 0 | AI23: 0
B24: 標準與實際達成率 | C24: 93 | D24: 93 | E24: 80 | F24: 100 | G24: 100 | H24: 104 | J24: 161 | K24: 125 | L24: 96 | M24: 96 | N24: 96 | O24: 96 | Q24: 96 | R24: 68 | S24: 80 | T24: 72 | U24: 96 | V24: 96 | X24: 44 | Y24: 54
A25: A廠區小計 | B25: 標準產量 | C25: 1227128 | D25: 68173.8 | E25: 69424 | F25: 69488 | G25: 69896 | H25: 69472 | J25: 69488 | K25: 69536 | L25: 69792 | M25: 69416 | N25: 69448 | O25: 69440 | Q25: 68936 | R25: 68736 | S25: 68032 | T25: 66936 | U25: 66248 | V25: 65400 | X25: 64416 | Y25: 63024
B26: 目標產量 | C26: 1119000 | D26: 62166.7 | E26: 63480 | F26: 63870 | G26: 65430 | H26: 66160 | J26: 65820 | K26: 65820 | L26: 66120 | M26: 65420 | N26: 65860 | O26: 63760 | Q26: 63180 | R26: 63000 | S26: 60460 | T26: 58480 | U26: 59180 | V26: 58140 | X26: 52840 | Y26: 51980 | Z26: 53070 | AA26: 54410 | AB26: 55540 | AC26: 54620 | AE26: 54164 | AF26: 53974 | AG26: 54102 | AH26: 54112 | AI26: 54272
B27: 實際產量 | C27: 1107625 | D27: 61534.7 | E27: 62810 | F27: 64394 | G27: 65416 | H27: 66583 | J27: 69344 | K27: 67106 | L27: 65709 | M27: 62590 | N27: 64767 | O27: 63420 | Q27: 63158 | R27: 58695 | S27: 57925 | T27: 57234 | U27: 59360 | V27: 57719 | X27: 50972 | Y27: 50423
B28: 目標與實際差異 | C28: -11375 | D28: -632 | E28: -670 | F28: 524 | G28: -14 | H28: 423 | J28: 3524 | K28: 1286 | L28: -411 | M28: -2830 | N28: -1093 | O28: -340 | Q28: -22 | R28: -4305 | S28: -2535 | T28: -1246 | U28: 180 | V28: -421 | X28: -1868 | Y28: -1557
B29: 標準與實際差異 | C29: -119503 | D29: -6639.1 | E29: -6614 | F29: -5094 | G29: -4480 | H29: -2889 | J29: -144 | K29: -2430 | L29: -4083 | M29: -6826 | N29: -4681 | O29: -6020 | Q29: -5778 | R29: -10041 | S29: -10107 | T29: -9702 | U29: -6888 | V29: -7681 | X29: -13444 | Y29: -12601
B30: 目標與實際達成率 | C30: 98 | D30: 98 | E30: 98 | F30: 100 | G30: 99 | H30: 100 | J30: 105 | K30: 101 | L30: 99 | M30: 95 | N30: 98 | O30: 99 | Q30: 99 | R30: 93 | S30: 95 | T30: 97 | U30: 100 | V30: 99 | X30: 96 | Y30: 97 | Z30: 0 | AA30: 0 | AB30: 0 | AC30: 0 | AE30: 0 | AF30: 0 | AG30: 0 | AH30: 0 | AI30: 0
B31: 標準與實際達成率 | C31: 90 | D31: 90 | E31: 90 | F31: 92 | G31: 93 | H31: 95 | J31: 99 | K31: 96 | L31: 94 | M31: 90 | N31: 93 | O31: 91 | Q31: 91 | R31: 85 | S31: 85 | T31: 85 | U31: 89 | V31: 88 | X31: 79 | Y31: 80

Sheet 2.1年度品牌報表
A1: 回到首頁
A2: 2017年度品牌接單生產報表-每天更新（以月份訂單統計）
A3: 品牌 | B3: 項目 | C3: 01月 | D3: 02月 | E3: 03月 | F3: 04月 | G3: 05月 | H3: 06月 | I3: 07月 | J3: 08月 | K3: 09月 | L3: 10月 | M3: 11月 | N3: 12月 | O3: 小計
A4: CONS外銷 | B4: 接單雙數 | C4: 923173 | D4: 930123 | E4: 1522093 | F4: 1788564 | G4: 1046594 | H4: 587937 | I4: 91056 | J4: 540 | K4: 0 | L4: 0 | M4: 0 | N4: 0 | O4: 6890080
B5: 完成雙數 | C5: 126310 | D5: 225104 | E5: 140154 | F5: 0 | G5: 0 | H5: 0 | I5: 0 | J5: 0 | K5: 0 | L5: 0 | M5: 0 | N5: 0 | O5: 491568
B6: 提前生產 | C6: 796863 | D6: 705019 | E6: 1380270 | F6: 1004636 | G6: 101846 | H6: 26148 | I6: 0 | J6: 0 | K6: 0 | L6: 0 | M6: 0 | N6: 0 | O6: 4014782
B7: 欠數 | C7: 0 | D7: 0 | E7: 1669 | F7: 783928 | G7: 944748 | H7: 561789 | I7: 91056 | J7: 540 | K7: 0 | L7: 0 | M7: 0 | N7: 0 | O7: 2383730
A8: CONS內銷 | B8: 接單雙數 | C8: 14280 | D8: 14520 | E8: 960 | F8: 7620 | G8: 16140 | H8: 11160 | I8: 0 | J8: 0 | K8: 0 | L8: 0 | M8: 0 | N8: 0 | O8: 64680
B9: 完成雙數 | C9: 1847 | D9: 1164 | E9: 960 | F9: 0 | G9: 0 | H9: 0 | I9: 0 | J9: 0 | K9: 0 | L9: 0 | M9: 0 | N9: 0 | O9: 3971
B10: 提前生產 | C10: 12433 | D10: 9985 | E10: 0 | F10: 7620 | G10: 10256 | H10: 0 | I10: 0 | J10: 0 | K10: 0 | L10: 0 | M10: 0 | N10: 0 | O10: 40294
B11: 欠數 | C11: 0 | D11: 3371 | E11: 0 | F11: 0 | G11: 5884 | H11: 11160 | I11: 0 | J11: 0 | K11: 0 | L11: 0 | M11: 0 | N11: 0 | O11: 20415
A13: 備註：

Sheet 2.2月份預計出貨數量
A1: 回到首頁
A2: 各品牌月份預計出貨
A3: 3月份 | B3: 出貨階段 | C3: Total | D3: 1 | E3: 2 | F3: 3 | G3: 4 | H3: 6 | I3: 7 | J3: 8 | K3: 9 | L3: 10 | M3: 11 | N3: 13 | O3: 14 | P3: 15 | Q3: 16 | R3: 17 | S3: 18 | T3: 19 | U3: 20 | V3: 21 | W3: 22 | X3: 23 | Y3: 24 | Z3: 25 | AA3: 26 | AB3: 27 | AC3: 28 | AD3: 30 | AE3: 31
B4: 客人
A5: Converse | B5: 預計出貨數 | C5: 1523053 | D5: 19608 | F5: 6876 | G5: 23004 | I5: 46276 | J5: 8204 | K5: 30864 | L5: 209574 | O5: 1224 | P5: 47964 | Q5: 222996 | R5: 356583 | S5: 16968 | T5: 264 | U5: 9977 | V5: 3060 | W5: 3588 | X5: 3600 | Y5: 124884 | Z5: 6036 | AA5: 156 | AB5: 346551 | AC5: 2210 | AD5: 20544 | AE5: 12042
B6: 實際出貨數 | C6: 1007922 | D6: 2040 | E6: 31656 | F6: 16488 | G6: 5412 | H6: 27588 | I6: 34360 | J6: 239526 | K6: 5796 | L6: 7788 | M6: 7908 | N6: 15612 | P6: 193500 | Q6: 169080 | R6: 55635 | S6: 1914 | U6: 24227 | V6: 169392
B7: 差異數 | C7: 76796 | D7: 17568 | F7: -9612 | G7: 17592 | I7: 11916 | J7: -231322 | K7: 25068 | L7: 201786 | P7: -145536 | Q7: 53916 | R7: 300948 | S7: 15054 | U7: -14250 | V7: -166332

Sheet 3-1.人員刷卡出勤
A1: 回到首頁
A2: 03月人事刷卡出勤報表
A3: 廠別 | B3: 項目 | C3: 1 | D3: 2 | E3: 3 | F3: 4 | G3: 5 | H3: 6 | I3: 7 | J3: 8 | K3: 9 | L3: 10 | M3: 11 | N3: 12 | O3: 13 | P3: 14 | Q3: 15 | R3: 16 | S3: 17 | T3: 18 | U3: 19 | V3: 20 | W3: 21 | X3: 22 | Y3: 23 | Z3: 24 | AA3: 25 | AB3: 26 | AC3: 27 | AD3: 28 | AE3: 29 | AF3: 30 | AG3: 31
A4: 總計 | B4: 刷卡總數 | C4: 19495 | D4: 19516 | E4: 19427 | F4: 15899 | G4: 58 | H4: 18884 | I4: 19260 | J4: 19245 | K4: 19277 | L4: 19326 | M4: 19097 | N4: 61 | O4: 19146 | P4: 19548 | Q4: 19565 | R4: 19437 | S4: 19584 | T4: 19322 | U4: 111 | V4: 19378 | W4: 19422 | X4: 19661 | Y4: 19625 | Z4: 19624 | AA4: 708 | AB4: 0
B5: 刷卡直工 | C5: 16234 | D5: 16240 | E5: 16157 | F5: 13059 | G5: 0 | H5: 15700 | I5: 16027 | J5: 16028 | K5: 16055 | L5: 16084 | M5: 15928 | N5: 0 | O5: 15979 | P5: 16280 | Q5: 16309 | R5: 16211 | S5: 16368 | T5: 16178 | U5: 0 | V5: 16210 | W5: 16256 | X5: 16470 | Y5: 16448 | Z5: 16450 | AA5: 569 | AB5: 0
B6: 刷卡間工 | C6: 3260 | D6: 3275 | E6: 3268 | F6: 2838 | G6: 58 | H6: 3182 | I6: 3231 | J6: 3213 | K6: 3218 | L6: 3238 | M6: 3165 | N6: 61 | O6: 3163 | P6: 3264 | Q6: 3252 | R6: 3222 | S6: 3212 | T6: 3140 | U6: 111 | V6: 3164 | W6: 3162 | X6: 3188 | Y6: 3173 | Z6: 3170 | AA6: 139 | AB6: 0
A7: VP | B7: 刷卡總數 | C7: 427 | D7: 432 | E7: 432 | F7: 415 | G7: 58 | H7: 423 | I7: 424 | J7: 417 | K7: 417 | L7: 429 | M7: 408 | N7: 61 | O7: 419 | P7: 434 | Q7: 427 | R7: 431 | S7: 408 | T7: 386 | U7: 111 | V7: 397 | W7: 390 | X7: 398 | Y7: 395 | Z7: 397 | AA7: 50
B8: 刷卡直工 | C8: 0 | D8: 0 | E8: 0 | F8: 0 | G8: 0 | H8: 0 | I8: 0 | J8: 0 | K8: 0 | L8: 0 | M8: 0 | N8: 0 | O8: 0 | P8: 0 | Q8: 0 | R8: 0 | S8: 0 | T8: 0 | U8: 0 | V8: 0 | W8: 0 | X8: 0 | Y8: 0 | Z8: 1 | AA8: 0
B9: 刷卡間工 | C9: 427 | D9: 432 | E9: 432 | F9: 415 | G9: 58 | H9: 423 | I9: 424 | J9: 417 | K9: 417 | L9: 429 | M9: 408 | N9: 61 | O9: 419 | P9: 434 | Q9: 427 | R9: 431 | S9: 408 | T9: 386 | U9: 111 | V9: 397 | W9: 390 | X9: 398 | Y9: 395 | Z9: 396 | AA9: 50
A10: R3 | B10: 刷卡總數 | C10: 564 | D10: 570 | E10: 565 | F10: 559 | G10: 0 | H10: 557 | I10: 558 | J10: 560 | K10: 561 | L10: 570 | M10: 561 | N10: 0 | O10: 560 | P10: 564 | Q10: 561 | R10: 559 | S10: 560 | T10: 558 | U10: 0 | V10: 550 | W10: 547 | X10: 553 | Y10: 556 | Z10: 556 | AA10: 144 | AB10: 0
B11: 刷卡直工 | C11: 444 | D11: 449 | E11: 443 | F11: 440 | G11: 0 | H11: 437 | I11: 440 | J11: 440 | K11: 440 | L11: 447 | M11: 445 | N11: 0 | O11: 438 | P11: 441 | Q11: 439 | R11: 439 | S11: 439 | T11: 441 | U11: 0 | V11: 436 | W11: 431 | X11: 438 | Y11: 442 | Z11: 439 | AA11: 124 | AB11: 0
B12: 刷卡間工 | C12: 120 | D12: 121 | E12: 122 | F12: 119 | G12: 0 | H12: 120 | I12: 118 | J12: 120 | K12: 121 | L12: 123 | M12: 116 | N12: 0 | O12: 122 | P12: 123 | Q12: 122 | R12: 120 | S12: 121 | T12: 117 | U12: 0 | V12: 114 | W12: 116 | X12: 115 | Y12: 114 | Z12: 117 | AA12: 20 | AB12: 0
A13: R2 | B13: 刷卡總數 | C13: 239 | D13: 241 | E13: 238 | F13: 235 | G13: 0 | H13: 232 | I13: 236 | J13: 234 | K13: 232 | L13: 236 | M13: 232 | N13: 0 | O13: 236 | P13: 238 | Q13: 242 | R13: 238 | S13: 241 | T13: 222 | U13: 0 | V13: 241 | W13: 236 | X13: 243 | Y13: 239 | Z13: 236 | AA13: 77
B14: 刷卡直工 | C14: 193 | D14: 195 | E14: 191 | F14: 188 | G14: 0 | H14: 184 | I14: 189 | J14: 187 | K14: 186 | L14: 187 | M14: 185 | N14: 0 | O14: 190 | P14: 189 | Q14: 194 | R14: 190 | S14: 193 | T14: 176 | U14: 0 | V14: 193 | W14: 190 | X14: 195 | Y14: 191 | Z14: 188 | AA14: 59
B15: 刷卡間工 | C15: 46 | D15: 46 | E15: 47 | F15: 47 | G15: 0 | H15: 48 | I15: 47 | J15: 47 | K15: 46 | L15: 49 | M15: 47 | N15: 0 | O15: 46 | P15: 49 | Q15: 48 | R15: 48 | S15: 48 | T15: 46 | U15: 0 | V15: 48 | W15: 46 | X15: 48 | Y15: 48 | Z15: 48 | AA15: 18
A16: R1 | B16: 刷卡總數 | C16: 14 | D16: 14 | E16: 14 | F16: 14 | G16: 0 | H16: 14 | I16: 13 | J16: 13 | K16: 13 | L16: 13 | M16: 13 | N16: 0 | O16: 12 | P16: 13 | Q16: 13 | R16: 12 | S16: 14 | T16: 14 | U16: 0 | V16: 14 | W16: 13 | X16: 14 | Y16: 12 | Z16: 14 | AA16: 1
B17: 刷卡直工 | C17: 13 | D17: 13 | E17: 13 | F17: 13 | G17: 0 | H17: 13 | I17: 12 | J17: 12 | K17: 12 | L17: 12 | M17: 12 | N17: 0 | O17: 11 | P17: 12 | Q17: 12 | R17: 11 | S17: 13 | T17: 13 | U17: 0 | V17: 13 | W17: 12 | X17: 12 | Y17: 10 | Z17: 12 | AA17: 0
B18: 刷卡間工 | C18: 1 | D18: 1 | E18: 1 | F18: 1 | G18: 0 | H18: 1 | I18: 1 | J18: 1 | K18: 1 | L18: 1 | M18: 1 | N18: 0 | O18: 1 | P18: 1 | Q18: 1 | R18: 1 | S18: 1 | T18: 1 | U18: 0 | V18: 1 | W18: 1 | X18: 2 | Y18: 2 | Z18: 2 | AA18: 1
A19: GC | B19: 刷卡總數 | C19: 449 | D19: 443 | E19: 444 | F19: 446 | G19: 0 | H19: 434 | I19: 450 | J19: 445 | K19: 443 | L19: 454 | M19: 439 | N19: 0 | O19: 440 | P19: 444 | Q19: 439 | R19: 439 | S19: 452 | T19: 442 | U19: 0 | V19: 434 | W19: 438 | X19: 440 | Y19: 447 | Z19: 442 | AA19: 10
B20: 刷卡直工 | C20: 390 | D20: 383 | E20: 384 | F20: 386 | G20: 0 | H20: 377 | I20: 391 | J20: 386 | K20: 384 | L20: 393 | M20: 381 | N20: 0 | O20: 382 | P20: 383 | Q20: 379 | R20: 378 | S20: 392 | T20: 385 | U20: 0 | V20: 378 | W20: 381 | X20: 385 | Y20: 389 | Z20: 383 | AA20: 9
B21: 刷卡間工 | C21: 59 | D21: 60 | E21: 60 | F21: 60 | G21: 0 | H21: 57 | I21: 59 | J21: 59 | K21: 59 | L21: 61 | M21: 58 | N21: 0 | O21: 58 | P21: 61 | Q21: 60 | R21: 61 | S21: 60 | T21: 57 | U21: 0 | V21: 56 | W21: 57 | X21: 55 | Y21: 58 | Z21: 59 | AA21: 1
A22: BR2 | B22: 刷卡總數 | C22: 702 | D22: 701 | E22: 693 | F22: 622 | G22: 0 | H22: 672 | I22: 686 | J22: 691 | K22: 691 | L22: 687 | M22: 682 | N22: 0 | O22: 674 | P22: 689 | Q22: 692 | R22: 686 | S22: 692 | T22: 688 | U22: 0 | V22: 678 | W22: 687 | X22: 701 | Y22: 691 | Z22: 700 | AA22: 0
B23: 刷卡直工 | C23: 677 | D23: 675 | E23: 668 | F23: 596 | G23: 0 | H23: 648 | I23: 661 | J23: 666 | K23: 666 | L23: 663 | M23: 658 | N23: 0 | O23: 650 | P23: 664 | Q23: 669 | R23: 664 | S23: 668 | T23: 663 | U23: 0 | V23: 653 | W23: 662 | X23: 675 | Y23: 667 | Z23: 674 | AA23: 0
B24: 刷卡間工 | C24: 25 | D24: 26 | E24: 25 | F24: 26 | G24: 0 | H24: 24 | I24: 25 | J24: 25 | K24: 25 | L24: 24 | M24: 24 | N24: 0 | O24: 24 | P24: 25 | Q24: 23 | R24: 22 | S24: 24 | T24: 25 | U24: 0 | V24: 25 | W24: 25 | X24: 26 | Y24: 24 | Z24: 26 | AA24: 0
A25: BR1 | B25: 刷卡總數 | C25: 22 | D25: 21 | E25: 22 | F25: 22 | G25: 0 | H25: 21 | I25: 22 | J25: 21 | K25: 22 | L25: 22 | M25: 21 | N25: 0 | O25: 22 | P25: 22 | Q25: 21 | R25: 20 | S25: 21 | T25: 22 | U25: 0 | V25: 20 | W25: 21 | X25: 21 | Y25: 21 | Z25: 22 | AA25: 0
B26: 刷卡直工 | C26: 19 | D26: 18 | E26: 19 | F26: 19 | G26: 0 | H26: 18 | I26: 19 | J26: 18 | K26: 19 | L26: 19 | M26: 18 | N26: 0 | O26: 19 | P26: 19 | Q26: 18 | R26: 17 | S26: 18 | T26: 19 | U26: 0 | V26: 17 | W26: 18 | X26: 18 | Y26: 19 | Z26: 19 | AA26: 0
B27: 刷卡間工 | C27: 3 | D27: 3 | E27: 3 | F27: 3 | G27: 0 | H27: 3 | I27: 3 | J27: 3 | K27: 3 | L27: 3 | M27: 3 | N27: 0 | O27: 3 | P27: 3 | Q27: 3 | R27: 3 | S27: 3 | T27: 3 | U27: 0 | V27: 3 | W27: 3 | X27: 3 | Y27: 2 | Z27: 3 | AA27: 0
A28: BP | B28: 刷卡總數 | C28: 466 | D28: 470 | E28: 466 | F28: 460 | G28: 0 | H28: 447 | I28: 468 | J28: 464 | K28: 462 | L28: 469 | M28: 455 | N28: 0 | O28: 460 | P28: 469 | Q28: 476 | R28: 461 | S28: 478 | T28: 468 | U28: 0 | V28: 482 | W28: 491 | X28: 506 | Y28: 503 | Z28: 504 | AA28: 76
B29: 刷卡直工 | C29: 427 | D29: 433 | E29: 428 | F29: 423 | G29: 0 | H29: 413 | I29: 430 | J29: 426 | K29: 424 | L29: 431 | M29: 418 | N29: 0 | O29: 423 | P29: 430 | Q29: 437 | R29: 422 | S29: 441 | T29: 431 | U29: 0 | V29: 446 | W29: 453 | X29: 470 | Y29: 466 | Z29: 466 | AA29: 76
B30: 刷卡間工 | C30: 39 | D30: 37 | E30: 38 | F30: 37 | G30: 0 | H30: 34 | I30: 38 | J30: 38 | K30: 38 | L30: 38 | M30: 37 | N30: 0 | O30: 37 | P30: 39 | Q30: 39 | R30: 39 | S30: 37 | T30: 37 | U30: 0 | V30: 36 | W30: 38 | X30: 36 | Y30: 37 | Z30: 38 | AA30: 0
A31: B7 | B31: 刷卡總數 | C31: 3439 | D31: 3449 | E31: 3416 | F31: 382 | G31: 0 | H31: 3331 | I31: 3420 | J31: 3418 | K31: 3421 | L31: 3445 | M31: 3426 | N31: 0 | O31: 3413 | P31: 3473 | Q31: 3460 | R31: 3430 | S31: 3505 | T31: 3449 | U31: 0 | V31: 3477 | W31: 3470 | X31: 3507 | Y31: 3515 | Z31: 3515 | AA31: 175
B32: 刷卡直工 | C32: 3137 | D32: 3146 | E32: 3117 | F32: 278 | G32: 0 | H32: 3034 | I32: 3121 | J32: 3120 | K32: 3127 | L32: 3147 | M32: 3134 | N32: 0 | O32: 3114 | P32: 3169 | Q32: 3157 | R32: 3134 | S32: 3205 | T32: 3153 | U32: 0 | V32: 3187 | W32: 3178 | X32: 3213 | Y32: 3220 | Z32: 3226 | AA32: 143
B33: 刷卡間工 | C33: 302 | D33: 303 | E33: 299 | F33: 104 | G33: 0 | H33: 297 | I33: 299 | J33: 298 | K33: 294 | L33: 298 | M33: 292 | N33: 0 | O33: 299 | P33: 304 | Q33: 303 | R33: 296 | S33: 300 | T33: 296 | U33: 0 | V33: 290 | W33: 292 | X33: 294 | Y33: 295 | Z33: 289 | AA33: 32
A34: B6 | B34: 刷卡總數 | C34: 473 | D34: 474 | E34: 475 | F34: 464 | G34: 0 | H34: 462 | I34: 472 | J34: 463 | K34: 472 | L34: 471 | M34: 461 | N34: 0 | O34: 471 | P34: 478 | Q34: 482 | R34: 479 | S34: 498 | T34: 487 | U34: 0 | V34: 491 | W34: 487 | X34: 501 | Y34: 497 | Z34: 536 | AA34: 153
B35: 刷卡直工 | C35: 426 | D35: 427 | E35: 428 | F35: 417 | G35: 0 | H35: 419 | I35: 426 | J35: 416 | K35: 424 | L35: 423 | M35: 418 | N35: 0 | O35: 424 | P35: 431 | Q35: 434 | R35: 433 | S35: 453 | T35: 444 | U35: 0 | V35: 445 | W35: 443 | X35: 456 | Y35: 452 | Z35: 491 | AA35: 146
B36: 刷卡間工 | C36: 47 | D36: 47 | E36: 47 | F36: 47 | G36: 0 | H36: 43 | I36: 46 | J36: 47 | K36: 48 | L36: 48 | M36: 43 | N36: 0 | O36: 47 | P36: 47 | Q36: 48 | R36: 46 | S36: 45 | T36: 43 | U36: 0 | V36: 46 | W36: 44 | X36: 45 | Y36: 45 | Z36: 45 | AA36: 7
A37: B1 | B37: 刷卡總數 | C37: 3099 | D37: 3112 | E37: 3106 | F37: 3066 | G37: 0 | H37: 3029 | I37: 3071 | J37: 3050 | K37: 3049 | L37: 3067 | M37: 3039 | N37: 0 | O37: 3035 | P37: 3097 | Q37: 3110 | R37: 3093 | S37: 3115 | T37: 3092 | U37: 0 | V37: 3082 | W37: 3089 | X37: 3115 | Y37: 3107 | Z37: 3108 | AA37: 2
B38: 刷卡直工 | C38: 2907 | D38: 2917 | E38: 2912 | F38: 2887 | G38: 0 | H38: 2839 | I38: 2882 | J38: 2864 | K38: 2861 | L38: 2874 | M38: 2851 | N38: 0 | O38: 2849 | P38: 2904 | Q38: 2920 | R38: 2907 | S38: 2925 | T38: 2908 | U38: 0 | V38: 2895 | W38: 2907 | X38: 2935 | Y38: 2927 | Z38: 2927 | AA38: 1
B39: 刷卡間工 | C39: 192 | D39: 195 | E39: 194 | F39: 179 | G39: 0 | H39: 190 | I39: 189 | J39: 186 | K39: 188 | L39: 193 | M39: 188 | N39: 0 | O39: 186 | P39: 193 | Q39: 190 | R39: 186 | S39: 190 | T39: 184 | U39: 0 | V39: 187 | W39: 182 | X39: 180 | Y39: 180 | Z39: 181 | AA39: 1
A40: B | B40: 刷卡總數 | C40: 928 | D40: 925 | E40: 924 | F40: 669 | G40: 0 | H40: 903 | I40: 908 | J40: 909 | K40: 908 | L40: 910 | M40: 899 | N40: 0 | O40: 943 | P40: 963 | Q40: 964 | R40: 959 | S40: 977 | T40: 967 | U40: 0 | V40: 982 | W40: 983 | X40: 998 | Y40: 993 | Z40: 995 | AA40: 16
B41: 刷卡直工 | C41: 163 | D41: 159 | E41: 159 | F41: 84 | G41: 0 | H41: 154 | I41: 155 | J41: 157 | K41: 157 | L41: 155 | M41: 151 | N41: 0 | O41: 199 | P41: 198 | Q41: 201 | R41: 202 | S41: 213 | T41: 215 | U41: 0 | V41: 220 | W41: 223 | X41: 229 | Y41: 230 | Z41: 231 | AA41: 7
B42: 刷卡間工 | C42: 765 | D42: 766 | E42: 765 | F42: 585 | G42: 0 | H42: 749 | I42: 753 | J42: 752 | K42: 751 | L42: 755 | M42: 748 | N42: 0 | O42: 744 | P42: 765 | Q42: 763 | R42: 757 | S42: 764 | T42: 752 | U42: 0 | V42: 762 | W42: 760 | X42: 769 | Y42: 763 | Z42: 764 | AA42: 9
A43: A2 | B43: 刷卡總數 | C43: 3659 | D43: 3660 | E43: 3644 | F43: 3622 | G43: 0 | H43: 3561 | I43: 3618 | J43: 3624 | K43: 3646 | L43: 3642 | M43: 3628 | N43: 0 | O43: 3596 | P43: 3674 | Q43: 3671 | R43: 3648 | S43: 3640 | T43: 3613 | U43: 0 | V43: 3624 | W43: 3620 | X43: 3669 | Y43: 3661 | Z43: 3640 | AA43: 3
B44: 刷卡直工 | C44: 3315 | D44: 3316 | E44: 3297 | F44: 3276 | G44: 0 | H44: 3222 | I44: 3275 | J44: 3282 | K44: 3301 | L44: 3303 | M44: 3284 | N44: 0 | O44: 3272 | P44: 3334 | Q44: 3329 | R44: 3304 | S44: 3294 | T44: 3270 | U44: 0 | V44: 3286 | W44: 3284 | X44: 3329 | Y44: 3326 | Z44: 3307 | AA44: 3
B45: 刷卡間工 | C45: 344 | D45: 344 | E45: 347 | F45: 346 | G45: 0 | H45: 339 | I45: 343 | J45: 342 | K45: 345 | L45: 339 | M45: 344 | N45: 0 | O45: 324 | P45: 340 | Q45: 342 | R45: 344 | S45: 346 | T45: 343 | U45: 0 | V45: 338 | W45: 336 | X45: 340 | Y45: 335 | Z45: 333 | AA45: 0
A46: A1A2 | B46: 刷卡總數 | C46: 658 | D46: 656 | E46: 654 | F46: 638 | G46: 0 | H46: 633 | I46: 651 | J46: 651 | K46: 648 | L46: 651 | M46: 628 | N46: 0 | O46: 624 | P46: 652 | Q46: 655 | R46: 635 | S46: 636 | T46: 631 | U46: 0 | V46: 632 | W46: 644 | X46: 654 | Y46: 658 | Z46: 644 | AA46: 0
B47: 刷卡直工 | C47: 191 | D47: 189 | E47: 186 | F47: 184 | G47: 0 | H47: 179 | I47: 187 | J47: 188 | K47: 189 | L47: 193 | M47: 188 | N47: 0 | O47: 180 | P47: 193 | Q47: 193 | R47: 188 | S47: 187 | T47: 188 | U47: 0 | V47: 184 | W47: 183 | X47: 194 | Y47: 192 | Z47: 189 | AA47: 0
B48: 刷卡間工 | C48: 466 | D48: 466 | E48: 466 | F48: 452 | G48: 0 | H48: 452 | I48: 462 | J48: 459 | K48: 455 | L48: 454 | M48: 436 | N48: 0 | O48: 440 | P48: 455 | Q48: 458 | R48: 443 | S48: 445 | T48: 439 | U48: 0 | V48: 444 | W48: 457 | X48: 457 | Y48: 462 | Z48: 451 | AA48: 0
A49: A1 | B49: 刷卡總數 | C49: 4356 | D49: 4348 | E49: 4334 | F49: 4285 | G49: 0 | H49: 4165 | I49: 4263 | J49: 4285 | K49: 4292 | L49: 4260 | M49: 4205 | N49: 0 | O49: 4241 | P49: 4338 | Q49: 4352 | R49: 4347 | S49: 4347 | T49: 4283 | U49: 0 | V49: 4274 | W49: 4306 | X49: 4341 | Y49: 4330 | Z49: 4314 | AA49: 1 | AB49: 0
B50: 刷卡直工 | C50: 3932 | D50: 3920 | E50: 3912 | F50: 3868 | G50: 0 | H50: 3763 | I50: 3839 | J50: 3866 | K50: 3865 | L50: 3837 | M50: 3785 | N50: 0 | O50: 3828 | P50: 3913 | Q50: 3927 | R50: 3922 | S50: 3927 | T50: 3872 | U50: 0 | V50: 3857 | W50: 3891 | X50: 3921 | Y50: 3917 | Z50: 3897 | AA50: 1 | AB50: 0
B51: 刷卡間工 | C51: 424 | D51: 428 | E51: 422 | F51: 417 | G51: 0 | H51: 402 | I51: 424 | J51: 419 | K51: 427 | L51: 423 | M51: 420 | N51: 0 | O51: 413 | P51: 425 | Q51: 425 | R51: 425 | S51: 420 | T51: 411 | U51: 0 | V51: 417 | W51: 415 | X51: 420 | Y51: 413 | Z51: 417 | AA51: 0 | AB51: 0

Sheet 3.2.A1廠人均時產能-針車
A1: 回到首頁
A2: 2017/03月針車人均時產能報表
A3: Lean線 | B3: 項目 | C3: 總計 | D3: 日平均 | E3: 1 | F3: 2 | G3: 3 | H3: 4 | I3: 5 | J3: 6 | K3: 7 | L3: 8 | M3: 9 | N3: 10 | O3: 11 | P3: 12 | Q3: 13 | R3: 14 | S3: 15 | T3: 16 | U3: 17 | V3: 18 | W3: 19 | X3: 20 | Y3: 21 | Z3: 22 | AA3: 23 | AB3: 24 | AC3: 25 | AD3: 26 | AE3: 27 | AF3: 28 | AG3: 29 | AH3: 30 | AI3: 31
A4: 總計 | B4: 標準產量 | C4: 774152 | D4: 35188.727 | E4: 37296 | F4: 37480 | G4: 37544 | H4: 37144 | J4: 37080 | K4: 37040 | L4: 37080 | M4: 36936 | N4: 36848 | O4: 36720 | Q4: 36616 | R4: 36208 | S4: 35760 | T4: 35080 | U4: 34256 | V4: 34256 | X4: 32760 | Y4: 32376 | Z4: 31880 | AA4: 31672 | AB4: 31248 | AC4: 30872
B5: 目標產量 | C5: 703580 | D5: 31980.909 | E5: 33220 | F5: 34720 | G5: 35240 | H5: 35240 | J5: 34900 | K5: 34900 | L5: 35200 | M5: 35020 | N5: 35020 | O5: 34160 | Q5: 34480 | R5: 33600 | S5: 33440 | T5: 30700 | U5: 30260 | V5: 29720 | X5: 26460 | Y5: 26620 | Z5: 26840 | AA5: 27840 | AB5: 28180 | AC5: 27820 | AE5: 26964 | AF5: 27624 | AG5: 28272 | AH5: 28272 | AI5: 28272
B6: 實際產量 | C6: 693399 | D6: 31518.136 | E6: 33769 | F6: 36021 | G6: 35782 | H6: 35970 | J6: 36950 | K6: 36045 | L6: 35862 | M6: 35254 | N6: 35789 | O6: 33973 | Q6: 33011 | R6: 30336 | S6: 30267 | T6: 29529 | U6: 29108 | V6: 27071 | X6: 27316 | Y6: 25481 | Z6: 25766 | AA6: 27169 | AB6: 27190 | AC6: 25740
B7: 差異 | C7: -10181 | D7: -462.77273 | E7: 549 | F7: 1301 | G7: 542 | H7: 730 | J7: 2050 | K7: 1145 | L7: 662 | M7: 234 | N7: 769 | O7: -187 | Q7: -1469 | R7: -3264 | S7: -3173 | T7: -1171 | U7: -1152 | V7: -2649 | X7: 856 | Y7: -1139 | Z7: -1074 | AA7: -671 | AB7: -990 | AC7: -2080
B8: 工時 | C8: 176 | D8: 8 | E8: 8 | F8: 8 | G8: 8 | H8: 8 | J8: 8 | K8: 8 | L8: 8 | M8: 8 | N8: 8 | O8: 8 | Q8: 8 | R8: 8 | S8: 8 | T8: 8 | U8: 8 | V8: 8 | X8: 8 | Y8: 8 | Z8: 8 | AA8: 8 | AB8: 8 | AC8: 8
B9: 直工人數 | C9: 2101 | D9: 2101 | E9: 2145 | F9: 2140 | G9: 2141 | H9: 2111 | J9: 2041 | K9: 2087 | L9: 2107 | M9: 2103 | N9: 2069 | O9: 2035 | Q9: 2077 | R9: 2127 | S9: 2138 | T9: 2138 | U9: 2132 | V9: 2102 | X9: 2096 | Y9: 2121 | Z9: 2143 | AA9: 2138 | AB9: 2129 | AC9: 2107
B10: 時產能 | C10: 3939.767 | D10: 3939.767 | E10: 4221.125 | F10: 4502.625 | G10: 4472.75 | H10: 4496.25 | J10: 4618.75 | K10: 4505.625 | L10: 4482.75 | M10: 4406.75 | N10: 4473.625 | O10: 4246.625 | Q10: 4126.375 | R10: 3792 | S10: 3783.375 | T10: 3691.125 | U10: 3638.5 | V10: 3383.875 | X10: 3414.5 | Y10: 3185.125 | Z10: 3220.75 | AA10: 3396.125 | AB10: 3398.75 | AC10: 3217.5
B11: 人均時產 | C11: 1.8751866 | D11: 1.8751866 | E11: 1.9678904 | F11: 2.1040304 | G11: 2.0890939 | H11: 2.1299147 | J11: 2.2629838 | K11: 2.1589003 | L11: 2.127551 | M11: 2.0954589 | N11: 2.162216 | O11: 2.0867936 | Q11: 1.9866996 | R11: 1.7827927 | S11: 1.7695861 | T11: 1.7264383 | U11: 1.7066135 | V11: 1.6098359 | X11: 1.6290553 | Y11: 1.5017091 | Z11: 1.5029165 | AA11: 1.5884588 | AB11: 1.5964068 | AC11: 1.5270527
A12: A1_LEAN1-01_M | B12: 標準產量 | C12: 38616 | D12: 1755.2727 | E12: 1696 | F12: 1720 | G12: 1760 | H12: 1760 | J12: 1760 | K12: 1760 | L12: 1760 | M12: 1760 | N12: 1760 | O12: 1760 | Q12: 1760 | R12: 1760 | S12: 1760 | T12: 1760 | U12: 1760 | V12: 1760 | X12: 1760 | Y12: 1760 | Z12: 1760 | AA12: 1760 | AB12: 1760 | AC12: 1760
B13: 目標產量 | C13: 34360 | D13: 1561.8182 | E13: 1320 | F13: 1320 | G13: 1760 | H13: 1760 | J13: 1760 | K13: 1760 | L13: 1760 | M13: 1760 | N13: 1760 | O13: 1760 | Q13: 1760 | R13: 1760 | S13: 1760 | T13: 1760 | U13: 1760 | V13: 1020 | X13: 1020 | Y13: 1360 | Z13: 1360 | AA13: 1360 | AB13: 1360 | AC13: 1360 | AE13: 1360 | AF13: 1360 | AG13: 1360 | AH13: 1360 | AI13: 1360
B14: 實際產量 | C14: 35748 | D14: 1624.9091 | E14: 1896 | F14: 1944 | G14: 1764 | H14: 1764 | J14: 1764 | K14: 1818 | L14: 1788 | M14: 1764 | N14: 1764 | O14: 1764 | Q14: 1764 | R14: 1770 | S14: 1764 | T14: 1764 | U14: 1764 | V14: 1026 | X14: 1020 | Y14: 1362 | Z14: 1362 | AA14: 1362 | AB14: 1398 | AC14: 1362
B15: 差異 | C15: 1388 | D15: 63.090909 | E15: 576 | F15: 624 | G15: 4 | H15: 4 | J15: 4 | K15: 58 | L15: 28 | M15: 4 | N15: 4 | O15: 4 | Q15: 4 | R15: 10 | S15: 4 | T15: 4 | U15: 4 | V15: 6 | X15: 0 | Y15: 2 | Z15: 2 | AA15: 2 | AB15: 38 | AC15: 2
B16: 工時 | C16: 176 | D16: 8 | E16: 8 | F16: 8 | G16: 8 | H16: 8 | J16: 8 | K16: 8 | L16: 8 | M16: 8 | N16: 8 | O16: 8 | Q16: 8 | R16: 8 | S16: 8 | T16: 8 | U16: 8 | V16: 8 | X16: 8 | Y16: 8 | Z16: 8 | AA16: 8 | AB16: 8 | AC16: 8
B17: 直工人數 | C17: 127 | D17: 127 | E17: 123 | F17: 120 | G17: 117 | H17: 117 | J17: 110 | K17: 113 | L17: 116 | M17: 119 | N17: 122 | O17: 120 | Q17: 130 | R17: 137 | S17: 137 | T17: 135 | U17: 139 | V17: 135 | X17: 135 | Y17: 135 | Z17: 138 | AA17: 137 | AB17: 135 | AC17: 133
B18: 時產能 | C18: 203.11364 | D18: 203.11364 | E18: 237 | F18: 243 | G18: 220.5 | H18: 220.5 | J18: 220.5 | K18: 227.25 | L18: 223.5 | M18: 220.5 | N18: 220.5 | O18: 220.5 | Q18: 220.5 | R18: 221.25 | S18: 220.5 | T18: 220.5 | U18: 220.5 | V18: 128.25 | X18: 127.5 | Y18: 170.25 | Z18: 170.25 | AA18: 170.25 | AB18: 174.75 | AC18: 170.25
B19: 人均時產 | C19: 1.5993 | D19: 1.5993 | E19: 1.9268 | F19: 2.025 | G19: 1.8846 | H19: 1.8846 | J19: 2.0045 | K19: 2.0111 | L19: 1.9267 | M19: 1.8529 | N19: 1.8074 | O19: 1.8375 | Q19: 1.6962 | R19: 1.615 | S19: 1.6095 | T19: 1.6333 | U19: 1.5863 | V19: 0.95 | X19: 0.9444 | Y19: 1.2611 | Z19: 1.2337 | AA19: 1.2427 | AB19: 1.2944 | AC19: 1.2801
A20: A1_LEAN1-02_M | B20: 標準產量 | C20: 38960 | D20: 1770.9091 | E20: 1760 | F20: 1760 | G20: 1760 | H20: 1760 | J20: 1760 | K20: 1760 | L20: 1760 | M20: 1760 | N20: 1760 | O20: 1760 | Q20: 1760 | R20: 1760 | S20: 1760 | T20: 1760 | U20: 1800 | V20: 1840 | X20: 1840 | Y20: 1800 | Z20: 1760 | AA20: 1760 | AB20: 1760 | AC20: 1760
B21: 目標產量 | C21: 35300 | D21: 1604.5455 | E21: 1760 | F21: 1760 | G21: 1760 | H21: 1760 | J21: 1760 | K21: 1760 | L21: 1760 | M21: 1760 | N21: 1760 | O21: 1760 | Q21: 1760 | R21: 1760 | S21: 1760 | T21: 1760 | U21: 1760 | V21: 1760 | X21: 1020 | Y21: 1020 | Z21: 1360 | AA21: 1360 | AB21: 1360 | AC21: 1020 | AE21: 1020 | AF21: 1360 | AG21: 1360 | AH21: 1360 | AI21: 1360
B22: 實際產量 | C22: 35711 | D22: 1623.2273 | E22: 1788 | F22: 1764 | G22: 1764 | H22: 1764 | J22: 1764 | K22: 1800 | L22: 1764 | M22: 1764 | N22: 1764 | O22: 1763 | Q22: 1764 | R22: 1764 | S22: 1764 | T22: 1764 | U22: 1764 | V22: 1764 | X22: 1302 | Y22: 1020 | Z22: 1362 | AA22: 1362 | AB22: 1362 | AC22: 1020
B23: 差異 | C23: 411 | D23: 18.681818 | E23: 28 | F23: 4 | G23: 4 | H23: 4 | J23: 4 | K23: 40 | L23: 4 | M23: 4 | N23: 4 | O23: 3 | Q23: 4 | R23: 4 | S23: 4 | T23: 4 | U23: 4 | V23: 4 | X23: 282 | Y23: 0 | Z23: 2 | AA23: 2 | AB23: 2 | AC23: 0
B24: 工時 | C24: 176 | D24: 8 | E24: 8 | F24: 8 | G24: 8 | H24: 8 | J24: 8 | K24: 8 | L24: 8 | M24: 8 | N24: 8 | O24: 8 | Q24: 8 | R24: 8 | S24: 8 | T24: 8 | U24: 8 | V24: 8 | X24: 8 | Y24: 8 | Z24: 8 | AA24: 8 | AB24: 8 | AC24: 8
B25: 直工人數 | C25: 106 | D25: 106 | E25: 116 | F25: 114 | G25: 113 | H25: 109 | J25: 104 | K25: 106 | L25: 109 | M25: 101 | N25: 85 | O25: 83 | Q25: 106 | R25: 108 | S25: 112 | T25: 115 | U25: 102 | V25: 103 | X25: 105 | Y25: 106 | Z25: 110 | AA25: 113 | AB25: 113 | AC25: 110
B26: 時產能 | C26: 202.90341 | D26: 202.90341 | E26: 223.5 | F26: 220.5 | G26: 220.5 | H26: 220.5 | J26: 220.5 | K26: 225 | L26: 220.5 | M26: 220.5 | N26: 220.5 | O26: 220.375 | Q26: 220.5 | R26: 220.5 | S26: 220.5 | T26: 220.5 | U26: 220.5 | V26: 220.5 | X26: 162.75 | Y26: 127.5 | Z26: 170.25 | AA26: 170.25 | AB26: 170.25 | AC26: 127.5
B27: 人均時產 | C27: 1.9142 | D27: 1.9142 | E27: 1.9267 | F27: 1.9342 | G27: 1.9513 | H27: 2.0229 | J27: 2.1202 | K27: 2.1226 | L27: 2.0229 | M27: 2.1832 | N27: 2.5941 | O27: 2.6551 | Q27: 2.0802 | R27: 2.0417 | S27: 1.9688 | T27: 1.9174 | U27: 2.1618 | V27: 2.1408 | X27: 1.55 | Y27: 1.2028 | Z27: 1.5477 | AA27: 1.5066 | AB27: 1.5066 | AC27: 1.1591
A28: A1_LEAN1-03_M | B28: 標準產量 | C28: 38432 | D28: 1746.9091 | E28: 1760 | F28: 1760 | G28: 1760 | H28: 1760 | J28: 1760 | K28: 1760 | L28: 1760 | M28: 1760 | N28: 1760 | O28: 1760 | Q28: 1760 | R28: 1760 | S28: 1760 | T28: 1760 | U28: 1760 | V28: 1760 | X28: 1760 | Y28: 1760 | Z28: 1760 | AA28: 1760 | AB28: 1760 | AC28: 1472
B29: 目標產量 | C29: 34760 | D29: 1580 | E29: 1320 | F29: 1320 | G29: 1760 | H29: 1760 | J29: 1760 | K29: 1760 | L29: 1760 | M29: 1760 | N29: 1760 | O29: 1760 | Q29: 1760 | R29: 1760 | S29: 1760 | T29: 1760 | U29: 1760 | V29: 1760 | X29: 1020 | Y29: 1020 | Z29: 1360 | AA29: 1360 | AB29: 1360 | AC29: 1360 | AE29: 1360 | AF29: 1360 | AG29: 1360 | AH29: 1360 | AI29: 1360
B30: 實際產量 | C30: 34894 | D30: 1586.0909 | E30: 1356 | F30: 1320 | G30: 1764 | H30: 1764 | J30: 1764 | K30: 1764 | L30: 1774 | M30: 1776 | N30: 1764 | O30: 1766 | Q30: 1762 | R30: 1764 | S30: 1764 | T30: 1764 | U30: 1764 | V30: 1764 | X30: 1032 | Y30: 1020 | Z30: 1362 | AA30: 1362 | AB30: 1362 | AC30: 1362
B31: 差異 | C31: 134 | D31: 6.0909091 | E31: 36 | F31: 0 | G31: 4 | H31: 4 | J31: 4 | K31: 4 | L31: 14 | M31: 16 | N31: 4 | O31: 6 | Q31: 2 | R31: 4 | S31: 4 | T31: 4 | U31: 4 | V31: 4 | X31: 12 | Y31: 0 | Z31: 2 | AA31: 2 | AB31: 2 | AC31: 2
B32: 工時 | C32: 176 | D32: 8 | E32: 8 | F32: 8 | G32: 8 | H32: 8 | J32: 8 | K32: 8 | L32: 8 | M32: 8 | N32: 8 | O32: 8 | Q32: 8 | R32: 8 | S32: 8 | T32: 8 | U32: 8 | V32: 8 | X32: 8 | Y32: 8 | Z32: 8 | AA32: 8 | AB32: 8 | AC32: 8
B33: 直工人數 | C33: 121 | D33: 121 | E33: 121 | F33: 122 | G33: 126 | H33: 122 | J33: 120 | K33: 120 | L33: 122 | M33: 124 | N33: 95 | O33: 93 | Q33: 124 | R33: 126 | S33: 126 | T33: 126 | U33: 126 | V33: 122 | X33: 119 | Y33: 123 | Z33: 126 | AA33: 128 | AB33: 128 | AC33: 127
B34: 時產能 | C34: 198.26136 | D34: 198.26136 | E34: 169.5 | F34: 165 | G34: 220.5 | H34: 220.5 | J34: 220.5 | K34: 220.5 | L34: 221.75 | M34: 222 | N34: 220.5 | O34: 220.75 | Q34: 220.25 | R34: 220.5 | S34: 220.5 | T34: 220.5 | U34: 220.5 | V34: 220.5 | X34: 129 | Y34: 127.5 | Z34: 170.25 | AA34: 170.25 | AB34: 170.25 | AC34: 170.25
B35: 人均時產 | C35: 1.6385 | D35: 1.6385 | E35: 1.4008 | F35: 1.3525 | G35: 1.75 | H35: 1.8074 | J35: 1.8375 | K35: 1.8375 | L35: 1.8176 | M35: 1.7903 | N35: 2.3211 | O35: 2.3737 | Q35: 1.7762 | R35: 1.75 | S35: 1.75 | T35: 1.75 | U35: 1.75 | V35: 1.8074 | X35: 1.084 | Y35: 1.0366 | Z35: 1.3512 | AA35: 1.3301 | AB35: 1.3301 | AC35: 1.3406
A36: A1_LEAN1-04_M | B36: 標準產量 | C36: 37304 | D36: 1695.6364 | E36: 1760 | F36: 1760 | G36: 1760 | H36: 1760 | J36: 1760 | K36: 1760 | L36: 1760 | M36: 1760 | N36: 1760 | O36: 1760 | Q36: 1760 | R36: 1760 | S36: 1760 | T36: 1760 | U36: 1760 | V36: 1680 | X36: 1600 | Y36: 1600 | Z36: 1600 | AA36: 1640 | AB36: 1504 | AC36: 1280
B37: 目標產量 | C37: 35720 | D37: 1623.6364 | E37: 1680 | F37: 1680 | G37: 1320 | H37: 1320 | J37: 1760 | K37: 1760 | L37: 1760 | M37: 1760 | N37: 1760 | O37: 1760 | Q37: 1760 | R37: 1760 | S37: 1760 | T37: 1760 | U37: 1760 | V37: 1760 | X37: 1760 | Y37: 1140 | Z37: 1140 | AA37: 1520 | AB37: 1520 | AC37: 1520 | AE37: 984 | AF37: 984 | AG37: 1312 | AH37: 1312 | AI37: 1312
B38: 實際產量 | C38: 35990 | D38: 1635.9091 | E38: 1718 | F38: 1740 | G38: 1326 | H38: 1320 | J38: 1764 | K38: 1764 | L38: 1764 | M38: 1764 | N38: 1764 | O38: 1764 | Q38: 1764 | R38: 1764 | S38: 1764 | T38: 1764 | U38: 1764 | V38: 1764 | X38: 1788 | Y38: 1140 | Z38: 1140 | AA38: 1524 | AB38: 1602 | AC38: 1524
B39: 差異 | C39: 270 | D39: 12.272727 | E39: 38 | F39: 60 | G39: 6 | H39: 0 | J39: 4 | K39: 4 | L39: 4 | M39: 4 | N39: 4 | O39: 4 | Q39: 4 | R39: 4 | S39: 4 | T39: 4 | U39: 4 | V39: 4 | X39: 28 | Y39: 0 | Z39: 0 | AA39: 4 | AB39: 82 | AC39: 4
B40: 工時 | C40: 176 | D40: 8 | E40: 8 | F40: 8 | G40: 8 | H40: 8 | J40: 8 | K40: 8 | L40: 8 | M40: 8 | N40: 8 | O40: 8 | Q40: 8 | R40: 8 | S40: 8 | T40: 8 | U40: 8 | V40: 8 | X40: 8 | Y40: 8 | Z40: 8 | AA40: 8 | AB40: 8 | AC40: 8
B41: 直工人數 | C41: 116 | D41: 116 | E41: 117 | F41: 115 | G41: 116 | H41: 110 | J41: 110 | K41: 112 | L41: 115 | M41: 113 | N41: 108 | O41: 107 | Q41: 114 | R41: 119 | S41: 120 | T41: 122 | U41: 118 | V41: 120 | X41: 120 | Y41: 121 | Z41: 120 | AA41: 115 | AB41: 119 | AC41: 121
B42: 時產能 | C42: 204.48864 | D42: 204.48864 | E42: 214.75 | F42: 217.5 | G42: 165.75 | H42: 165 | J42: 220.5 | K42: 220.5 | L42: 220.5 | M42: 220.5 | N42: 220.5 | O42: 220.5 | Q42: 220.5 | R42: 220.5 | S42: 220.5 | T42: 220.5 | U42: 220.5 | V42: 220.5 | X42: 223.5 | Y42: 142.5 | Z42: 142.5 | AA42: 190.5 | AB42: 200.25 | AC42: 190.5
B43: 人均時產 | C43: 1.7628 | D43: 1.7628 | E43: 1.8355 | F43: 1.8913 | G43: 1.4289 | H43: 1.5 | J43: 2.0045 | K43: 1.9688 | L43: 1.9174 | M43: 1.9513 | N43: 2.0417 | O43: 2.0607 | Q43: 1.9342 | R43: 1.8529 | S43: 1.8375 | T43: 1.8074 | U43: 1.8686 | V43: 1.8375 | X43: 1.8625 | Y43: 1.1777 | Z43: 1.1875 | AA43: 1.6565 | AB43: 1.6828 | AC43: 1.5744
A44: A1_LEAN2-05_M | B44: 標準產量 | C44: 36800 | D44: 1672.7273 | E44: 1840 | F44: 1840 | G44: 1840 | H44: 1840 | J44: 1800 | K44: 1760 | L44: 1760 | M44: 1760 | N44: 1760 | O44: 1760 | Q44: 1784 | R44: 1840 | S44: 1840 | T44: 1840 | U44: 1640 | V44: 1440 | X44: 1440 | Y44: 1408 | Z44: 1400 | AA44: 1408 | AB44: 1400 | AC44: 1400
B45: 目標產量 | C45: 34840 | D45: 1583.6364 | E45: 1760 | F45: 1760 | G45: 1760 | H45: 1760 | J45: 1760 | K45: 1760 | L45: 1760 | M45: 1760 | N45: 1760 | O45: 1760 | Q45: 1760 | R45: 1760 | S45: 1760 | T45: 1760 | U45: 1020 | V45: 1020 | X45: 1360 | Y45: 1360 | Z45: 1360 | AA45: 1360 | AB45: 1360 | AC45: 1360 | AE45: 1360 | AF45: 1360 | AG45: 1360 | AH45: 1360 | AI45: 1360
B46: 實際產量 | C46: 35520 | D46: 1614.5455 | E46: 2202 | F46: 1878 | G46: 1740 | H46: 1872 | J46: 1656 | K46: 1572 | L46: 1830 | M46: 1770 | N46: 1830 | O46: 1644 | Q46: 1740 | R46: 1770 | S46: 1836 | T46: 1764 | U46: 1068 | V46: 1026 | X46: 1410 | Y46: 1404 | Z46: 1182 | AA46: 1506 | AB46: 1494 | AC46: 1326
B47: 差異 | C47: 680 | D47: 30.909091 | E47: 442 | F47: 118 | G47: -20 | H47: 112 | J47: -104 | K47: -188 | L47: 70 | M47: 10 | N47: 70 | O47: -116 | Q47: -20 | R47: 10 | S47: 76 | T47: 4 | U47: 48 | V47: 6 | X47: 50 | Y47: 44 | Z47: -178 | AA47: 146 | AB47: 134 | AC47: -34
B48: 工時 | C48: 176 | D48: 8 | E48: 8 | F48: 8 | G48: 8 | H48: 8 | J48: 8 | K48: 8 | L48: 8 | M48: 8 | N48: 8 | O48: 8 | Q48: 8 | R48: 8 | S48: 8 | T48: 8 | U48: 8 | V48: 8 | X48: 8 | Y48: 8 | Z48: 8 | AA48: 8 | AB48: 8 | AC48: 8
B49: 直工人數 | C49: 115 | D49: 115 | E49: 114 | F49: 117 | G49: 119 | H49: 113 | J49: 115 | K49: 114 | L49: 115 | M49: 117 | N49: 117 | O49: 118 | Q49: 111 | R49: 113 | S49: 116 | T49: 117 | U49: 116 | V49: 114 | X49: 114 | Y49: 116 | Z49: 117 | AA49: 116 | AB49: 117 | AC49: 116
B50: 時產能 | C50: 201.81818 | D50: 201.81818 | E50: 275.25 | F50: 234.75 | G50: 217.5 | H50: 234 | J50: 207 | K50: 196.5 | L50: 228.75 | M50: 221.25 | N50: 228.75 | O50: 205.5 | Q50: 217.5 | R50: 221.25 | S50: 229.5 | T50: 220.5 | U50: 133.5 | V50: 128.25 | X50: 176.25 | Y50: 175.5 | Z50: 147.75 | AA50: 188.25 | AB50: 186.75 | AC50: 165.75
B51: 人均時產 | C51: 1.7549 | D51: 1.7549 | E51: 2.4145 | F51: 2.0064 | G51: 1.8277 | H51: 2.0708 | J51: 1.8 | K51: 1.7237 | L51: 1.9891 | M51: 1.891 | N51: 1.9551 | O51: 1.7415 | Q51: 1.9595 | R51: 1.958 | S51: 1.9784 | T51: 1.8846 | U51: 1.1509 | V51: 1.125 | X51: 1.5461 | Y51: 1.5129 | Z51: 1.2628 | AA51: 1.6228 | AB51: 1.5962 | AC51: 1.4289
A52: A1_LEAN2-06_M | B52: 標準產量 | C52: 30864 | D52: 1402.9091 | E52: 1760 | F52: 1760 | G52: 1760 | H52: 1384 | J52: 1360 | K52: 1360 | L52: 1440 | M52: 1440 | N52: 1440 | O52: 1440 | Q52: 1440 | R52: 1440 | S52: 1440 | T52: 1440 | U52: 1440 | V52: 1320 | X52: 1200 | Y52: 1200 | Z52: 1200 | AA52: 1200 | AB52: 1200 | AC52: 1200
B53: 目標產量 | C53: 27160 | D53: 1234.5455 | E53: 1260 | F53: 1680 | G53: 1680 | H53: 1680 | J53: 900 | K53: 900 | L53: 1200 | M53: 1020 | N53: 1020 | O53: 1360 | Q53: 1360 | R53: 1360 | S53: 1360 | T53: 1360 | U53: 1360 | V53: 1360 | X53: 900 | Y53: 900 | Z53: 900 | AA53: 1200 | AB53: 1200 | AC53: 1200 | AE53: 1200 | AF53: 1200 | AG53: 1200 | AH53: 1200 | AI53: 1200
B54: 實際產量 | C54: 26568 | D54: 1207.6364 | E54: 1278 | F54: 1698 | G54: 1698 | H54: 1602 | J54: 1011 | K54: 912 | L54: 1323 | M54: 1077 | N54: 1116 | O54: 1497 | Q54: 1386 | R54: 1368 | S54: 1464 | T54: 1116 | U54: 894 | V54: 1332 | X54: 1092 | Y54: 1068 | Z54: 828 | AA54: 894 | AB54: 918 | AC54: 996
B55: 差異 | C55: -592 | D55: -26.909091 | E55: 18 | F55: 18 | G55: 18 | H55: -78 | J55: 111 | K55: 12 | L55: 123 | M55: 57 | N55: 96 | O55: 137 | Q55: 26 | R55: 8 | S55: 104 | T55: -244 | U55: -466 | V55: -28 | X55: 192 | Y55: 168 | Z55: -72 | AA55: -306 | AB55: -282 | AC55: -204
B56: 工時 | C56: 176 | D56: 8 | E56: 8 | F56: 8 | G56: 8 | H56: 8 | J56: 8 | K56: 8 | L56: 8 | M56: 8 | N56: 8 | O56: 8 | Q56: 8 | R56: 8 | S56: 8 | T56: 8 | U56: 8 | V56: 8 | X56: 8 | Y56: 8 | Z56: 8 | AA56: 8 | AB56: 8 | AC56: 8
B57: 直工人數 | C57: 120 | D57: 120 | E57: 124 | F57: 122 | G57: 124 | H57: 122 | J57: 118 | K57: 120 | L57: 122 | M57: 121 | N57: 123 | O57: 114 | Q57: 116 | R57: 124 | S57: 124 | T57: 121 | U57: 119 | V57: 117 | X57: 115 | Y57: 118 | Z57: 124 | AA57: 123 | AB57: 122 | AC57: 119
B58: 時產能 | C58: 150.95455 | D58: 150.95455 | E58: 159.75 | F58: 212.25 | G58: 212.25 | H58: 200.25 | J58: 126.375 | K58: 114 | L58: 165.375 | M58: 134.625 | N58: 139.5 | O58: 187.125 | Q58: 173.25 | R58: 171 | S58: 183 | T58: 139.5 | U58: 111.75 | V58: 166.5 | X58: 136.5 | Y58: 133.5 | Z58: 103.5 | AA58: 111.75 | AB58: 114.75 | AC58: 124.5
B59: 人均時產 | C59: 1.258 | D59: 1.258 | E59: 1.2883 | F59: 1.7398 | G59: 1.7117 | H59: 1.6414 | J59: 1.071 | K59: 0.95 | L59: 1.3555 | M59: 1.1126 | N59: 1.1341 | O59: 1.6414 | Q59: 1.4935 | R59: 1.379 | S59: 1.4758 | T59: 1.1529 | U59: 0.9391 | V59: 1.4231 | X59: 1.187 | Y59: 1.1314 | Z59: 0.8347 | AA59: 0.9085 | AB59: 0.9406 | AC59: 1.0462
A60: A1_LEAN2-07_M | B60: 標準產量 | C60: 38048 | D60: 1729.4545 | E60: 1840 | F60: 1840 | G60: 1840 | H60: 1840 | J60: 1840 | K60: 1840 | L60: 1800 | M60: 1776 | N60: 1760 | O60: 1760 | Q60: 1808 | R60: 1808 | S60: 1760 | T60: 1720 | U60: 1720 | V60: 1480 | X60: 1440 | Y60: 1680 | Z60: 1840 | AA60: 1696 | AB60: 1520 | AC60: 1440
B61: 目標產量 | C61: 34000 | D61: 1545.4545 | E61: 1080 | F61: 1760 | G61: 1760 | H61: 1760 | J61: 1760 | K61: 1760 | L61: 1760 | M61: 1760 | N61: 1760 | O61: 1760 | Q61: 1760 | R61: 1760 | S61: 1760 | T61: 1760 | U61: 1760 | V61: 1080 | X61: 1080 | Y61: 1360 | Z61: 1020 | AA61: 1020 | AB61: 1360 | AC61: 1360 | AE61: 1360 | AF61: 1360 | AG61: 1360 | AH61: 1360 | AI61: 1360
B62: 實際產量 | C62: 35580 | D62: 1617.2727 | E62: 1140 | F62: 1764 | G62: 1788 | H62: 1722 | J62: 1770 | K62: 1782 | L62: 1756 | M62: 1934 | N62: 1674 | O62: 1722 | Q62: 1734 | R62: 1452 | S62: 2100 | T62: 1812 | U62: 1884 | V62: 1162 | X62: 1904 | Y62: 1674 | Z62: 1224 | AA62: 1098 | AB62: 1284 | AC62: 1200
B63: 差異 | C63: 1580 | D63: 71.818182 | E63: 60 | F63: 4 | G63: 28 | H63: -38 | J63: 10 | K63: 22 | L63: -4 | M63: 174 | N63: -86 | O63: -38 | Q63: -26 | R63: -308 | S63: 340 | T63: 52 | U63: 124 | V63: 82 | X63: 824 | Y63: 314 | Z63: 204 | AA63: 78 | AB63: -76 | AC63: -160
B64: 工時 | C64: 176 | D64: 8 | E64: 8 | F64: 8 | G64: 8 | H64: 8 | J64: 8 | K64: 8 | L64: 8 | M64: 8 | N64: 8 | O64: 8 | Q64: 8 | R64: 8 | S64: 8 | T64: 8 | U64: 8 | V64: 8 | X64: 8 | Y64: 8 | Z64: 8 | AA64: 8 | AB64: 8 | AC64: 8
B65: 直工人數 | C65: 92 | D65: 92 | E65: 97 | F65: 95 | G65: 92 | H65: 93 | J65: 88 | K65: 94 | L65: 92 | M65: 90 | N65: 92 | O65: 93 | Q65: 90 | R65: 92 | S65: 94 | T65: 92 | U65: 94 | V65: 90 | X65: 93 | Y65: 90 | Z65: 92 | AA65: 92 | AB65: 92 | AC65: 89
B66: 時產能 | C66: 202.15909 | D66: 202.15909 | E66: 142.5 | F66: 220.5 | G66: 223.5 | H66: 215.25 | J66: 221.25 | K66: 222.75 | L66: 219.5 | M66: 241.75 | N66: 209.25 | O66: 215.25 | Q66: 216.75 | R66: 181.5 | S66: 262.5 | T66: 226.5 | U66: 235.5 | V66: 145.25 | X66: 238 | Y66: 209.25 | Z66: 153 | AA66: 137.25 | AB66: 160.5 | AC66: 150
B67: 人均時產 | C67: 2.1974 | D67: 2.1974 | E67: 1.4691 | F67: 2.3211 | G67: 2.4293 | H67: 2.3145 | J67: 2.5142 | K67: 2.3697 | L67: 2.3859 | M67: 2.6861 | N67: 2.2745 | O67: 2.3145 | Q67: 2.4083 | R67: 1.9728 | S67: 2.7926 | T67: 2.462 | U67: 2.5053 | V67: 1.6139 | X67: 2.5591 | Y67: 2.325 | Z67: 1.663 | AA67: 1.4918 | AB67: 1.7446 | AC67: 1.6854
A68: A1_LEAN2-08_M | B68: 標準產量 | C68: 32352 | D68: 1470.5455 | E68: 1760 | F68: 1760 | G68: 1784 | H68: 1760 | J68: 1760 | K68: 1760 | L68: 1760 | M68: 1640 | N68: 1568 | O68: 1440 | Q68: 1280 | R68: 1280 | S68: 1280 | T68: 1280 | U68: 1280 | V68: 1280 | X68: 1280 | Y68: 1280 | Z68: 1280 | AA68: 1280 | AB68: 1280 | AC68: 1280
B69: 目標產量 | C69: 29880 | D69: 1358.1818 | E69: 1680 | F69: 1680 | G69: 1680 | H69: 1680 | J69: 1680 | K69: 1680 | L69: 1680 | M69: 1680 | N69: 1680 | O69: 900 | Q69: 900 | R69: 1120 | S69: 1120 | T69: 1120 | U69: 1200 | V69: 1200 | X69: 1200 | Y69: 1200 | Z69: 1200 | AA69: 1200 | AB69: 1200 | AC69: 1200 | AE69: 1200 | AF69: 1200 | AG69: 1200 | AH69: 1200 | AI69: 1200
B70: 實際產量 | C70: 26920 | D70: 1223.6364 | E70: 1596 | F70: 1818 | G70: 1782 | H70: 1728 | J70: 1932 | K70: 1710 | L70: 1674 | M70: 1656 | N70: 1260 | O70: 966 | Q70: 858 | R70: 738 | S70: 720 | T70: 936 | U70: 970 | V70: 912 | X70: 900 | Y70: 834 | Z70: 906 | AA70: 912 | AB70: 954 | AC70: 1158
B71: 差異 | C71: -2960 | D71: -134.54545 | E71: -84 | F71: 138 | G71: 102 | H71: 48 | J71: 252 | K71: 30 | L71: -6 | M71: -24 | N71: -420 | O71: 66 | Q71: -42 | R71: -382 | S71: -400 | T71: -184 | U71: -230 | V71: -288 | X71: -300 | Y71: -366 | Z71: -294 | AA71: -288 | AB71: -246 | AC71: -42
B72: 工時 | C72: 176 | D72: 8 | E72: 8 | F72: 8 | G72: 8 | H72: 8 | J72: 8 | K72: 8 | L72: 8 | M72: 8 | N72: 8 | O72: 8 | Q72: 8 | R72: 8 | S72: 8 | T72: 8 | U72: 8 | V72: 8 | X72: 8 | Y72: 8 | Z72: 8 | AA72: 8 | AB72: 8 | AC72: 8
B73: 直工人數 | C73: 84 | D73: 84 | E73: 85 | F73: 85 | G73: 85 | H73: 86 | J73: 82 | K73: 82 | L73: 83 | M73: 83 | N73: 88 | O73: 85 | Q73: 85 | R73: 86 | S73: 85 | T73: 86 | U73: 84 | V73: 81 | X73: 84 | Y73: 84 | Z73: 84 | AA73: 83 | AB73: 80 | AC73: 82
B74: 時產能 | C74: 152.95455 | D74: 152.95455 | E74: 199.5 | F74: 227.25 | G74: 222.75 | H74: 216 | J74: 241.5 | K74: 213.75 | L74: 209.25 | M74: 207 | N74: 157.5 | O74: 120.75 | Q74: 107.25 | R74: 92.25 | S74: 90 | T74: 117 | U74: 121.25 | V74: 114 | X74: 112.5 | Y74: 104.25 | Z74: 113.25 | AA74: 114 | AB74: 119.25 | AC74: 144.75
B75: 人均時產 | C75: 1.8209 | D75: 1.8209 | E75: 2.3471 | F75: 2.6735 | G75: 2.6206 | H75: 2.5116 | J75: 2.9451 | K75: 2.6067 | L75: 2.5211 | M75: 2.494 | N75: 1.7898 | O75: 1.4206 | Q75: 1.2618 | R75: 1.0727 | S75: 1.0588 | T75: 1.3605 | U75: 1.4435 | V75: 1.4074 | X75: 1.3393 | Y75: 1.2411 | Z75: 1.3482 | AA75: 1.3735 | AB75: 1.4906 | AC75: 1.7652
A76: A1_LEAN3-09_M | B76: 標準產量 | C76: 36384 | D76: 1653.8182 | E76: 1760 | F76: 1760 | G76: 1760 | H76: 1760 | J76: 1760 | K76: 1760 | L76: 1760 | M76: 1760 | N76: 1760 | O76: 1760 | Q76: 1760 | R76: 1600 | S76: 1520 | T76: 1520 | U76: 1576 | V76: 1520 | X76: 1520 | Y76: 1520 | Z76: 1520 | AA76: 1568 | AB76: 1520 | AC76: 1640
B77: 目標產量 | C77: 31720 | D77: 1441.8182 | E77: 1200 | F77: 1600 | G77: 1600 | H77: 1600 | J77: 1600 | K77: 1600 | L77: 1600 | M77: 1600 | N77: 1600 | O77: 1600 | Q77: 1600 | R77: 1600 | S77: 1020 | T77: 1020 | U77: 1360 | V77: 1360 | X77: 1360 | Y77: 1360 | Z77: 1360 | AA77: 1360 | AB77: 1360 | AC77: 1360 | AE77: 1360 | AF77: 1360 | AG77: 1360 | AH77: 1360 | AI77: 1360
B78: 實際產量 | C78: 32904 | D78: 1495.6364 | E78: 1374 | F78: 1656 | G78: 1620 | H78: 1728 | J78: 1776 | K78: 1602 | L78: 1464 | M78: 1572 | N78: 2070 | O78: 1788 | Q78: 1566 | R78: 1572 | S78: 1320 | T78: 1092 | U78: 1368 | V78: 1464 | X78: 1428 | Y78: 1356 | Z78: 1494 | AA78: 1422 | AB78: 1038 | AC78: 1134
B79: 差異 | C79: 1184 | D79: 53.818182 | E79: 174 | F79: 56 | G79: 20 | H79: 128 | J79: 176 | K79: 2 | L79: -136 | M79: -28 | N79: 470 | O79: 188 | Q79: -34 | R79: -28 | S79: 300 | T79: 72 | U79: 8 | V79: 104 | X79: 68 | Y79: -4 | Z79: 134 | AA79: 62 | AB79: -322 | AC79: -226
B80: 工時 | C80: 176 | D80: 8 | E80: 8 | F80: 8 | G80: 8 | H80: 8 | J80: 8 | K80: 8 | L80: 8 | M80: 8 | N80: 8 | O80: 8 | Q80: 8 | R80: 8 | S80: 8 | T80: 8 | U80: 8 | V80: 8 | X80: 8 | Y80: 8 | Z80: 8 | AA80: 8 | AB80: 8 | AC80: 8
B81: 直工人數 | C81: 93 | D81: 93 | E81: 94 | F81: 94 | G81: 95 | H81: 94 | J81: 90 | K81: 90 | L81: 89 | M81: 90 | N81: 90 | O81: 94 | Q81: 92 | R81: 97 | S81: 98 | T81: 96 | U81: 96 | V81: 92 | X81: 95 | Y81: 96 | Z81: 95 | AA81: 97 | AB81: 94 | AC81: 94
B82: 時產能 | C82: 186.95455 | D82: 186.95455 | E82: 171.75 | F82: 207 | G82: 202.5 | H82: 216 | J82: 222 | K82: 200.25 | L82: 183 | M82: 196.5 | N82: 258.75 | O82: 223.5 | Q82: 195.75 | R82: 196.5 | S82: 165 | T82: 136.5 | U82: 171 | V82: 183 | X82: 178.5 | Y82: 169.5 | Z82: 186.75 | AA82: 177.75 | AB82: 129.75 | AC82: 141.75
B83: 人均時產 | C83: 2.0103 | D83: 2.0103 | E83: 1.8271 | F83: 2.2021 | G83: 2.1316 | H83: 2.2979 | J83: 2.4667 | K83: 2.225 | L83: 2.0562 | M83: 2.1833 | N83: 2.875 | O83: 2.3777 | Q83: 2.1277 | R83: 2.0258 | S83: 1.6837 | T83: 1.4219 | U83: 1.7813 | V83: 1.9891 | X83: 1.8789 | Y83: 1.7656 | Z83: 1.9658 | AA83: 1.8325 | AB83: 1.3803 | AC83: 1.508
A84: A1_LEAN3-10_M | B84: 標準產量 | C84: 38600 | D84: 1754.5455 | E84: 1760 | F84: 1760 | G84: 1760 | H84: 1760 | J84: 1760 | K84: 1760 | L84: 1760 | M84: 1760 | N84: 1760 | O84: 1760 | Q84: 1760 | R84: 1760 | S84: 1760 | T84: 1760 | U84: 1760 | V84: 1760 | X84: 1760 | Y84: 1760 | Z84: 1760 | AA84: 1760 | AB84: 1760 | AC84: 1640
B85: 目標產量 | C85: 36960 | D85: 1680 | E85: 1680 | F85: 1680 | G85: 1680 | H85: 1680 | J85: 1680 | K85: 1680 | L85: 1680 | M85: 1680 | N85: 1680 | O85: 1680 | Q85: 1680 | R85: 1680 | S85: 1680 | T85: 1680 | U85: 1680 | V85: 1680 | X85: 1680 | Y85: 1680 | Z85: 1680 | AA85: 1680 | AB85: 1680 | AC85: 1680 | AE85: 1680 | AF85: 1680 | AG85: 1680 | AH85: 1680 | AI85: 1680
B86: 實際產量 | C86: 35172 | D86: 1598.7273 | E86: 1620 | F86: 1734 | G86: 1596 | H86: 1602 | J86: 1536 | K86: 1698 | L86: 1848 | M86: 1470 | N86: 1806 | O86: 1362 | Q86: 1224 | R86: 1914 | S86: 1830 | T86: 1542 | U86: 1662 | V86: 1068 | X86: 1662 | Y86: 1704 | Z86: 1680 | AA86: 1620 | AB86: 1428 | AC86: 1566
B87: 差異 | C87: -1788 | D87: -81.272727 | E87: -60 | F87: 54 | G87: -84 | H87: -78 | J87: -144 | K87: 18 | L87: 168 | M87: -210 | N87: 126 | O87: -318 | Q87: -456 | R87: 234 | S87: 150 | T87: -138 | U87: -18 | V87: -612 | X87: -18 | Y87: 24 | Z87: 0 | AA87: -60 | AB87: -252 | AC87: -114
B88: 工時 | C88: 176 | D88: 8 | E88: 8 | F88: 8 | G88: 8 | H88: 8 | J88: 8 | K88: 8 | L88: 8 | M88: 8 | N88: 8 | O88: 8 | Q88: 8 | R88: 8 | S88: 8 | T88: 8 | U88: 8 | V88: 8 | X88: 8 | Y88: 8 | Z88: 8 | AA88: 8 | AB88: 8 | AC88: 8
B89: 直工人數 | C89: 61 | D89: 61 | E89: 63 | F89: 62 | G89: 62 | H89: 62 | J89: 62 | K89: 62 | L89: 61 | M89: 63 | N89: 63 | O89: 62 | Q89: 63 | R89: 63 | S89: 62 | T89: 62 | U89: 63 | V89: 62 | X89: 58 | Y89: 61 | Z89: 62 | AA89: 62 | AB89: 61 | AC89: 58
B90: 時產能 | C90: 199.84091 | D90: 199.84091 | E90: 202.5 | F90: 216.75 | G90: 199.5 | H90: 200.25 | J90: 192 | K90: 212.25 | L90: 231 | M90: 183.75 | N90: 225.75 | O90: 170.25 | Q90: 153 | R90: 239.25 | S90: 228.75 | T90: 192.75 | U90: 207.75 | V90: 133.5 | X90: 207.75 | Y90: 213 | Z90: 210 | AA90: 202.5 | AB90: 178.5 | AC90: 195.75
B91: 人均時產 | C91: 3.2761 | D91: 3.2761 | E91: 3.2143 | F91: 3.496 | G91: 3.2177 | H91: 3.2298 | J91: 3.0968 | K91: 3.4234 | L91: 3.7869 | M91: 2.9167 | N91: 3.5833 | O91: 2.746 | Q91: 2.4286 | R91: 3.7976 | S91: 3.6895 | T91: 3.1089 | U91: 3.2976 | V91: 2.1532 | X91: 3.5819 | Y91: 3.4918 | Z91: 3.3871 | AA91: 3.2661 | AB91: 2.9262 | AC91: 3.375
A92: A1_LEAN3-11_M | B92: 標準產量 | C92: 38720 | D92: 1760 | E92: 1760 | F92: 1760 | G92: 1760 | H92: 1760 | J92: 1760 | K92: 1760 | L92: 1760 | M92: 1760 | N92: 1760 | O92: 1760 | Q92: 1760 | R92: 1760 | S92: 1760 | T92: 1760 | U92: 1760 | V92: 1760 | X92: 1760 | Y92: 1760 | Z92: 1760 | AA92: 1760 | AB92: 1760 | AC92: 1760
B93: 目標產量 | C93: 36960 | D93: 1680 | E93: 1680 | F93: 1680 | G93: 1680 | H93: 1680 | J93: 1680 | K93: 1680 | L93: 1680 | M93: 1680 | N93: 1680 | O93: 1680 | Q93: 1680 | R93: 1680 | S93: 1680 | T93: 1680 | U93: 1680 | V93: 1680 | X93: 1680 | Y93: 1680 | Z93: 1680 | AA93: 1680 | AB93: 1680 | AC93: 1680 | AE93: 1680 | AF93: 1680 | AG93: 1680 | AH93: 1680 | AI93: 1680
B94: 實際產量 | C94: 33900 | D94: 1540.9091 | E94: 1500 | F94: 1668 | G94: 1920 | H94: 1698 | J94: 1656 | K94: 1914 | L94: 1878 | M94: 1752 | N94: 1896 | O94: 1272 | Q94: 1032 | R94: 1110 | S94: 786 | T94: 1566 | U94: 1674 | V94: 1236 | X94: 1356 | Y94: 1584 | Z94: 1644 | AA94: 1656 | AB94: 1422 | AC94: 1680
B95: 差異 | C95: -3060 | D95: -139.09091 | E95: -180 | F95: -12 | G95: 240 | H95: 18 | J95: -24 | K95: 234 | L95: 198 | M95: 72 | N95: 216 | O95: -408 | Q95: -648 | R95: -570 | S95: -894 | T95: -114 | U95: -6 | V95: -444 | X95: -324 | Y95: -96 | Z95: -36 | AA95: -24 | AB95: -258 | AC95: 0
B96: 工時 | C96: 176 | D96: 8 | E96: 8 | F96: 8 | G96: 8 | H96: 8 | J96: 8 | K96: 8 | L96: 8 | M96: 8 | N96: 8 | O96: 8 | Q96: 8 | R96: 8 | S96: 8 | T96: 8 | U96: 8 | V96: 8 | X96: 8 | Y96: 8 | Z96: 8 | AA96: 8 | AB96: 8 | AC96: 8
B97: 直工人數 | C97: 70 | D97: 70 | E97: 77 | F97: 75 | G97: 73 | H97: 75 | J97: 72 | K97: 74 | L97: 74 | M97: 76 | N97: 75 | O97: 66 | Q97: 65 | R97: 68 | S97: 66 | T97: 69 | U97: 68 | V97: 67 | X97: 68 | Y97: 69 | Z97: 66 | AA97: 67 | AB97: 64 | AC97: 66
B98: 時產能 | C98: 192.61364 | D98: 192.61364 | E98: 187.5 | F98: 208.5 | G98: 240 | H98: 212.25 | J98: 207 | K98: 239.25 | L98: 234.75 | M98: 219 | N98: 237 | O98: 159 | Q98: 129 | R98: 138.75 | S98: 98.25 | T98: 195.75 | U98: 209.25 | V98: 154.5 | X98: 169.5 | Y98: 198 | Z98: 205.5 | AA98: 207 | AB98: 177.75 | AC98: 210
B99: 人均時產 | C99: 2.7516 | D99: 2.7516 | E99: 2.4351 | F99: 2.78 | G99: 3.2877 | H99: 2.83 | J99: 2.875 | K99: 3.2331 | L99: 3.1723 | M99: 2.8816 | N99: 3.16 | O99: 2.4091 | Q99: 1.9846 | R99: 2.0404 | S99: 1.4886 | T99: 2.837 | U99: 3.0772 | V99: 2.306 | X99: 2.4926 | Y99: 2.8696 | Z99: 3.1136 | AA99: 3.0896 | AB99: 2.7773 | AC99: 3.1818
A100: A1_LEAN3-12_M | B100: 標準產量 | C100: 38720 | D100: 1760 | E100: 1760 | F100: 1760 | G100: 1760 | H100: 1760 | J100: 1760 | K100: 1760 | L100: 1760 | M100: 1760 | N100: 1760 | O100: 1760 | Q100: 1760 | R100: 1760 | S100: 1760 | T100: 1760 | U100: 1760 | V100: 1760 | X100: 1760 | Y100: 1760 | Z100: 1760 | AA100: 1760 | AB100: 1760 | AC100: 1760
...

Sheet 3.3.A2廠人均時產能-針車
A1: 回到首頁
A2: 2017/03月針車人均時產能報表
A3: Lean線 | B3: 項目 | C3: 總計 | D3: 日平均 | E3: 1 | F3: 2 | G3: 3 | H3: 4 | I3: 5 | J3: 6 | K3: 7 | L3: 8 | M3: 9 | N3: 10 | O3: 11 | P3: 12 | Q3: 13 | R3: 14 | S3: 15 | T3: 16 | U3: 17 | V3: 18 | W3: 19 | X3: 20 | Y3: 21 | Z3: 22 | AA3: 23 | AB3: 24 | AC3: 25 | AD3: 26 | AE3: 27 | AF3: 28 | AG3: 29 | AH3: 30 | AI3: 31
A4: 總計 | B4: 標準產量 | C4: 606112 | D4: 28862.476 | E4: 30080 | F4: 30304 | G4: 30096 | H4: 29920 | J4: 29760 | K4: 30080 | L4: 29792 | M4: 29256 | N4: 29440 | O4: 29480 | Q4: 29048 | R4: 28960 | S4: 28464 | T4: 27792 | U4: 27960 | V4: 28240 | X4: 27712 | Y4: 27560 | Z4: 27760 | AA4: 27400 | AB4: 27008
B5: 目標產量 | C5: 561740 | D5: 26749.524 | E5: 27860 | F5: 26750 | G5: 27790 | H5: 28520 | J5: 28520 | K5: 28520 | L5: 28520 | M5: 28000 | N5: 28440 | O5: 27200 | Q5: 26300 | R5: 27000 | S5: 24620 | T5: 25380 | U5: 26520 | V5: 26020 | X5: 25360 | Y5: 24340 | Z5: 24870 | AA5: 25210 | AB5: 26000 | AC5: 25440 | AE5: 25840 | AF5: 24990 | AG5: 24470 | AH5: 24480 | AI5: 24640
B6: 實際產量 | C6: 556851 | D6: 26516.714 | E6: 27944 | F6: 26847 | G6: 27609 | H6: 28137 | J6: 27914 | K6: 28814 | L6: 28372 | M6: 27156 | N6: 27192 | O6: 27366 | Q6: 26456 | R6: 25775 | S6: 23601 | T6: 25014 | U6: 26889 | V6: 26397 | X6: 25146 | Y6: 24342 | Z6: 24718 | AA6: 25296 | AB6: 25866
B7: 差異 | C7: -4889 | D7: -232.80952 | E7: 84 | F7: 97 | G7: -181 | H7: -383 | J7: -606 | K7: 294 | L7: -148 | M7: -844 | N7: -1248 | O7: 166 | Q7: 156 | R7: -1225 | S7: -1019 | T7: -366 | U7: 369 | V7: 377 | X7: -214 | Y7: 2 | Z7: -152 | AA7: 86 | AB7: -134
B8: 工時 | C8: 168 | D8: 8 | E8: 8 | F8: 8 | G8: 8 | H8: 8 | J8: 8 | K8: 8 | L8: 8 | M8: 8 | N8: 8 | O8: 8 | Q8: 8 | R8: 8 | S8: 8 | T8: 8 | U8: 8 | V8: 8 | X8: 8 | Y8: 8 | Z8: 8 | AA8: 8 | AB8: 8
B9: 直工人數 | C9: 1673 | D9: 1673 | E9: 1687 | F9: 1690 | G9: 1670 | H9: 1660 | J9: 1632 | K9: 1655 | L9: 1661 | M9: 1665 | N9: 1679 | O9: 1687 | Q9: 1679 | R9: 1715 | S9: 1711 | T9: 1698 | U9: 1694 | V9: 1678 | X9: 1693 | Y9: 1692 | Z9: 1709 | AA9: 1702 | AB9: 1688
B10: 時產能 | C10: 3314.5893 | D10: 3314.5893 | E10: 3493 | F10: 3355.875 | G10: 3451.125 | H10: 3517.125 | J10: 3489.25 | K10: 3601.75 | L10: 3546.5 | M10: 3394.5 | N10: 3399 | O10: 3420.75 | Q10: 3307 | R10: 3221.875 | S10: 2950.125 | T10: 3126.75 | U10: 3361.125 | V10: 3299.625 | X10: 3143.25 | Y10: 3042.75 | Z10: 3089.75 | AA10: 3162 | AB10: 3233.25
B11: 人均時產 | C11: 1.9812249 | D11: 1.9812249 | E11: 2.0705394 | F11: 1.9857249 | G11: 2.0665419 | H11: 2.11875 | J11: 2.1380208 | K11: 2.176284 | L11: 2.1351595 | M11: 2.0387387 | N11: 2.0244193 | O11: 2.0277119 | Q11: 1.9696248 | R11: 1.8786443 | S11: 1.724211 | T11: 1.8414311 | U11: 1.9841352 | V11: 1.9664035 | X11: 1.8566155 | Y11: 1.7983156 | Z11: 1.8079286 | AA11: 1.8578143 | AB11: 1.9154325
A12: A2_LEAN1-01_M | B12: 標準產量 | C12: 36344 | D12: 1730.6667 | E12: 1760 | F12: 1760 | G12: 1760 | H12: 1760 | J12: 1760 | K12: 1760 | L12: 1760 | M12: 1760 | N12: 1760 | O12: 1760 | Q12: 1760 | R12: 1760 | S12: 1760 | T12: 1704 | U12: 1680 | V12: 1680 | X12: 1680 | Y12: 1680 | Z12: 1680 | AA12: 1680 | AB12: 1680
B13: 目標產量 | C13: 30920 | D13: 1472.381 | E13: 1520 | F13: 1520 | G13: 1520 | H13: 1520 | J13: 1520 | K13: 1520 | L13: 1520 | M13: 1520 | N13: 1520 | O13: 1520 | Q13: 1520 | R13: 1520 | S13: 1520 | T13: 1080 | U13: 1440 | V13: 1440 | X13: 1440 | Y13: 1440 | Z13: 1440 | AA13: 1440 | AB13: 1440 | AC13: 1440 | AE13: 1440 | AF13: 1440 | AG13: 1440 | AH13: 1440 | AI13: 1440
B14: 實際產量 | C14: 31872 | D14: 1517.7143 | E14: 1458 | F14: 1728 | G14: 1512 | H14: 1416 | J14: 1620 | K14: 1548 | L14: 1494 | M14: 1398 | N14: 1500 | O14: 1548 | Q14: 1680 | R14: 1392 | S14: 1560 | T14: 1224 | U14: 1620 | V14: 1446 | X14: 1470 | Y14: 1524 | Z14: 1548 | AA14: 1596 | AB14: 1590
B15: 差異 | C15: 952 | D15: 45.333333 | E15: -62 | F15: 208 | G15: -8 | H15: -104 | J15: 100 | K15: 28 | L15: -26 | M15: -122 | N15: -20 | O15: 28 | Q15: 160 | R15: -128 | S15: 40 | T15: 144 | U15: 180 | V15: 6 | X15: 30 | Y15: 84 | Z15: 108 | AA15: 156 | AB15: 150
B16: 工時 | C16: 168 | D16: 8 | E16: 8 | F16: 8 | G16: 8 | H16: 8 | J16: 8 | K16: 8 | L16: 8 | M16: 8 | N16: 8 | O16: 8 | Q16: 8 | R16: 8 | S16: 8 | T16: 8 | U16: 8 | V16: 8 | X16: 8 | Y16: 8 | Z16: 8 | AA16: 8 | AB16: 8
B17: 直工人數 | C17: 73 | D17: 73 | E17: 77 | F17: 76 | G17: 75 | H17: 74 | J17: 72 | K17: 74 | L17: 72 | M17: 71 | N17: 73 | O17: 70 | Q17: 73 | R17: 75 | S17: 75 | T17: 75 | U17: 72 | V17: 74 | X17: 74 | Y17: 75 | Z17: 74 | AA17: 75 | AB17: 74
B18: 時產能 | C18: 189.71429 | D18: 189.71429 | E18: 182.25 | F18: 216 | G18: 189 | H18: 177 | J18: 202.5 | K18: 193.5 | L18: 186.75 | M18: 174.75 | N18: 187.5 | O18: 193.5 | Q18: 210 | R18: 174 | S18: 195 | T18: 153 | U18: 202.5 | V18: 180.75 | X18: 183.75 | Y18: 190.5 | Z18: 193.5 | AA18: 199.5 | AB18: 198.75
B19: 人均時產 | C19: 2.5988 | D19: 2.5988 | E19: 2.3669 | F19: 2.8421 | G19: 2.52 | H19: 2.3919 | J19: 2.8125 | K19: 2.6149 | L19: 2.5938 | M19: 2.4613 | N19: 2.5685 | O19: 2.7643 | Q19: 2.8767 | R19: 2.32 | S19: 2.6 | T19: 2.04 | U19: 2.8125 | V19: 2.4426 | X19: 2.4831 | Y19: 2.54 | Z19: 2.6149 | AA19: 2.66 | AB19: 2.6858
A20: A2_LEAN1-02_M | B20: 標準產量 | C20: 36960 | D20: 1760 | E20: 1760 | F20: 1760 | G20: 1760 | H20: 1760 | J20: 1760 | K20: 1760 | L20: 1760 | M20: 1760 | N20: 1760 | O20: 1760 | Q20: 1760 | R20: 1760 | S20: 1760 | T20: 1760 | U20: 1760 | V20: 1760 | X20: 1760 | Y20: 1760 | Z20: 1760 | AA20: 1760 | AB20: 1760
B21: 目標產量 | C21: 34860 | D21: 1660 | E21: 1680 | F21: 1680 | G21: 1680 | H21: 1680 | J21: 1680 | K21: 1680 | L21: 1680 | M21: 1680 | N21: 1680 | O21: 1260 | Q21: 1680 | R21: 1680 | S21: 1680 | T21: 1680 | U21: 1680 | V21: 1680 | X21: 1680 | Y21: 1680 | Z21: 1680 | AA21: 1680 | AB21: 1680 | AC21: 1680 | AE21: 1680 | AF21: 1680 | AG21: 1680 | AH21: 1680 | AI21: 1680
B22: 實際產量 | C22: 33812 | D22: 1610.0952 | E22: 1752 | F22: 1632 | G22: 1320 | H22: 1518 | J22: 1542 | K22: 1698 | L22: 1530 | M22: 1656 | N22: 1608 | O22: 1440 | Q22: 1596 | R22: 1580 | S22: 1560 | T22: 1512 | U22: 1728 | V22: 1728 | X22: 1518 | Y22: 1722 | Z22: 1734 | AA22: 1722 | AB22: 1716
B23: 差異 | C23: -1048 | D23: -49.904762 | E23: 72 | F23: -48 | G23: -360 | H23: -162 | J23: -138 | K23: 18 | L23: -150 | M23: -24 | N23: -72 | O23: 180 | Q23: -84 | R23: -100 | S23: -120 | T23: -168 | U23: 48 | V23: 48 | X23: -162 | Y23: 42 | Z23: 54 | AA23: 42 | AB23: 36
B24: 工時 | C24: 168 | D24: 8 | E24: 8 | F24: 8 | G24: 8 | H24: 8 | J24: 8 | K24: 8 | L24: 8 | M24: 8 | N24: 8 | O24: 8 | Q24: 8 | R24: 8 | S24: 8 | T24: 8 | U24: 8 | V24: 8 | X24: 8 | Y24: 8 | Z24: 8 | AA24: 8 | AB24: 8
B25: 直工人數 | C25: 89 | D25: 89 | E25: 91 | F25: 90 | G25: 91 | H25: 92 | J25: 86 | K25: 91 | L25: 90 | M25: 89 | N25: 92 | O25: 88 | Q25: 87 | R25: 89 | S25: 89 | T25: 88 | U25: 89 | V25: 88 | X25: 89 | Y25: 90 | Z25: 88 | AA25: 88 | AB25: 88
B26: 時產能 | C26: 201.2619 | D26: 201.2619 | E26: 219 | F26: 204 | G26: 165 | H26: 189.75 | J26: 192.75 | K26: 212.25 | L26: 191.25 | M26: 207 | N26: 201 | O26: 180 | Q26: 199.5 | R26: 197.5 | S26: 195 | T26: 189 | U26: 216 | V26: 216 | X26: 189.75 | Y26: 215.25 | Z26: 216.75 | AA26: 215.25 | AB26: 214.5
B27: 人均時產 | C27: 2.2614 | D27: 2.2614 | E27: 2.4066 | F27: 2.2667 | G27: 1.8132 | H27: 2.0625 | J27: 2.2413 | K27: 2.3324 | L27: 2.125 | M27: 2.3258 | N27: 2.1848 | O27: 2.0455 | Q27: 2.2931 | R27: 2.2191 | S27: 2.191 | T27: 2.1477 | U27: 2.427 | V27: 2.4545 | X27: 2.132 | Y27: 2.3917 | Z27: 2.4631 | AA27: 2.446 | AB27: 2.4375
A28: A2_LEAN1-03_M | B28: 標準產量 | C28: 36608 | D28: 1743.2381 | E28: 1760 | F28: 1760 | G28: 1760 | H28: 1760 | J28: 1760 | K28: 1760 | L28: 1760 | M28: 1760 | N28: 1760 | O28: 1760 | Q28: 1760 | R28: 1760 | S28: 1520 | T28: 1688 | U28: 1720 | V28: 1760 | X28: 1760 | Y28: 1760 | Z28: 1760 | AA28: 1760 | AB28: 1760
B29: 目標產量 | C29: 34020 | D29: 1620 | E29: 1680 | F29: 1680 | G29: 1680 | H29: 1680 | J29: 1680 | K29: 1680 | L29: 1680 | M29: 1680 | N29: 1680 | O29: 1680 | Q29: 1080 | R29: 1440 | S29: 1260 | T29: 1680 | U29: 1680 | V29: 1680 | X29: 1680 | Y29: 1680 | Z29: 1680 | AA29: 1680 | AB29: 1680 | AC29: 1680 | AE29: 1680 | AF29: 1680 | AG29: 1680 | AH29: 1680 | AI29: 1680
B30: 實際產量 | C30: 33944 | D30: 1616.381 | E30: 1776 | F30: 1572 | G30: 1644 | H30: 1812 | J30: 1728 | K30: 1728 | L30: 1530 | M30: 1842 | N30: 1704 | O30: 1686 | Q30: 1382 | R30: 1350 | S30: 990 | T30: 1506 | U30: 1554 | V30: 1716 | X30: 1518 | Y30: 1722 | Z30: 1728 | AA30: 1728 | AB30: 1728
B31: 差異 | C31: -76 | D31: -3.6190476 | E31: 96 | F31: -108 | G31: -36 | H31: 132 | J31: 48 | K31: 48 | L31: -150 | M31: 162 | N31: 24 | O31: 6 | Q31: 302 | R31: -90 | S31: -270 | T31: -174 | U31: -126 | V31: 36 | X31: -162 | Y31: 42 | Z31: 48 | AA31: 48 | AB31: 48
B32: 工時 | C32: 168 | D32: 8 | E32: 8 | F32: 8 | G32: 8 | H32: 8 | J32: 8 | K32: 8 | L32: 8 | M32: 8 | N32: 8 | O32: 8 | Q32: 8 | R32: 8 | S32: 8 | T32: 8 | U32: 8 | V32: 8 | X32: 8 | Y32: 8 | Z32: 8 | AA32: 8 | AB32: 8
B33: 直工人數 | C33: 86 | D33: 86 | E33: 91 | F33: 92 | G33: 86 | H33: 87 | J33: 88 | K33: 88 | L33: 89 | M33: 86 | N33: 88 | O33: 86 | Q33: 85 | R33: 88 | S33: 85 | T33: 88 | U33: 86 | V33: 85 | X33: 88 | Y33: 86 | Z33: 84 | AA33: 84 | AB33: 83
B34: 時產能 | C34: 202.04762 | D34: 202.04762 | E34: 222 | F34: 196.5 | G34: 205.5 | H34: 226.5 | J34: 216 | K34: 216 | L34: 191.25 | M34: 230.25 | N34: 213 | O34: 210.75 | Q34: 172.75 | R34: 168.75 | S34: 123.75 | T34: 188.25 | U34: 194.25 | V34: 214.5 | X34: 189.75 | Y34: 215.25 | Z34: 216 | AA34: 216 | AB34: 216
B35: 人均時產 | C35: 2.3494 | D35: 2.3494 | E35: 2.4396 | F35: 2.1359 | G35: 2.3895 | H35: 2.6034 | J35: 2.4545 | K35: 2.4545 | L35: 2.1489 | M35: 2.6773 | N35: 2.4205 | O35: 2.4506 | Q35: 2.0324 | R35: 1.9176 | S35: 1.4559 | T35: 2.1392 | U35: 2.2587 | V35: 2.5235 | X35: 2.1563 | Y35: 2.5029 | Z35: 2.5714 | AA35: 2.5714 | AB35: 2.6024
A36: A2_LEAN1-04_M | B36: 標準產量 | C36: 28056 | D36: 1336 | E36: 1760 | F36: 1640 | G36: 1376 | H36: 1280 | J36: 1280 | K36: 1520 | L36: 1280 | M36: 1280 | N36: 1280 | O36: 1280 | Q36: 1280 | R36: 1280 | S36: 1280 | T36: 1280 | U36: 1280 | V36: 1280 | X36: 1280 | Y36: 1280 | Z36: 1280 | AA36: 1280 | AB36: 1280
B37: 目標產量 | C37: 25860 | D37: 1231.4286 | E37: 1680 | F37: 930 | G37: 930 | H37: 1240 | J37: 1240 | K37: 1240 | L37: 1240 | M37: 1240 | N37: 1240 | O37: 1240 | Q37: 1240 | R37: 1240 | S37: 1240 | T37: 1240 | U37: 1240 | V37: 1240 | X37: 1240 | Y37: 1240 | Z37: 1240 | AA37: 1240 | AB37: 1240 | AC37: 1240 | AE37: 1240 | AF37: 1240 | AG37: 1240 | AH37: 1240 | AI37: 1240
B38: 實際產量 | C38: 26359 | D38: 1255.1905 | E38: 1656 | F38: 1059 | G38: 1059 | H38: 1061 | J38: 1130 | K38: 1292 | L38: 1272 | M38: 960 | N38: 1092 | O38: 1260 | Q38: 1176 | R38: 1245 | S38: 909 | T38: 1302 | U38: 1410 | V38: 1542 | X38: 1212 | Y38: 1260 | Z38: 1474 | AA38: 1344 | AB38: 1644
B39: 差異 | C39: 499 | D39: 23.761905 | E39: -24 | F39: 129 | G39: 129 | H39: -179 | J39: -110 | K39: 52 | L39: 32 | M39: -280 | N39: -148 | O39: 20 | Q39: -64 | R39: 5 | S39: -331 | T39: 62 | U39: 170 | V39: 302 | X39: -28 | Y39: 20 | Z39: 234 | AA39: 104 | AB39: 404
B40: 工時 | C40: 168 | D40: 8 | E40: 8 | F40: 8 | G40: 8 | H40: 8 | J40: 8 | K40: 8 | L40: 8 | M40: 8 | N40: 8 | O40: 8 | Q40: 8 | R40: 8 | S40: 8 | T40: 8 | U40: 8 | V40: 8 | X40: 8 | Y40: 8 | Z40: 8 | AA40: 8 | AB40: 8
B41: 直工人數 | C41: 86 | D41: 86 | E41: 87 | F41: 86 | G41: 85 | H41: 84 | J41: 85 | K41: 86 | L41: 87 | M41: 86 | N41: 90 | O41: 87 | Q41: 85 | R41: 88 | S41: 86 | T41: 87 | U41: 86 | V41: 86 | X41: 86 | Y41: 88 | Z41: 89 | AA41: 86 | AB41: 86
B42: 時產能 | C42: 156.89881 | D42: 156.89881 | E42: 207 | F42: 132.375 | G42: 132.375 | H42: 132.625 | J42: 141.25 | K42: 161.5 | L42: 159 | M42: 120 | N42: 136.5 | O42: 157.5 | Q42: 147 | R42: 155.625 | S42: 113.625 | T42: 162.75 | U42: 176.25 | V42: 192.75 | X42: 151.5 | Y42: 157.5 | Z42: 184.25 | AA42: 168 | AB42: 205.5
B43: 人均時產 | C43: 1.8244 | D43: 1.8244 | E43: 2.3793 | F43: 1.5392 | G43: 1.5574 | H43: 1.5789 | J43: 1.6618 | K43: 1.8779 | L43: 1.8276 | M43: 1.3953 | N43: 1.5167 | O43: 1.8103 | Q43: 1.7294 | R43: 1.7685 | S43: 1.3212 | T43: 1.8707 | U43: 2.0494 | V43: 2.2413 | X43: 1.7616 | Y43: 1.7898 | Z43: 2.0702 | AA43: 1.9535 | AB43: 2.3895
A44: A2_LEAN1-05_M | B44: 標準產量 | C44: 36960 | D44: 1760 | E44: 1760 | F44: 1760 | G44: 1760 | H44: 1760 | J44: 1760 | K44: 1760 | L44: 1760 | M44: 1760 | N44: 1760 | O44: 1760 | Q44: 1760 | R44: 1760 | S44: 1760 | T44: 1760 | U44: 1760 | V44: 1760 | X44: 1760 | Y44: 1760 | Z44: 1760 | AA44: 1760 | AB44: 1760
B45: 目標產量 | C45: 35280 | D45: 1680 | E45: 1680 | F45: 1680 | G45: 1680 | H45: 1680 | J45: 1680 | K45: 1680 | L45: 1680 | M45: 1680 | N45: 1680 | O45: 1680 | Q45: 1680 | R45: 1680 | S45: 1680 | T45: 1680 | U45: 1680 | V45: 1680 | X45: 1680 | Y45: 1680 | Z45: 1680 | AA45: 1680 | AB45: 1680 | AC45: 1680 | AE45: 1680 | AF45: 1680 | AG45: 1680 | AH45: 1680 | AI45: 1680
B46: 實際產量 | C46: 34266 | D46: 1631.7143 | E46: 1548 | F46: 1506 | G46: 1728 | H46: 1614 | J46: 1626 | K46: 1728 | L46: 1740 | M46: 1632 | N46: 1596 | O46: 1548 | Q46: 1332 | R46: 1392 | S46: 1596 | T46: 1512 | U46: 1728 | V46: 1728 | X46: 1728 | Y46: 1692 | Z46: 1548 | AA46: 1944 | AB46: 1800
B47: 差異 | C47: -1014 | D47: -48.285714 | E47: -132 | F47: -174 | G47: 48 | H47: -66 | J47: -54 | K47: 48 | L47: 60 | M47: -48 | N47: -84 | O47: -132 | Q47: -348 | R47: -288 | S47: -84 | T47: -168 | U47: 48 | V47: 48 | X47: 48 | Y47: 12 | Z47: -132 | AA47: 264 | AB47: 120
B48: 工時 | C48: 168 | D48: 8 | E48: 8 | F48: 8 | G48: 8 | H48: 8 | J48: 8 | K48: 8 | L48: 8 | M48: 8 | N48: 8 | O48: 8 | Q48: 8 | R48: 8 | S48: 8 | T48: 8 | U48: 8 | V48: 8 | X48: 8 | Y48: 8 | Z48: 8 | AA48: 8 | AB48: 8
B49: 直工人數 | C49: 73 | D49: 73 | E49: 75 | F49: 74 | G49: 74 | H49: 74 | J49: 71 | K49: 72 | L49: 70 | M49: 74 | N49: 74 | O49: 73 | Q49: 76 | R49: 76 | S49: 77 | T49: 74 | U49: 74 | V49: 69 | X49: 75 | Y49: 75 | Z49: 75 | AA49: 73 | AB49: 74
B50: 時產能 | C50: 203.96429 | D50: 203.96429 | E50: 193.5 | F50: 188.25 | G50: 216 | H50: 201.75 | J50: 203.25 | K50: 216 | L50: 217.5 | M50: 204 | N50: 199.5 | O50: 193.5 | Q50: 166.5 | R50: 174 | S50: 199.5 | T50: 189 | U50: 216 | V50: 216 | X50: 216 | Y50: 211.5 | Z50: 193.5 | AA50: 243 | AB50: 225
B51: 人均時產 | C51: 2.794 | D51: 2.794 | E51: 2.58 | F51: 2.5439 | G51: 2.9189 | H51: 2.7264 | J51: 2.8627 | K51: 3 | L51: 3.1071 | M51: 2.7568 | N51: 2.6959 | O51: 2.6507 | Q51: 2.1908 | R51: 2.2895 | S51: 2.5909 | T51: 2.5541 | U51: 2.9189 | V51: 3.1304 | X51: 2.88 | Y51: 2.82 | Z51: 2.58 | AA51: 3.3288 | AB51: 3.0405
A52: A2_LEAN2-06_M | B52: 標準產量 | C52: 38768 | D52: 1846.0952 | E52: 1760 | F52: 1864 | G52: 1920 | H52: 1920 | J52: 1920 | K52: 1920 | L52: 1920 | M52: 1920 | N52: 1920 | O52: 1920 | Q52: 1920 | R52: 1920 | S52: 1864 | T52: 1760 | U52: 1760 | V52: 1760 | X52: 1760 | Y52: 1760 | Z52: 1760 | AA52: 1760 | AB52: 1760
B53: 目標產量 | C53: 35740 | D53: 1701.9048 | E53: 1680 | F53: 1380 | G53: 1840 | H53: 1840 | J53: 1840 | K53: 1840 | L53: 1840 | M53: 1840 | N53: 1840 | O53: 1840 | Q53: 1840 | R53: 1840 | S53: 1260 | T53: 1260 | U53: 1680 | V53: 1680 | X53: 1680 | Y53: 1680 | Z53: 1680 | AA53: 1680 | AB53: 1680 | AC53: 1680 | AE53: 1680 | AF53: 1680 | AG53: 1680 | AH53: 1680 | AI53: 1680
B54: 實際產量 | C54: 35780 | D54: 1703.8095 | E54: 1680 | F54: 1380 | G54: 1842 | H54: 1842 | J54: 1842 | K54: 1844 | L54: 1842 | M54: 1842 | N54: 1848 | O54: 1842 | Q54: 1842 | R54: 1842 | S54: 1260 | T54: 1266 | U54: 1680 | V54: 1686 | X54: 1680 | Y54: 1680 | Z54: 1680 | AA54: 1680 | AB54: 1680
B55: 差異 | C55: 40 | D55: 1.9047619 | E55: 0 | F55: 0 | G55: 2 | H55: 2 | J55: 2 | K55: 4 | L55: 2 | M55: 2 | N55: 8 | O55: 2 | Q55: 2 | R55: 2 | S55: 0 | T55: 6 | U55: 0 | V55: 6 | X55: 0 | Y55: 0 | Z55: 0 | AA55: 0 | AB55: 0
B56: 工時 | C56: 168 | D56: 8 | E56: 8 | F56: 8 | G56: 8 | H56: 8 | J56: 8 | K56: 8 | L56: 8 | M56: 8 | N56: 8 | O56: 8 | Q56: 8 | R56: 8 | S56: 8 | T56: 8 | U56: 8 | V56: 8 | X56: 8 | Y56: 8 | Z56: 8 | AA56: 8 | AB56: 8
B57: 直工人數 | C57: 96 | D57: 96 | E57: 97 | F57: 100 | G57: 97 | H57: 96 | J57: 90 | K57: 95 | L57: 97 | M57: 96 | N57: 99 | O57: 94 | Q57: 96 | R57: 99 | S57: 97 | T57: 96 | U57: 97 | V57: 94 | X57: 99 | Y57: 98 | Z57: 100 | AA57: 97 | AB57: 96
B58: 時產能 | C58: 212.97619 | D58: 212.97619 | E58: 210 | F58: 172.5 | G58: 230.25 | H58: 230.25 | J58: 230.25 | K58: 230.5 | L58: 230.25 | M58: 230.25 | N58: 231 | O58: 230.25 | Q58: 230.25 | R58: 230.25 | S58: 157.5 | T58: 158.25 | U58: 210 | V58: 210.75 | X58: 210 | Y58: 210 | Z58: 210 | AA58: 210 | AB58: 210
B59: 人均時產 | C59: 2.2185 | D59: 2.2185 | E59: 2.1649 | F59: 1.725 | G59: 2.3737 | H59: 2.3984 | J59: 2.5583 | K59: 2.4263 | L59: 2.3737 | M59: 2.3984 | N59: 2.3333 | O59: 2.4495 | Q59: 2.3984 | R59: 2.3258 | S59: 1.6237 | T59: 1.6484 | U59: 2.1649 | V59: 2.242 | X59: 2.1212 | Y59: 2.1429 | Z59: 2.1 | AA59: 2.1649 | AB59: 2.1875
A60: A2_LEAN2-07_M | B60: 標準產量 | C60: 32032 | D60: 1525.3333 | E60: 1920 | F60: 1920 | G60: 1920 | H60: 1920 | J60: 1920 | K60: 1920 | L60: 1792 | M60: 1280 | N60: 1600 | O60: 1600 | Q60: 1280 | R60: 1280 | S60: 1280 | T60: 1280 | U60: 1280 | V60: 1280 | X60: 1440 | Y60: 1280 | Z60: 1280 | AA60: 1280 | AB60: 1280
B61: 目標產量 | C61: 31340 | D61: 1492.381 | E61: 1440 | F61: 1380 | G61: 1840 | H61: 1840 | J61: 1840 | K61: 1840 | L61: 1840 | M61: 1840 | N61: 1840 | O61: 1020 | Q61: 1020 | R61: 1360 | S61: 1360 | T61: 1360 | U61: 1360 | V61: 1360 | X61: 1360 | Y61: 1360 | Z61: 1360 | AA61: 1360 | AB61: 1360 | AC61: 1360 | AE61: 1360 | AF61: 1360 | AG61: 1360 | AH61: 1360 | AI61: 1360
B62: 實際產量 | C62: 28746 | D62: 1368.8571 | E62: 1440 | F62: 1380 | G62: 1842 | H62: 1840 | J62: 1844 | K62: 1836 | L62: 1842 | M62: 1284 | N62: 900 | O62: 1020 | Q62: 1020 | R62: 1152 | S62: 1362 | T62: 1368 | U62: 1362 | V62: 1362 | X62: 1362 | Y62: 1230 | Z62: 1140 | AA62: 1200 | AB62: 960
B63: 差異 | C63: -2594 | D63: -123.52381 | E63: 0 | F63: 0 | G63: 2 | H63: 0 | J63: 4 | K63: -4 | L63: 2 | M63: -556 | N63: -940 | O63: 0 | Q63: 0 | R63: -208 | S63: 2 | T63: 8 | U63: 2 | V63: 2 | X63: 2 | Y63: -130 | Z63: -220 | AA63: -160 | AB63: -400
B64: 工時 | C64: 168 | D64: 8 | E64: 8 | F64: 8 | G64: 8 | H64: 8 | J64: 8 | K64: 8 | L64: 8 | M64: 8 | N64: 8 | O64: 8 | Q64: 8 | R64: 8 | S64: 8 | T64: 8 | U64: 8 | V64: 8 | X64: 8 | Y64: 8 | Z64: 8 | AA64: 8 | AB64: 8
B65: 直工人數 | C65: 127 | D65: 127 | E65: 128 | F65: 130 | G65: 128 | H65: 124 | J65: 126 | K65: 128 | L65: 126 | M65: 129 | N65: 127 | O65: 126 | Q65: 122 | R65: 127 | S65: 128 | T65: 127 | U65: 127 | V65: 128 | X65: 128 | Y65: 126 | Z65: 129 | AA65: 131 | AB65: 128
B66: 時產能 | C66: 171.10714 | D66: 171.10714 | E66: 180 | F66: 172.5 | G66: 230.25 | H66: 230 | J66: 230.5 | K66: 229.5 | L66: 230.25 | M66: 160.5 | N66: 112.5 | O66: 127.5 | Q66: 127.5 | R66: 144 | S66: 170.25 | T66: 171 | U66: 170.25 | V66: 170.25 | X66: 170.25 | Y66: 153.75 | Z66: 142.5 | AA66: 150 | AB66: 120
B67: 人均時產 | C67: 1.3473 | D67: 1.3473 | E67: 1.4063 | F67: 1.3269 | G67: 1.7988 | H67: 1.8548 | J67: 1.8294 | K67: 1.793 | L67: 1.8274 | M67: 1.2442 | N67: 0.8858 | O67: 1.0119 | Q67: 1.0451 | R67: 1.1339 | S67: 1.3301 | T67: 1.3465 | U67: 1.3406 | V67: 1.3301 | X67: 1.3301 | Y67: 1.2202 | Z67: 1.1047 | AA67: 1.145 | AB67: 0.9375
A68: A2_LEAN2-08_M | B68: 標準產量 | C68: 38608 | D68: 1838.4762 | E68: 1920 | F68: 1920 | G68: 1920 | H68: 1920 | J68: 1920 | K68: 1920 | L68: 1920 | M68: 1920 | N68: 1920 | O68: 1920 | Q68: 1808 | R68: 1760 | S68: 1760 | T68: 1760 | U68: 1760 | V68: 1760 | X68: 1760 | Y68: 1760 | Z68: 1760 | AA68: 1760 | AB68: 1760
B69: 目標產量 | C69: 34320 | D69: 1634.2857 | E69: 1840 | F69: 1840 | G69: 1840 | H69: 1840 | J69: 1840 | K69: 1840 | L69: 1840 | M69: 1840 | N69: 1840 | O69: 1840 | Q69: 1840 | R69: 1840 | S69: 1080 | T69: 1080 | U69: 1440 | V69: 1440 | X69: 1440 | Y69: 1440 | Z69: 1440 | AA69: 1440 | AB69: 1440 | AC69: 1440 | AE69: 1440 | AF69: 1440 | AG69: 1440 | AH69: 1440 | AI69: 1440
B70: 實際產量 | C70: 34344 | D70: 1635.4286 | E70: 1842 | F70: 1842 | G70: 1842 | H70: 1842 | J70: 1842 | K70: 1842 | L70: 1842 | M70: 1842 | N70: 1842 | O70: 1842 | Q70: 1842 | R70: 1842 | S70: 1080 | T70: 1080 | U70: 1440 | V70: 1440 | X70: 1440 | Y70: 1440 | Z70: 1440 | AA70: 1440 | AB70: 1440
B71: 差異 | C71: 24 | D71: 1.1428571 | E71: 2 | F71: 2 | G71: 2 | H71: 2 | J71: 2 | K71: 2 | L71: 2 | M71: 2 | N71: 2 | O71: 2 | Q71: 2 | R71: 2 | S71: 0 | T71: 0 | U71: 0 | V71: 0 | X71: 0 | Y71: 0 | Z71: 0 | AA71: 0 | AB71: 0
B72: 工時 | C72: 168 | D72: 8 | E72: 8 | F72: 8 | G72: 8 | H72: 8 | J72: 8 | K72: 8 | L72: 8 | M72: 8 | N72: 8 | O72: 8 | Q72: 8 | R72: 8 | S72: 8 | T72: 8 | U72: 8 | V72: 8 | X72: 8 | Y72: 8 | Z72: 8 | AA72: 8 | AB72: 8
B73: 直工人數 | C73: 114 | D73: 114 | E73: 110 | F73: 110 | G73: 109 | H73: 106 | J73: 107 | K73: 108 | L73: 113 | M73: 111 | N73: 118 | O73: 116 | Q73: 116 | R73: 116 | S73: 115 | T73: 117 | U73: 118 | V73: 119 | X73: 120 | Y73: 118 | Z73: 118 | AA73: 121 | AB73: 120
B74: 時產能 | C74: 204.42857 | D74: 204.42857 | E74: 230.25 | F74: 230.25 | G74: 230.25 | H74: 230.25 | J74: 230.25 | K74: 230.25 | L74: 230.25 | M74: 230.25 | N74: 230.25 | O74: 230.25 | Q74: 230.25 | R74: 230.25 | S74: 135 | T74: 135 | U74: 180 | V74: 180 | X74: 180 | Y74: 180 | Z74: 180 | AA74: 180 | AB74: 180
B75: 人均時產 | C75: 1.7932 | D75: 1.7932 | E75: 2.0932 | F75: 2.0932 | G75: 2.1124 | H75: 2.1722 | J75: 2.1519 | K75: 2.1319 | L75: 2.0376 | M75: 2.0743 | N75: 1.9513 | O75: 1.9849 | Q75: 1.9849 | R75: 1.9849 | S75: 1.1739 | T75: 1.1538 | U75: 1.5254 | V75: 1.5126 | X75: 1.5 | Y75: 1.5254 | Z75: 1.5254 | AA75: 1.4876 | AB75: 1.5
A76: A2_LEAN2-09_M | B76: 標準產量 | C76: 34944 | D76: 1664 | E76: 1760 | F76: 1760 | G76: 1760 | H76: 1760 | J76: 1760 | K76: 1760 | L76: 1760 | M76: 1760 | N76: 1760 | O76: 1760 | Q76: 1760 | R76: 1760 | S76: 1760 | T76: 1280 | U76: 1440 | V76: 1760 | X76: 1544 | Y76: 1480 | Z76: 1600 | AA76: 1600 | AB76: 1360
B77: 目標產量 | C77: 32900 | D77: 1566.6667 | E77: 1680 | F77: 1680 | G77: 1680 | H77: 1680 | J77: 1680 | K77: 1680 | L77: 1680 | M77: 1680 | N77: 1680 | O77: 1680 | Q77: 1680 | R77: 1680 | S77: 1680 | T77: 1680 | U77: 1680 | V77: 1680 | X77: 1680 | Y77: 840 | Z77: 840 | AA77: 1140 | AB77: 1520 | AC77: 1520 | AE77: 1520 | AF77: 1520 | AG77: 1520 | AH77: 840 | AI77: 840
B78: 實際產量 | C78: 32938 | D78: 1568.4762 | E78: 1680 | F78: 1680 | G78: 1692 | H78: 1680 | J78: 1680 | K78: 1680 | L78: 1684 | M78: 1680 | N78: 1680 | O78: 1686 | Q78: 1680 | R78: 1680 | S78: 1680 | T78: 1689 | U78: 1680 | V78: 1680 | X78: 1683 | Y78: 840 | Z78: 840 | AA78: 1140 | AB78: 1524
B79: 差異 | C79: 38 | D79: 1.8095238 | E79: 0 | F79: 0 | G79: 12 | H79: 0 | J79: 0 | K79: 0 | L79: 4 | M79: 0 | N79: 0 | O79: 6 | Q79: 0 | R79: 0 | S79: 0 | T79: 9 | U79: 0 | V79: 0 | X79: 3 | Y79: 0 | Z79: 0 | AA79: 0 | AB79: 4
B80: 工時 | C80: 168 | D80: 8 | E80: 8 | F80: 8 | G80: 8 | H80: 8 | J80: 8 | K80: 8 | L80: 8 | M80: 8 | N80: 8 | O80: 8 | Q80: 8 | R80: 8 | S80: 8 | T80: 8 | U80: 8 | V80: 8 | X80: 8 | Y80: 8 | Z80: 8 | AA80: 8 | AB80: 8
B81: 直工人數 | C81: 108 | D81: 108 | E81: 110 | F81: 111 | G81: 109 | H81: 109 | J81: 104 | K81: 105 | L81: 104 | M81: 109 | N81: 108 | O81: 106 | Q81: 109 | R81: 112 | S81: 112 | T81: 108 | U81: 106 | V81: 107 | X81: 111 | Y81: 112 | Z81: 111 | AA81: 111 | AB81: 109
B82: 時產能 | C82: 196.05952 | D82: 196.05952 | E82: 210 | F82: 210 | G82: 211.5 | H82: 210 | J82: 210 | K82: 210 | L82: 210.5 | M82: 210 | N82: 210 | O82: 210.75 | Q82: 210 | R82: 210 | S82: 210 | T82: 211.125 | U82: 210 | V82: 210 | X82: 210.375 | Y82: 105 | Z82: 105 | AA82: 142.5 | AB82: 190.5
B83: 人均時產 | C83: 1.8154 | D83: 1.8154 | E83: 1.9091 | F83: 1.8919 | G83: 1.9404 | H83: 1.9266 | J83: 2.0192 | K83: 2 | L83: 2.024 | M83: 1.9266 | N83: 1.9444 | O83: 1.9882 | Q83: 1.9266 | R83: 1.875 | S83: 1.875 | T83: 1.9549 | U83: 1.9811 | V83: 1.9626 | X83: 1.8953 | Y83: 0.9375 | Z83: 0.9459 | AA83: 1.2838 | AB83: 1.7477
A84: A2_LEAN2-10_M | B84: 標準產量 | C84: 39088 | D84: 1861.3333 | E84: 1920 | F84: 1920 | G84: 1920 | H84: 1920 | J84: 1920 | K84: 1880 | L84: 1840 | M84: 1840 | N84: 1840 | O84: 1840 | Q84: 1840 | R84: 1840 | S84: 1840 | T84: 1840 | U84: 1840 | V84: 1840 | X84: 1840 | Y84: 1840 | Z84: 1840 | AA84: 1840 | AB84: 1848
B85: 目標產量 | C85: 37080 | D85: 1765.7143 | E85: 1840 | F85: 1840 | G85: 1840 | H85: 1840 | J85: 1840 | K85: 1840 | L85: 1840 | M85: 1320 | N85: 1760 | O85: 1760 | Q85: 1760 | R85: 1760 | S85: 1760 | T85: 1760 | U85: 1760 | V85: 1760 | X85: 1760 | Y85: 1760 | Z85: 1760 | AA85: 1760 | AB85: 1760 | AC85: 1200 | AE85: 1600 | AF85: 1600 | AG85: 1080 | AH85: 1440 | AI85: 1440
B86: 實際產量 | C86: 37158 | D86: 1769.4286 | E86: 1842 | F86: 1842 | G86: 1842 | H86: 1842 | J86: 1842 | K86: 1842 | L86: 1842 | M86: 1332 | N86: 1764 | O86: 1764 | Q86: 1764 | R86: 1764 | S86: 1764 | T86: 1764 | U86: 1764 | V86: 1764 | X86: 1764 | Y86: 1764 | Z86: 1764 | AA86: 1764 | AB86: 1764
B87: 差異 | C87: 78 | D87: 3.7142857 | E87: 2 | F87: 2 | G87: 2 | H87: 2 | J87: 2 | K87: 2 | L87: 2 | M87: 12 | N87: 4 | O87: 4 | Q87: 4 | R87: 4 | S87: 4 | T87: 4 | U87: 4 | V87: 4 | X87: 4 | Y87: 4 | Z87: 4 | AA87: 4 | AB87: 4
B88: 工時 | C88: 168 | D88: 8 | E88: 8 | F88: 8 | G88: 8 | H88: 8 | J88: 8 | K88: 8 | L88: 8 | M88: 8 | N88: 8 | O88: 8 | Q88: 8 | R88: 8 | S88: 8 | T88: 8 | U88: 8 | V88: 8 | X88: 8 | Y88: 8 | Z88: 8 | AA88: 8 | AB88: 8
B89: 直工人數 | C89: 82 | D89: 82 | E89: 85 | F89: 85 | G89: 85 | H89: 84 | J89: 82 | K89: 85 | L89: 82 | M89: 82 | N89: 83 | O89: 84 | Q89: 79 | R89: 83 | S89: 82 | T89: 79 | U89: 83 | V89: 84 | X89: 79 | Y89: 79 | Z89: 83 | AA89: 82 | AB89: 80
B90: 時產能 | C90: 221.17857 | D90: 221.17857 | E90: 230.25 | F90: 230.25 | G90: 230.25 | H90: 230.25 | J90: 230.25 | K90: 230.25 | L90: 230.25 | M90: 166.5 | N90: 220.5 | O90: 220.5 | Q90: 220.5 | R90: 220.5 | S90: 220.5 | T90: 220.5 | U90: 220.5 | V90: 220.5 | X90: 220.5 | Y90: 220.5 | Z90: 220.5 | AA90: 220.5 | AB90: 220.5
B91: 人均時產 | C91: 2.6973 | D91: 2.6973 | E91: 2.7088 | F91: 2.7088 | G91: 2.7088 | H91: 2.7411 | J91: 2.8079 | K91: 2.7088 | L91: 2.8079 | M91: 2.0305 | N91: 2.6566 | O91: 2.625 | Q91: 2.7911 | R91: 2.6566 | S91: 2.689 | T91: 2.7911 | U91: 2.6566 | V91: 2.625 | X91: 2.7911 | Y91: 2.7911 | Z91: 2.6566 | AA91: 2.689 | AB91: 2.7563
A92: A2_LEAN2-11_M | B92: 標準產量 | C92: 38096 | D92: 1814.0952 | E92: 1920 | F92: 1920 | G92: 1920 | H92: 1920 | J92: 1920 | K92: 1920 | L92: 1920 | M92: 1896 | N92: 1760 | O92: 1800 | Q92: 1800 | R92: 1760 | S92: 1760 | T92: 1760 | U92: 1760 | V92: 1760 | X92: 1760 | Y92: 1760 | Z92: 1760 | AA92: 1760 | AB92: 1560
B93: 目標產量 | C93: 35000 | D93: 1666.6667 | E93: 1840 | F93: 1840 | G93: 1840 | H93: 1840 | J93: 1840 | K93: 1840 | L93: 1840 | M93: 1840 | N93: 1840 | O93: 1840 | Q93: 1840 | R93: 1840 | S93: 1080 | T93: 1440 | U93: 1440 | V93: 1440 | X93: 1440 | Y93: 1440 | Z93: 1760 | AA93: 1440 | AB93: 1440 | AC93: 1440 | AE93: 1440 | AF93: 1440 | AG93: 1440 | AH93: 1440 | AI93: 1440
B94: 實際產量 | C94: 35058 | D94: 1669.4286 | E94: 1842 | F94: 1872 | G94: 1842 | H94: 1842 | J94: 1842 | K94: 1842 | L94: 1842 | M94: 1842 | N94: 1842 | O94: 1842 | Q94: 1842 | R94: 1842 | S94: 1080 | T94: 1440 | U94: 1440 | V94: 1440 | X94: 1440 | Y94: 1440 | Z94: 1764 | AA94: 1440 | AB94: 1440
B95: 差異 | C95: 58 | D95: 2.7619048 | E95: 2 | F95: 32 | G95: 2 | H95: 2 | J95: 2 | K95: 2 | L95: 2 | M95: 2 | N95: 2 | O95: 2 | Q95: 2 | R95: 2 | S95: 0 | T95: 0 | U95: 0 | V95: 0 | X95: 0 | Y95: 0 | Z95: 4 | AA95: 0 | AB95: 0
B96: 工時 | C96: 168 | D96: 8 | E96: 8 | F96: 8 | G96: 8 | H96: 8 | J96: 8 | K96: 8 | L96: 8 | M96: 8 | N96: 8 | O96: 8 | Q96: 8 | R96: 8 | S96: 8 | T96: 8 | U96: 8 | V96: 8 | X96: 8 | Y96: 8 | Z96: 8 | AA96: 8 | AB96: 8
B97: 直工人數 | C97: 104 | D97: 104 | E97: 104 | F97: 106 | G97: 107 | H97: 104 | J97: 103 | K97: 105 | L97: 106 | M97: 108 | N97: 110 | O97: 102 | Q97: 105 | R97: 108 | S97: 107 | T97: 106 | U97: 103 | V97: 102 | X97: 100 | Y97: 102 | Z97: 106 | AA97: 106 | AB97: 103
B98: 時產能 | C98: 208.67857 | D98: 208.67857 | E98: 230.25 | F98: 234 | G98: 230.25 | H98: 230.25 | J98: 230.25 | K98: 230.25 | L98: 230.25 | M98: 230.25 | N98: 230.25 | O98: 230.25 | Q98: 230.25 | R98: 230.25 | S98: 135 | T98: 180 | U98: 180 | V98: 180 | X98: 180 | Y98: 180 | Z98: 220.5 | AA98: 180 | AB98: 180
B99: 人均時產 | C99: 2.0065 | D99: 2.0065 | E99: 2.2139 | F99: 2.2075 | G99: 2.1519 | H99: 2.2139 | J99: 2.2354 | K99: 2.1929 | L99: 2.1722 | M99: 2.1319 | N99: 2.0932 | O99: 2.2574 | Q99: 2.1929 | R99: 2.1319 | S99: 1.2617 | T99: 1.6981 | U99: 1.7476 | V99: 1.7647 | X99: 1.8 | Y99: 1.7647 | Z99: 2.0802 | AA99: 1.6981 | AB99: 1.7476
A100: A2_LEAN3-12_M | B100: 標準產量 | C100: 33520 | D100: 1596.1905 | E100: 1520 | F100: 1520 | G100: 1520 | H100: 1520 | J100: 1520 | K100: 1640 | L100: 1760 | M100: 1760 | N100: 1760 | O100: 1760 | Q100: 1760 | R100: 1760 | S100: 1560 | T100: 1360 | U100: 1360 | V100: 1360 | X100: 1360 | Y100: 1680 | Z100: 1680 | AA100: 1680 | AB100: 1680
...

Sheet 3.4 A1廠人均時產能-成型
A1: 回到首頁
A2: 2017/03月成型人均時產能報表
A3: Lean線 | B3: 項目 | C3: 總計 | D3: 日平均 | E3: 1 | F3: 2 | G3: 3 | H3: 4 | I3: 5 | J3: 6 | K3: 7 | L3: 8 | M3: 9 | N3: 10 | O3: 11 | P3: 12 | Q3: 13 | R3: 14 | S3: 15 | T3: 16 | U3: 17 | V3: 18 | W3: 19 | X3: 20 | Y3: 21 | Z3: 22 | AA3: 23 | AB3: 24 | AC3: 25 | AD3: 26 | AE3: 27 | AF3: 28 | AG3: 29 | AH3: 30 | AI3: 31
A4: 總計 | B4: 標準產量 | C4: 783824 | D4: 35628.364 | E4: 37232 | F4: 37024 | G4: 37520 | H4: 37216 | J4: 36968 | K4: 36856 | L4: 37312 | M4: 36976 | N4: 37048 | O4: 37040 | Q4: 36880 | R4: 37128 | S4: 36536 | T4: 35920 | U4: 35256 | V4: 34600 | X4: 34024 | Y4: 33088 | Z4: 33280 | AA4: 32304 | AB4: 32120 | AC4: 31496
B5: 目標產量 | C5: 703580 | D5: 31980.909 | E5: 33220 | F5: 34720 | G5: 35240 | H5: 35240 | J5: 34900 | K5: 34900 | L5: 35200 | M5: 35020 | N5: 35020 | O5: 34160 | Q5: 34480 | R5: 33600 | S5: 33440 | T5: 30700 | U5: 30260 | V5: 29720 | X5: 26460 | Y5: 26620 | Z5: 26840 | AA5: 27840 | AB5: 28180 | AC5: 27820 | AE5: 26964 | AF5: 27624 | AG5: 28272 | AH5: 28272 | AI5: 28272
B6: 實際產量 | C6: 690802 | D6: 31400.091 | E6: 32950 | F6: 35030 | G6: 35346 | H6: 35509 | J6: 36824 | K6: 35486 | L6: 34787 | M6: 33670 | N6: 34263 | O6: 33989 | Q6: 34078 | R6: 30035 | S6: 31537 | T6: 30298 | U6: 30450 | V6: 29240 | X6: 24522 | Y6: 24884 | Z6: 25371 | AA6: 27038 | AB6: 27735 | AC6: 27760
B7: 差異 | C7: -12778 | D7: -580.81818 | E7: -270 | F7: 310 | G7: 106 | H7: 269 | J7: 1924 | K7: 586 | L7: -413 | M7: -1350 | N7: -757 | O7: -171 | Q7: -402 | R7: -3565 | S7: -1903 | T7: -402 | U7: 190 | V7: -480 | X7: -1938 | Y7: -1736 | Z7: -1469 | AA7: -802 | AB7: -445 | AC7: -60
B8: 工時 | C8: 176 | D8: 8 | E8: 8 | F8: 8 | G8: 8 | H8: 8 | J8: 8 | K8: 8 | L8: 8 | M8: 8 | N8: 8 | O8: 8 | Q8: 8 | R8: 8 | S8: 8 | T8: 8 | U8: 8 | V8: 8 | X8: 8 | Y8: 8 | Z8: 8 | AA8: 8 | AB8: 8 | AC8: 8
B9: 直工人數 | C9: 1501 | D9: 1501 | E9: 1524 | F9: 1520 | G9: 1520 | H9: 1510 | J9: 1473 | K9: 1492 | L9: 1499 | M9: 1490 | N9: 1525 | O9: 1519 | Q9: 1507 | R9: 1537 | S9: 1531 | T9: 1522 | U9: 1530 | V9: 1503 | X9: 1496 | Y9: 1503 | Z9: 1506 | AA9: 1511 | AB9: 1502 | AC9: 1480
B10: 時產能 | C10: 3925.0114 | D10: 3925.0114 | E10: 4118.75 | F10: 4378.75 | G10: 4418.25 | H10: 4438.625 | J10: 4603 | K10: 4435.75 | L10: 4348.375 | M10: 4208.75 | N10: 4282.875 | O10: 4248.625 | Q10: 4259.75 | R10: 3754.375 | S10: 3942.125 | T10: 3787.25 | U10: 3806.25 | V10: 3655 | X10: 3065.25 | Y10: 3110.5 | Z10: 3171.375 | AA10: 3379.75 | AB10: 3466.875 | AC10: 3470
B11: 人均時產 | C11: 2.614931 | D11: 2.614931 | E11: 2.7025919 | F11: 2.8807566 | G11: 2.9067434 | H11: 2.9394868 | J11: 3.1249151 | K11: 2.9730228 | L11: 2.9008506 | M11: 2.8246644 | N11: 2.8084426 | O11: 2.7969882 | Q11: 2.8266423 | R11: 2.4426643 | S11: 2.5748694 | T11: 2.4883377 | U11: 2.4877451 | V11: 2.4318031 | X11: 2.0489639 | Y11: 2.0695276 | Z11: 2.1058267 | AA11: 2.2367637 | AB11: 2.3081724 | AC11: 2.3445946
A12: A1_LEAN1-01_G | B12: 標準產量 | C12: 38632 | D12: 1756 | E12: 1696 | F12: 1720 | G12: 1760 | H12: 1760 | J12: 1760 | K12: 1760 | L12: 1760 | M12: 1760 | N12: 1760 | O12: 1760 | Q12: 1760 | R12: 1760 | S12: 1760 | T12: 1760 | U12: 1760 | V12: 1760 | X12: 1760 | Y12: 1776 | Z12: 1760 | AA12: 1760 | AB12: 1760 | AC12: 1760
B13: 目標產量 | C13: 34360 | D13: 1561.8182 | E13: 1320 | F13: 1320 | G13: 1760 | H13: 1760 | J13: 1760 | K13: 1760 | L13: 1760 | M13: 1760 | N13: 1760 | O13: 1760 | Q13: 1760 | R13: 1760 | S13: 1760 | T13: 1760 | U13: 1760 | V13: 1020 | X13: 1020 | Y13: 1360 | Z13: 1360 | AA13: 1360 | AB13: 1360 | AC13: 1360 | AE13: 1360 | AF13: 1360 | AG13: 1360 | AH13: 1360 | AI13: 1360
B14: 實際產量 | C14: 35399 | D14: 1609.0455 | E14: 1818 | F14: 1760 | G14: 1760 | H14: 1761 | J14: 1760 | K14: 1760 | L14: 1760 | M14: 1760 | N14: 1760 | O14: 1760 | Q14: 1760 | R14: 1500 | S14: 1800 | T14: 1760 | U14: 1760 | V14: 1020 | X14: 1020 | Y14: 1360 | Z14: 1360 | AA14: 1360 | AB14: 1520 | AC14: 1520
B15: 差異 | C15: 1039 | D15: 47.227273 | E15: 498 | F15: 440 | G15: 0 | H15: 1 | J15: 0 | K15: 0 | L15: 0 | M15: 0 | N15: 0 | O15: 0 | Q15: 0 | R15: -260 | S15: 40 | T15: 0 | U15: 0 | V15: 0 | X15: 0 | Y15: 0 | Z15: 0 | AA15: 0 | AB15: 160 | AC15: 160
B16: 工時 | C16: 176 | D16: 8 | E16: 8 | F16: 8 | G16: 8 | H16: 8 | J16: 8 | K16: 8 | L16: 8 | M16: 8 | N16: 8 | O16: 8 | Q16: 8 | R16: 8 | S16: 8 | T16: 8 | U16: 8 | V16: 8 | X16: 8 | Y16: 8 | Z16: 8 | AA16: 8 | AB16: 8 | AC16: 8
B17: 直工人數 | C17: 70 | D17: 70 | E17: 73 | F17: 73 | G17: 73 | H17: 72 | J17: 71 | K17: 70 | L17: 72 | M17: 71 | N17: 73 | O17: 72 | Q17: 70 | R17: 73 | S17: 70 | T17: 69 | U17: 70 | V17: 71 | X17: 69 | Y17: 69 | Z17: 67 | AA17: 67 | AB17: 69 | AC17: 66
B18: 時產能 | C18: 201.13068 | D18: 201.13068 | E18: 227.25 | F18: 220 | G18: 220 | H18: 220.125 | J18: 220 | K18: 220 | L18: 220 | M18: 220 | N18: 220 | O18: 220 | Q18: 220 | R18: 187.5 | S18: 225 | T18: 220 | U18: 220 | V18: 127.5 | X18: 127.5 | Y18: 170 | Z18: 170 | AA18: 170 | AB18: 190 | AC18: 190
B19: 人均時產 | C19: 2.8733 | D19: 2.8733 | E19: 3.113 | F19: 3.0137 | G19: 3.0137 | H19: 3.0573 | J19: 3.0986 | K19: 3.1429 | L19: 3.0556 | M19: 3.0986 | N19: 3.0137 | O19: 3.0556 | Q19: 3.1429 | R19: 2.5685 | S19: 3.2143 | T19: 3.1884 | U19: 3.1429 | V19: 1.7958 | X19: 1.8478 | Y19: 2.4638 | Z19: 2.5373 | AA19: 2.5373 | AB19: 2.7536 | AC19: 2.8788
A20: A1_LEAN1-02_G | B20: 標準產量 | C20: 38864 | D20: 1766.5455 | E20: 1760 | F20: 1648 | G20: 1760 | H20: 1760 | J20: 1760 | K20: 1760 | L20: 1760 | M20: 1760 | N20: 1760 | O20: 1760 | Q20: 1760 | R20: 1760 | S20: 1760 | T20: 1760 | U20: 1760 | V20: 1800 | X20: 1776 | Y20: 1840 | Z20: 1800 | AA20: 1800 | AB20: 1800 | AC20: 1760
B21: 目標產量 | C21: 35300 | D21: 1604.5455 | E21: 1760 | F21: 1760 | G21: 1760 | H21: 1760 | J21: 1760 | K21: 1760 | L21: 1760 | M21: 1760 | N21: 1760 | O21: 1760 | Q21: 1760 | R21: 1760 | S21: 1760 | T21: 1760 | U21: 1760 | V21: 1760 | X21: 1020 | Y21: 1020 | Z21: 1360 | AA21: 1360 | AB21: 1360 | AC21: 1020 | AE21: 1020 | AF21: 1360 | AG21: 1360 | AH21: 1360 | AI21: 1360
B22: 實際產量 | C22: 36433 | D22: 1656.0455 | E22: 1766 | F22: 1811 | G22: 1760 | H22: 1760 | J22: 1807 | K22: 1760 | L22: 1760 | M22: 1760 | N22: 1760 | O22: 1794 | Q22: 1760 | R22: 1324 | S22: 1760 | T22: 1760 | U22: 1760 | V22: 1760 | X22: 1060 | Y22: 1172 | Z22: 1460 | AA22: 1408 | AB22: 1791 | AC22: 1680
B23: 差異 | C23: 1133 | D23: 51.5 | E23: 6 | F23: 51 | G23: 0 | H23: 0 | J23: 47 | K23: 0 | L23: 0 | M23: 0 | N23: 0 | O23: 34 | Q23: 0 | R23: -436 | S23: 0 | T23: 0 | U23: 0 | V23: 0 | X23: 40 | Y23: 152 | Z23: 100 | AA23: 48 | AB23: 431 | AC23: 660
B24: 工時 | C24: 176 | D24: 8 | E24: 8 | F24: 8 | G24: 8 | H24: 8 | J24: 8 | K24: 8 | L24: 8 | M24: 8 | N24: 8 | O24: 8 | Q24: 8 | R24: 8 | S24: 8 | T24: 8 | U24: 8 | V24: 8 | X24: 8 | Y24: 8 | Z24: 8 | AA24: 8 | AB24: 8 | AC24: 8
B25: 直工人數 | C25: 71 | D25: 71 | E25: 74 | F25: 74 | G25: 73 | H25: 73 | J25: 72 | K25: 71 | L25: 71 | M25: 73 | N25: 73 | O25: 68 | Q25: 69 | R25: 72 | S25: 73 | T25: 73 | U25: 73 | V25: 71 | X25: 71 | Y25: 70 | Z25: 69 | AA25: 72 | AB25: 70 | AC25: 69
B26: 時產能 | C26: 207.00568 | D26: 207.00568 | E26: 220.75 | F26: 226.375 | G26: 220 | H26: 220 | J26: 225.875 | K26: 220 | L26: 220 | M26: 220 | N26: 220 | O26: 224.25 | Q26: 220 | R26: 165.5 | S26: 220 | T26: 220 | U26: 220 | V26: 220 | X26: 132.5 | Y26: 146.5 | Z26: 182.5 | AA26: 176 | AB26: 223.875 | AC26: 210
B27: 人均時產 | C27: 2.9156 | D27: 2.9156 | E27: 2.9831 | F27: 3.0591 | G27: 3.0137 | H27: 3.0137 | J27: 3.1372 | K27: 3.0986 | L27: 3.0986 | M27: 3.0137 | N27: 3.0137 | O27: 3.2978 | Q27: 3.1884 | R27: 2.2986 | S27: 3.0137 | T27: 3.0137 | U27: 3.0137 | V27: 3.0986 | X27: 1.8662 | Y27: 2.0929 | Z27: 2.6449 | AA27: 2.4444 | AB27: 3.1982 | AC27: 3.0435
A28: A1_LEAN1-03_G | B28: 標準產量 | C28: 38720 | D28: 1760 | E28: 1760 | F28: 1760 | G28: 1760 | H28: 1760 | J28: 1760 | K28: 1760 | L28: 1760 | M28: 1760 | N28: 1760 | O28: 1760 | Q28: 1760 | R28: 1760 | S28: 1760 | T28: 1760 | U28: 1760 | V28: 1760 | X28: 1760 | Y28: 1760 | Z28: 1760 | AA28: 1760 | AB28: 1760 | AC28: 1760
B29: 目標產量 | C29: 34760 | D29: 1580 | E29: 1320 | F29: 1320 | G29: 1760 | H29: 1760 | J29: 1760 | K29: 1760 | L29: 1760 | M29: 1760 | N29: 1760 | O29: 1760 | Q29: 1760 | R29: 1760 | S29: 1760 | T29: 1760 | U29: 1760 | V29: 1760 | X29: 1020 | Y29: 1020 | Z29: 1360 | AA29: 1360 | AB29: 1360 | AC29: 1360 | AE29: 1360 | AF29: 1360 | AG29: 1360 | AH29: 1360 | AI29: 1360
B30: 實際產量 | C30: 35429 | D30: 1610.4091 | E30: 1328 | F30: 1332 | G30: 1760 | H30: 1760 | J30: 1760 | K30: 1760 | L30: 1760 | M30: 1760 | N30: 1763 | O30: 1760 | Q30: 1760 | R30: 1764 | S30: 1760 | T30: 1920 | U30: 1760 | V30: 1761 | X30: 1020 | Y30: 1020 | Z30: 1360 | AA30: 1361 | AB30: 1520 | AC30: 1680
B31: 差異 | C31: 669 | D31: 30.409091 | E31: 8 | F31: 12 | G31: 0 | H31: 0 | J31: 0 | K31: 0 | L31: 0 | M31: 0 | N31: 3 | O31: 0 | Q31: 0 | R31: 4 | S31: 0 | T31: 160 | U31: 0 | V31: 1 | X31: 0 | Y31: 0 | Z31: 0 | AA31: 1 | AB31: 160 | AC31: 320
B32: 工時 | C32: 176 | D32: 8 | E32: 8 | F32: 8 | G32: 8 | H32: 8 | J32: 8 | K32: 8 | L32: 8 | M32: 8 | N32: 8 | O32: 8 | Q32: 8 | R32: 8 | S32: 8 | T32: 8 | U32: 8 | V32: 8 | X32: 8 | Y32: 8 | Z32: 8 | AA32: 8 | AB32: 8 | AC32: 8
B33: 直工人數 | C33: 64 | D33: 64 | E33: 67 | F33: 66 | G33: 68 | H33: 66 | J33: 62 | K33: 67 | L33: 64 | M33: 63 | N33: 63 | O33: 63 | Q33: 65 | R33: 66 | S33: 64 | T33: 65 | U33: 64 | V33: 64 | X33: 63 | Y33: 63 | Z33: 63 | AA33: 63 | AB33: 63 | AC33: 62
B34: 時產能 | C34: 201.30114 | D34: 201.30114 | E34: 166 | F34: 166.5 | G34: 220 | H34: 220 | J34: 220 | K34: 220 | L34: 220 | M34: 220 | N34: 220.375 | O34: 220 | Q34: 220 | R34: 220.5 | S34: 220 | T34: 240 | U34: 220 | V34: 220.125 | X34: 127.5 | Y34: 127.5 | Z34: 170 | AA34: 170.125 | AB34: 190 | AC34: 210
B35: 人均時產 | C35: 3.1453 | D35: 3.1453 | E35: 2.4776 | F35: 2.5227 | G35: 3.2353 | H35: 3.3333 | J35: 3.5484 | K35: 3.2836 | L35: 3.4375 | M35: 3.4921 | N35: 3.498 | O35: 3.4921 | Q35: 3.3846 | R35: 3.3409 | S35: 3.4375 | T35: 3.6923 | U35: 3.4375 | V35: 3.4395 | X35: 2.0238 | Y35: 2.0238 | Z35: 2.6984 | AA35: 2.7004 | AB35: 3.0159 | AC35: 3.3871
A36: A1_LEAN1-04_G | B36: 標準產量 | C36: 38408 | D36: 1745.8182 | E36: 1760 | F36: 1760 | G36: 1760 | H36: 1760 | J36: 1760 | K36: 1760 | L36: 1760 | M36: 1760 | N36: 1760 | O36: 1760 | Q36: 1760 | R36: 1760 | S36: 1760 | T36: 1760 | U36: 1760 | V36: 1760 | X36: 1760 | Y36: 1760 | Z36: 1760 | AA36: 1680 | AB36: 1648 | AC36: 1640
B37: 目標產量 | C37: 35720 | D37: 1623.6364 | E37: 1680 | F37: 1680 | G37: 1320 | H37: 1320 | J37: 1760 | K37: 1760 | L37: 1760 | M37: 1760 | N37: 1760 | O37: 1760 | Q37: 1760 | R37: 1760 | S37: 1760 | T37: 1760 | U37: 1760 | V37: 1760 | X37: 1760 | Y37: 1140 | Z37: 1140 | AA37: 1520 | AB37: 1520 | AC37: 1520 | AE37: 984 | AF37: 984 | AG37: 1312 | AH37: 1312 | AI37: 1312
B38: 實際產量 | C38: 35576 | D38: 1617.0909 | E38: 1686 | F38: 1680 | G38: 1320 | H38: 1320 | J38: 1760 | K38: 1760 | L38: 1760 | M38: 1760 | N38: 1760 | O38: 1760 | Q38: 1770 | R38: 1760 | S38: 1760 | T38: 1600 | U38: 1760 | V38: 1760 | X38: 1760 | Y38: 1140 | Z38: 1140 | AA38: 1520 | AB38: 1520 | AC38: 1520
B39: 差異 | C39: -144 | D39: -6.5454545 | E39: 6 | F39: 0 | G39: 0 | H39: 0 | J39: 0 | K39: 0 | L39: 0 | M39: 0 | N39: 0 | O39: 0 | Q39: 10 | R39: 0 | S39: 0 | T39: -160 | U39: 0 | V39: 0 | X39: 0 | Y39: 0 | Z39: 0 | AA39: 0 | AB39: 0 | AC39: 0
B40: 工時 | C40: 176 | D40: 8 | E40: 8 | F40: 8 | G40: 8 | H40: 8 | J40: 8 | K40: 8 | L40: 8 | M40: 8 | N40: 8 | O40: 8 | Q40: 8 | R40: 8 | S40: 8 | T40: 8 | U40: 8 | V40: 8 | X40: 8 | Y40: 8 | Z40: 8 | AA40: 8 | AB40: 8 | AC40: 8
B41: 直工人數 | C41: 70 | D41: 70 | E41: 73 | F41: 72 | G41: 71 | H41: 69 | J41: 68 | K41: 68 | L41: 68 | M41: 71 | N41: 71 | O41: 71 | Q41: 68 | R41: 69 | S41: 71 | T41: 69 | U41: 71 | V41: 69 | X41: 71 | Y41: 72 | Z41: 69 | AA41: 71 | AB41: 71 | AC41: 69
B42: 時產能 | C42: 202.13636 | D42: 202.13636 | E42: 210.75 | F42: 210 | G42: 165 | H42: 165 | J42: 220 | K42: 220 | L42: 220 | M42: 220 | N42: 220 | O42: 220 | Q42: 221.25 | R42: 220 | S42: 220 | T42: 200 | U42: 220 | V42: 220 | X42: 220 | Y42: 142.5 | Z42: 142.5 | AA42: 190 | AB42: 190 | AC42: 190
B43: 人均時產 | C43: 2.8877 | D43: 2.8877 | E43: 2.887 | F43: 2.9167 | G43: 2.3239 | H43: 2.3913 | J43: 3.2353 | K43: 3.2353 | L43: 3.2353 | M43: 3.0986 | N43: 3.0986 | O43: 3.0986 | Q43: 3.2537 | R43: 3.1884 | S43: 3.0986 | T43: 2.8986 | U43: 3.0986 | V43: 3.1884 | X43: 3.0986 | Y43: 1.9792 | Z43: 2.0652 | AA43: 2.6761 | AB43: 2.6761 | AC43: 2.7536
A44: A1_LEAN2-05_G | B44: 標準產量 | C44: 36976 | D44: 1680.7273 | E44: 1840 | F44: 1840 | G44: 1840 | H44: 1840 | J44: 1680 | K44: 1808 | L44: 1776 | M44: 1696 | N44: 1704 | O44: 1760 | Q44: 1720 | R44: 1800 | S44: 1784 | T44: 1768 | U44: 1704 | V44: 1640 | X44: 1640 | Y44: 1416 | Z44: 1416 | AA44: 1496 | AB44: 1400 | AC44: 1408
B45: 目標產量 | C45: 34840 | D45: 1583.6364 | E45: 1760 | F45: 1760 | G45: 1760 | H45: 1760 | J45: 1760 | K45: 1760 | L45: 1760 | M45: 1760 | N45: 1760 | O45: 1760 | Q45: 1760 | R45: 1760 | S45: 1760 | T45: 1760 | U45: 1020 | V45: 1020 | X45: 1360 | Y45: 1360 | Z45: 1360 | AA45: 1360 | AB45: 1360 | AC45: 1360 | AE45: 1360 | AF45: 1360 | AG45: 1360 | AH45: 1360 | AI45: 1360
B46: 實際產量 | C46: 35065 | D46: 1593.8636 | E46: 1770 | F46: 1760 | G46: 1760 | H46: 1760 | J46: 1760 | K46: 1760 | L46: 1760 | M46: 1760 | N46: 1760 | O46: 1760 | Q46: 1760 | R46: 1760 | S46: 1760 | T46: 1760 | U46: 1020 | V46: 1020 | X46: 1370 | Y46: 1362 | Z46: 1363 | AA46: 1560 | AB46: 1360 | AC46: 1360
B47: 差異 | C47: 225 | D47: 10.227273 | E47: 10 | F47: 0 | G47: 0 | H47: 0 | J47: 0 | K47: 0 | L47: 0 | M47: 0 | N47: 0 | O47: 0 | Q47: 0 | R47: 0 | S47: 0 | T47: 0 | U47: 0 | V47: 0 | X47: 10 | Y47: 2 | Z47: 3 | AA47: 200 | AB47: 0 | AC47: 0
B48: 工時 | C48: 176 | D48: 8 | E48: 8 | F48: 8 | G48: 8 | H48: 8 | J48: 8 | K48: 8 | L48: 8 | M48: 8 | N48: 8 | O48: 8 | Q48: 8 | R48: 8 | S48: 8 | T48: 8 | U48: 8 | V48: 8 | X48: 8 | Y48: 8 | Z48: 8 | AA48: 8 | AB48: 8 | AC48: 8
B49: 直工人數 | C49: 72 | D49: 72 | E49: 75 | F49: 74 | G49: 73 | H49: 75 | J49: 72 | K49: 71 | L49: 71 | M49: 70 | N49: 75 | O49: 74 | Q49: 71 | R49: 74 | S49: 74 | T49: 74 | U49: 72 | V49: 69 | X49: 69 | Y49: 72 | Z49: 71 | AA49: 72 | AB49: 72 | AC49: 71
B50: 時產能 | C50: 199.23295 | D50: 199.23295 | E50: 221.25 | F50: 220 | G50: 220 | H50: 220 | J50: 220 | K50: 220 | L50: 220 | M50: 220 | N50: 220 | O50: 220 | Q50: 220 | R50: 220 | S50: 220 | T50: 220 | U50: 127.5 | V50: 127.5 | X50: 171.25 | Y50: 170.25 | Z50: 170.375 | AA50: 195 | AB50: 170 | AC50: 170
B51: 人均時產 | C51: 2.7671 | D51: 2.7671 | E51: 2.95 | F51: 2.973 | G51: 3.0137 | H51: 2.9333 | J51: 3.0556 | K51: 3.0986 | L51: 3.0986 | M51: 3.1429 | N51: 2.9333 | O51: 2.973 | Q51: 3.0986 | R51: 2.973 | S51: 2.973 | T51: 2.973 | U51: 1.7708 | V51: 1.8478 | X51: 2.4819 | Y51: 2.3646 | Z51: 2.3996 | AA51: 2.7083 | AB51: 2.3611 | AC51: 2.3944
A52: A1_LEAN2-06_G | B52: 標準產量 | C52: 31584 | D52: 1435.6364 | E52: 1696 | F52: 1648 | G52: 1760 | H52: 1760 | J52: 1640 | K52: 1408 | L52: 1456 | M52: 1400 | N52: 1488 | O52: 1440 | Q52: 1440 | R52: 1440 | S52: 1440 | T52: 1440 | U52: 1440 | V52: 1320 | X52: 1200 | Y52: 1256 | Z52: 1200 | AA52: 1248 | AB52: 1264 | AC52: 1200
B53: 目標產量 | C53: 27160 | D53: 1234.5455 | E53: 1260 | F53: 1680 | G53: 1680 | H53: 1680 | J53: 900 | K53: 900 | L53: 1200 | M53: 1020 | N53: 1020 | O53: 1360 | Q53: 1360 | R53: 1360 | S53: 1360 | T53: 1360 | U53: 1360 | V53: 1360 | X53: 900 | Y53: 900 | Z53: 900 | AA53: 1200 | AB53: 1200 | AC53: 1200 | AE53: 1200 | AF53: 1200 | AG53: 1200 | AH53: 1200 | AI53: 1200
B54: 實際產量 | C54: 27931 | D54: 1269.5909 | E54: 1260 | F54: 1820 | G54: 1680 | H54: 1692 | J54: 1026 | K54: 900 | L54: 1442 | M54: 1090 | N54: 1100 | O54: 1400 | Q54: 1360 | R54: 1361 | S54: 1360 | T54: 1360 | U54: 1360 | V54: 1360 | X54: 960 | Y54: 900 | Z54: 900 | AA54: 1200 | AB54: 1200 | AC54: 1200
B55: 差異 | C55: 771 | D55: 35.045455 | E55: 0 | F55: 140 | G55: 0 | H55: 12 | J55: 126 | K55: 0 | L55: 242 | M55: 70 | N55: 80 | O55: 40 | Q55: 0 | R55: 1 | S55: 0 | T55: 0 | U55: 0 | V55: 0 | X55: 60 | Y55: 0 | Z55: 0 | AA55: 0 | AB55: 0 | AC55: 0
B56: 工時 | C56: 176 | D56: 8 | E56: 8 | F56: 8 | G56: 8 | H56: 8 | J56: 8 | K56: 8 | L56: 8 | M56: 8 | N56: 8 | O56: 8 | Q56: 8 | R56: 8 | S56: 8 | T56: 8 | U56: 8 | V56: 8 | X56: 8 | Y56: 8 | Z56: 8 | AA56: 8 | AB56: 8 | AC56: 8
B57: 直工人數 | C57: 73 | D57: 73 | E57: 76 | F57: 76 | G57: 75 | H57: 73 | J57: 71 | K57: 73 | L57: 73 | M57: 72 | N57: 75 | O57: 73 | Q57: 72 | R57: 74 | S57: 72 | T57: 70 | U57: 73 | V57: 73 | X57: 72 | Y57: 72 | Z57: 75 | AA57: 75 | AB57: 73 | AC57: 71
B58: 時產能 | C58: 158.69886 | D58: 158.69886 | E58: 157.5 | F58: 227.5 | G58: 210 | H58: 211.5 | J58: 128.25 | K58: 112.5 | L58: 180.25 | M58: 136.25 | N58: 137.5 | O58: 175 | Q58: 170 | R58: 170.125 | S58: 170 | T58: 170 | U58: 170 | V58: 170 | X58: 120 | Y58: 112.5 | Z58: 112.5 | AA58: 150 | AB58: 150 | AC58: 150
B59: 人均時產 | C59: 2.174 | D59: 2.174 | E59: 2.0724 | F59: 2.9934 | G59: 2.8 | H59: 2.8973 | J59: 1.8063 | K59: 1.5411 | L59: 2.4692 | M59: 1.8924 | N59: 1.8333 | O59: 2.3973 | Q59: 2.3611 | R59: 2.299 | S59: 2.3611 | T59: 2.4286 | U59: 2.3288 | V59: 2.3288 | X59: 1.6667 | Y59: 1.5625 | Z59: 1.5 | AA59: 2 | AB59: 2.0548 | AC59: 2.1127
A60: A1_LEAN2-07_G | B60: 標準產量 | C60: 38712 | D60: 1759.6364 | E60: 1720 | F60: 1720 | G60: 1840 | H60: 1840 | J60: 1840 | K60: 1840 | L60: 1840 | M60: 1800 | N60: 1776 | O60: 1760 | Q60: 1776 | R60: 1808 | S60: 1808 | T60: 1760 | U60: 1760 | V60: 1640 | X60: 1696 | Y60: 1760 | Z60: 1744 | AA60: 1704 | AB60: 1672 | AC60: 1608
B61: 目標產量 | C61: 34000 | D61: 1545.4545 | E61: 1080 | F61: 1760 | G61: 1760 | H61: 1760 | J61: 1760 | K61: 1760 | L61: 1760 | M61: 1760 | N61: 1760 | O61: 1760 | Q61: 1760 | R61: 1760 | S61: 1760 | T61: 1760 | U61: 1760 | V61: 1080 | X61: 1080 | Y61: 1360 | Z61: 1020 | AA61: 1020 | AB61: 1360 | AC61: 1360 | AE61: 1360 | AF61: 1360 | AG61: 1360 | AH61: 1360 | AI61: 1360
B62: 實際產量 | C62: 34100 | D62: 1550 | E62: 1080 | F62: 1760 | G62: 1760 | H62: 1760 | J62: 1760 | K62: 1760 | L62: 1760 | M62: 1760 | N62: 1760 | O62: 1760 | Q62: 1760 | R62: 1400 | S62: 1760 | T62: 1760 | U62: 1760 | V62: 1200 | X62: 1320 | Y62: 1360 | Z62: 1020 | AA62: 1020 | AB62: 1460 | AC62: 1360
B63: 差異 | C63: 100 | D63: 4.5454545 | E63: 0 | F63: 0 | G63: 0 | H63: 0 | J63: 0 | K63: 0 | L63: 0 | M63: 0 | N63: 0 | O63: 0 | Q63: 0 | R63: -360 | S63: 0 | T63: 0 | U63: 0 | V63: 120 | X63: 240 | Y63: 0 | Z63: 0 | AA63: 0 | AB63: 100 | AC63: 0
B64: 工時 | C64: 176 | D64: 8 | E64: 8 | F64: 8 | G64: 8 | H64: 8 | J64: 8 | K64: 8 | L64: 8 | M64: 8 | N64: 8 | O64: 8 | Q64: 8 | R64: 8 | S64: 8 | T64: 8 | U64: 8 | V64: 8 | X64: 8 | Y64: 8 | Z64: 8 | AA64: 8 | AB64: 8 | AC64: 8
B65: 直工人數 | C65: 68 | D65: 68 | E65: 69 | F65: 70 | G65: 68 | H65: 68 | J65: 66 | K65: 67 | L65: 71 | M65: 68 | N65: 69 | O65: 68 | Q65: 70 | R65: 70 | S65: 70 | T65: 71 | U65: 70 | V65: 67 | X65: 70 | Y65: 69 | Z65: 72 | AA65: 68 | AB65: 68 | AC65: 68
B66: 時產能 | C66: 193.75 | D66: 193.75 | E66: 135 | F66: 220 | G66: 220 | H66: 220 | J66: 220 | K66: 220 | L66: 220 | M66: 220 | N66: 220 | O66: 220 | Q66: 220 | R66: 175 | S66: 220 | T66: 220 | U66: 220 | V66: 150 | X66: 165 | Y66: 170 | Z66: 127.5 | AA66: 127.5 | AB66: 182.5 | AC66: 170
B67: 人均時產 | C67: 2.8493 | D67: 2.8493 | E67: 1.9565 | F67: 3.1429 | G67: 3.2353 | H67: 3.2353 | J67: 3.3333 | K67: 3.2836 | L67: 3.0986 | M67: 3.2353 | N67: 3.1884 | O67: 3.2353 | Q67: 3.1429 | R67: 2.5 | S67: 3.1429 | T67: 3.0986 | U67: 3.1429 | V67: 2.2388 | X67: 2.3571 | Y67: 2.4638 | Z67: 1.7708 | AA67: 1.875 | AB67: 2.6838 | AC67: 2.5
A68: A1_LEAN2-08_G | B68: 標準產量 | C68: 33520 | D68: 1523.6364 | E68: 1800 | F68: 1760 | G68: 1760 | H68: 1760 | J68: 1568 | K68: 1480 | L68: 1760 | M68: 1760 | N68: 1760 | O68: 1760 | Q68: 1520 | R68: 1600 | S68: 1400 | T68: 1280 | U68: 1280 | V68: 1352 | X68: 1280 | Y68: 1280 | Z68: 1520 | AA68: 1280 | AB68: 1280 | AC68: 1280
B69: 目標產量 | C69: 29880 | D69: 1358.1818 | E69: 1680 | F69: 1680 | G69: 1680 | H69: 1680 | J69: 1680 | K69: 1680 | L69: 1680 | M69: 1680 | N69: 1680 | O69: 900 | Q69: 900 | R69: 1120 | S69: 1120 | T69: 1120 | U69: 1200 | V69: 1200 | X69: 1200 | Y69: 1200 | Z69: 1200 | AA69: 1200 | AB69: 1200 | AC69: 1200 | AE69: 1200 | AF69: 1200 | AG69: 1200 | AH69: 1200 | AI69: 1200
B70: 實際產量 | C70: 27870 | D70: 1266.8182 | E70: 1680 | F70: 1680 | G70: 1680 | H70: 1680 | J70: 1780 | K70: 1680 | L70: 1680 | M70: 1680 | N70: 1500 | O70: 900 | Q70: 900 | R70: 600 | S70: 1008 | T70: 1120 | U70: 550 | V70: 1101 | X70: 901 | Y70: 850 | Z70: 1200 | AA70: 1200 | AB70: 1300 | AC70: 1200
B71: 差異 | C71: -2010 | D71: -91.363636 | E71: 0 | F71: 0 | G71: 0 | H71: 0 | J71: 100 | K71: 0 | L71: 0 | M71: 0 | N71: -180 | O71: 0 | Q71: 0 | R71: -520 | S71: -112 | T71: 0 | U71: -650 | V71: -99 | X71: -299 | Y71: -350 | Z71: 0 | AA71: 0 | AB71: 100 | AC71: 0
B72: 工時 | C72: 176 | D72: 8 | E72: 8 | F72: 8 | G72: 8 | H72: 8 | J72: 8 | K72: 8 | L72: 8 | M72: 8 | N72: 8 | O72: 8 | Q72: 8 | R72: 8 | S72: 8 | T72: 8 | U72: 8 | V72: 8 | X72: 8 | Y72: 8 | Z72: 8 | AA72: 8 | AB72: 8 | AC72: 8
B73: 直工人數 | C73: 72 | D73: 72 | E73: 72 | F73: 74 | G73: 73 | H73: 71 | J73: 71 | K73: 69 | L73: 69 | M73: 70 | N73: 71 | O73: 71 | Q73: 71 | R73: 73 | S73: 72 | T73: 75 | U73: 74 | V73: 74 | X73: 72 | Y73: 72 | Z73: 75 | AA73: 75 | AB73: 74 | AC73: 74
B74: 時產能 | C74: 158.35227 | D74: 158.35227 | E74: 210 | F74: 210 | G74: 210 | H74: 210 | J74: 222.5 | K74: 210 | L74: 210 | M74: 210 | N74: 187.5 | O74: 112.5 | Q74: 112.5 | R74: 75 | S74: 126 | T74: 140 | U74: 68.75 | V74: 137.625 | X74: 112.625 | Y74: 106.25 | Z74: 150 | AA74: 150 | AB74: 162.5 | AC74: 150
B75: 人均時產 | C75: 2.1993 | D75: 2.1993 | E75: 2.9167 | F75: 2.8378 | G75: 2.8767 | H75: 2.9577 | J75: 3.1338 | K75: 3.0435 | L75: 3.0435 | M75: 3 | N75: 2.6408 | O75: 1.5845 | Q75: 1.5845 | R75: 1.0274 | S75: 1.75 | T75: 1.8667 | U75: 0.9291 | V75: 1.8598 | X75: 1.5642 | Y75: 1.4757 | Z75: 2 | AA75: 2 | AB75: 2.1959 | AC75: 2.027
A76: A1_LEAN3-09_G | B76: 標準產量 | C76: 36480 | D76: 1658.1818 | E76: 1760 | F76: 1760 | G76: 1760 | H76: 1760 | J76: 1760 | K76: 1760 | L76: 1760 | M76: 1760 | N76: 1760 | O76: 1760 | Q76: 1760 | R76: 1600 | S76: 1600 | T76: 1560 | U76: 1520 | V76: 1520 | X76: 1520 | Y76: 1520 | Z76: 1520 | AA76: 1552 | AB76: 1568 | AC76: 1640
B77: 目標產量 | C77: 31720 | D77: 1441.8182 | E77: 1200 | F77: 1600 | G77: 1600 | H77: 1600 | J77: 1600 | K77: 1600 | L77: 1600 | M77: 1600 | N77: 1600 | O77: 1600 | Q77: 1600 | R77: 1600 | S77: 1020 | T77: 1020 | U77: 1360 | V77: 1360 | X77: 1360 | Y77: 1360 | Z77: 1360 | AA77: 1360 | AB77: 1360 | AC77: 1360 | AE77: 1360 | AF77: 1360 | AG77: 1360 | AH77: 1360 | AI77: 1360
B78: 實際產量 | C78: 31735 | D78: 1442.5 | E78: 1200 | F78: 1601 | G78: 1600 | H78: 1601 | J78: 1600 | K78: 1600 | L78: 1600 | M78: 1420 | N78: 1600 | O78: 1600 | Q78: 1600 | R78: 1360 | S78: 1020 | T78: 1163 | U78: 1435 | V78: 1475 | X78: 1460 | Y78: 1360 | Z78: 1360 | AA78: 1360 | AB78: 1360 | AC78: 1360
B79: 差異 | C79: 15 | D79: 0.68181818 | E79: 0 | F79: 1 | G79: 0 | H79: 1 | J79: 0 | K79: 0 | L79: 0 | M79: -180 | N79: 0 | O79: 0 | Q79: 0 | R79: -240 | S79: 0 | T79: 143 | U79: 75 | V79: 115 | X79: 100 | Y79: 0 | Z79: 0 | AA79: 0 | AB79: 0 | AC79: 0
B80: 工時 | C80: 176 | D80: 8 | E80: 8 | F80: 8 | G80: 8 | H80: 8 | J80: 8 | K80: 8 | L80: 8 | M80: 8 | N80: 8 | O80: 8 | Q80: 8 | R80: 8 | S80: 8 | T80: 8 | U80: 8 | V80: 8 | X80: 8 | Y80: 8 | Z80: 8 | AA80: 8 | AB80: 8 | AC80: 8
B81: 直工人數 | C81: 68 | D81: 68 | E81: 67 | F81: 65 | G81: 68 | H81: 67 | J81: 64 | K81: 68 | L81: 67 | M81: 69 | N81: 68 | O81: 69 | Q81: 68 | R81: 69 | S81: 72 | T81: 70 | U81: 69 | V81: 69 | X81: 68 | Y81: 71 | Z81: 68 | AA81: 67 | AB81: 67 | AC81: 66
B82: 時產能 | C82: 180.3125 | D82: 180.3125 | E82: 150 | F82: 200.125 | G82: 200 | H82: 200.125 | J82: 200 | K82: 200 | L82: 200 | M82: 177.5 | N82: 200 | O82: 200 | Q82: 200 | R82: 170 | S82: 127.5 | T82: 145.375 | U82: 179.375 | V82: 184.375 | X82: 182.5 | Y82: 170 | Z82: 170 | AA82: 170 | AB82: 170 | AC82: 170
B83: 人均時產 | C83: 2.6517 | D83: 2.6517 | E83: 2.2388 | F83: 3.0788 | G83: 2.9412 | H83: 2.9869 | J83: 3.125 | K83: 2.9412 | L83: 2.9851 | M83: 2.5725 | N83: 2.9412 | O83: 2.8986 | Q83: 2.9412 | R83: 2.4638 | S83: 1.7708 | T83: 2.0768 | U83: 2.5996 | V83: 2.6721 | X83: 2.6838 | Y83: 2.3944 | Z83: 2.5 | AA83: 2.5373 | AB83: 2.5373 | AC83: 2.5758
A84: A1_LEAN3-10_G | B84: 標準產量 | C84: 38656 | D84: 1757.0909 | E84: 1760 | F84: 1760 | G84: 1760 | H84: 1760 | J84: 1760 | K84: 1760 | L84: 1760 | M84: 1760 | N84: 1760 | O84: 1760 | Q84: 1760 | R84: 1760 | S84: 1760 | T84: 1760 | U84: 1760 | V84: 1760 | X84: 1760 | Y84: 1696 | Z84: 1760 | AA84: 1760 | AB84: 1760 | AC84: 1760
B85: 目標產量 | C85: 36960 | D85: 1680 | E85: 1680 | F85: 1680 | G85: 1680 | H85: 1680 | J85: 1680 | K85: 1680 | L85: 1680 | M85: 1680 | N85: 1680 | O85: 1680 | Q85: 1680 | R85: 1680 | S85: 1680 | T85: 1680 | U85: 1680 | V85: 1680 | X85: 1680 | Y85: 1680 | Z85: 1680 | AA85: 1680 | AB85: 1680 | AC85: 1680 | AE85: 1680 | AF85: 1680 | AG85: 1680 | AH85: 1680 | AI85: 1680
B86: 實際產量 | C86: 34495 | D86: 1567.9545 | E86: 1680 | F86: 1680 | G86: 1680 | H86: 1680 | J86: 1680 | K86: 1681 | L86: 1680 | M86: 1430 | N86: 1680 | O86: 1600 | Q86: 1263 | R86: 1696 | S86: 1400 | T86: 1300 | U86: 1414 | V86: 1680 | X86: 1591 | Y86: 1680 | Z86: 1568 | AA86: 1380 | AB86: 1372 | AC86: 1680
B87: 差異 | C87: -2465 | D87: -112.04545 | E87: 0 | F87: 0 | G87: 0 | H87: 0 | J87: 0 | K87: 1 | L87: 0 | M87: -250 | N87: 0 | O87: -80 | Q87: -417 | R87: 16 | S87: -280 | T87: -380 | U87: -266 | V87: 0 | X87: -89 | Y87: 0 | Z87: -112 | AA87: -300 | AB87: -308 | AC87: 0
B88: 工時 | C88: 176 | D88: 8 | E88: 8 | F88: 8 | G88: 8 | H88: 8 | J88: 8 | K88: 8 | L88: 8 | M88: 8 | N88: 8 | O88: 8 | Q88: 8 | R88: 8 | S88: 8 | T88: 8 | U88: 8 | V88: 8 | X88: 8 | Y88: 8 | Z88: 8 | AA88: 8 | AB88: 8 | AC88: 8
B89: 直工人數 | C89: 66 | D89: 66 | E89: 67 | F89: 66 | G89: 68 | H89: 68 | J89: 61 | K89: 68 | L89: 67 | M89: 66 | N89: 68 | O89: 68 | Q89: 67 | R89: 66 | S89: 67 | T89: 67 | U89: 68 | V89: 66 | X89: 65 | Y89: 66 | Z89: 66 | AA89: 65 | AB89: 65 | AC89: 66
B90: 時產能 | C90: 195.99432 | D90: 195.99432 | E90: 210 | F90: 210 | G90: 210 | H90: 210 | J90: 210 | K90: 210.125 | L90: 210 | M90: 178.75 | N90: 210 | O90: 200 | Q90: 157.875 | R90: 212 | S90: 175 | T90: 162.5 | U90: 176.75 | V90: 210 | X90: 198.875 | Y90: 210 | Z90: 196 | AA90: 172.5 | AB90: 171.5 | AC90: 210
B91: 人均時產 | C91: 2.9696 | D91: 2.9696 | E91: 3.1343 | F91: 3.1818 | G91: 3.0882 | H91: 3.0882 | J91: 3.4426 | K91: 3.0901 | L91: 3.1343 | M91: 2.7083 | N91: 3.0882 | O91: 2.9412 | Q91: 2.3563 | R91: 3.2121 | S91: 2.6119 | T91: 2.4254 | U91: 2.5993 | V91: 3.1818 | X91: 3.0596 | Y91: 3.1818 | Z91: 2.9697 | AA91: 2.6538 | AB91: 2.6385 | AC91: 3.1818
A92: A1_LEAN3-11_G | B92: 標準產量 | C92: 38720 | D92: 1760 | E92: 1760 | F92: 1760 | G92: 1760 | H92: 1760 | J92: 1760 | K92: 1760 | L92: 1760 | M92: 1760 | N92: 1760 | O92: 1760 | Q92: 1760 | R92: 1760 | S92: 1760 | T92: 1760 | U92: 1760 | V92: 1760 | X92: 1760 | Y92: 1760 | Z92: 1760 | AA92: 1760 | AB92: 1760 | AC92: 1760
B93: 目標產量 | C93: 36960 | D93: 1680 | E93: 1680 | F93: 1680 | G93: 1680 | H93: 1680 | J93: 1680 | K93: 1680 | L93: 1680 | M93: 1680 | N93: 1680 | O93: 1680 | Q93: 1680 | R93: 1680 | S93: 1680 | T93: 1680 | U93: 1680 | V93: 1680 | X93: 1680 | Y93: 1680 | Z93: 1680 | AA93: 1680 | AB93: 1680 | AC93: 1680 | AE93: 1680 | AF93: 1680 | AG93: 1680 | AH93: 1680 | AI93: 1680
B94: 實際產量 | C94: 34848 | D94: 1584 | E94: 1680 | F94: 1350 | G94: 1680 | H94: 1680 | J94: 1680 | K94: 1680 | L94: 1680 | M94: 1530 | N94: 1680 | O94: 1640 | Q94: 1680 | R94: 1540 | S94: 1680 | T94: 1250 | U94: 1370 | V94: 1628 | X94: 1440 | Y94: 1680 | Z94: 1540 | AA94: 1590 | AB94: 1490 | AC94: 1680
B95: 差異 | C95: -2112 | D95: -96 | E95: 0 | F95: -330 | G95: 0 | H95: 0 | J95: 0 | K95: 0 | L95: 0 | M95: -150 | N95: 0 | O95: -40 | Q95: 0 | R95: -140 | S95: 0 | T95: -430 | U95: -310 | V95: -52 | X95: -240 | Y95: 0 | Z95: -140 | AA95: -90 | AB95: -190 | AC95: 0
B96: 工時 | C96: 176 | D96: 8 | E96: 8 | F96: 8 | G96: 8 | H96: 8 | J96: 8 | K96: 8 | L96: 8 | M96: 8 | N96: 8 | O96: 8 | Q96: 8 | R96: 8 | S96: 8 | T96: 8 | U96: 8 | V96: 8 | X96: 8 | Y96: 8 | Z96: 8 | AA96: 8 | AB96: 8 | AC96: 8
B97: 直工人數 | C97: 64 | D97: 64 | E97: 67 | F97: 63 | G97: 63 | H97: 62 | J97: 62 | K97: 62 | L97: 64 | M97: 64 | N97: 64 | O97: 63 | Q97: 65 | R97: 67 | S97: 67 | T97: 67 | U97: 67 | V97: 65 | X97: 64 | Y97: 65 | Z97: 64 | AA97: 65 | AB97: 64 | AC97: 65
B98: 時產能 | C98: 198 | D98: 198 | E98: 210 | F98: 168.75 | G98: 210 | H98: 210 | J98: 210 | K98: 210 | L98: 210 | M98: 191.25 | N98: 210 | O98: 205 | Q98: 210 | R98: 192.5 | S98: 210 | T98: 156.25 | U98: 171.25 | V98: 203.5 | X98: 180 | Y98: 210 | Z98: 192.5 | AA98: 198.75 | AB98: 186.25 | AC98: 210
B99: 人均時產 | C99: 3.0938 | D99: 3.0938 | E99: 3.1343 | F99: 2.6786 | G99: 3.3333 | H99: 3.3871 | J99: 3.3871 | K99: 3.3871 | L99: 3.2813 | M99: 2.9883 | N99: 3.2813 | O99: 3.254 | Q99: 3.2308 | R99: 2.8731 | S99: 3.1343 | T99: 2.3321 | U99: 2.556 | V99: 3.1308 | X99: 2.8125 | Y99: 3.2308 | Z99: 3.0078 | AA99: 3.0577 | AB99: 2.9102 | AC99: 3.2308
A100: A1_LEAN3-12_G | B100: 標準產量 | C100: 38576 | D100: 1753.4545 | E100: 1760 | F100: 1760 | G100: 1760 | H100: 1760 | J100: 1760 | K100: 1760 | L100: 1760 | M100: 1760 | N100: 1760 | O100: 1760 | Q100: 1760 | R100: 1760 | S100: 1760 | T100: 1712 | U100: 1760 | V100: 1760 | X100: 1760 | Y100: 1664 | Z100: 1760 | AA100: 1760 | AB100: 1760 | AC100: 1760
...

Sheet 3.5.A2廠人均時產能-成型
A1: 回到首頁
A2: 2017/03月成型人均時產能報表
A3: Lean線 | B3: 項目 | C3: 總計 | D3: 日平均 | E3: 1 | F3: 2 | G3: 3 | H3: 4 | I3: 5 | J3: 6 | K3: 7 | L3: 8 | M3: 9 | N3: 10 | O3: 11 | P3: 12 | Q3: 13 | R3: 14 | S3: 15 | T3: 16 | U3: 17 | V3: 18 | W3: 19 | X3: 20 | Y3: 21 | Z3: 22 | AA3: 23 | AB3: 24 | AC3: 25 | AD3: 26 | AE3: 27 | AF3: 28 | AG3: 29 | AH3: 30 | AI3: 31
A4: 總計 | B4: 標準產量 | C4: 611312 | D4: 29110.095 | E4: 29712 | F4: 29984 | G4: 29896 | H4: 29776 | J4: 30040 | K4: 30200 | L4: 30000 | M4: 29960 | N4: 29920 | O4: 29920 | Q4: 29576 | R4: 29128 | S4: 29016 | T4: 28320 | U4: 28512 | V4: 28320 | X4: 28160 | Y4: 27960 | Z4: 27632 | AA4: 27664 | AB4: 27616
B5: 目標產量 | C5: 561740 | D5: 26749.524 | E5: 27860 | F5: 26750 | G5: 27790 | H5: 28520 | J5: 28520 | K5: 28520 | L5: 28520 | M5: 28000 | N5: 28440 | O5: 27200 | Q5: 26300 | R5: 27000 | S5: 24620 | T5: 25380 | U5: 26520 | V5: 26020 | X5: 25360 | Y5: 24340 | Z5: 24870 | AA5: 25210 | AB5: 26000 | AC5: 25440 | AE5: 25840 | AF5: 24990 | AG5: 24470 | AH5: 24480 | AI5: 24640
B6: 實際產量 | C6: 559638 | D6: 26649.429 | E6: 27860 | F6: 26864 | G6: 27570 | H6: 28474 | J6: 28520 | K6: 28520 | L6: 28522 | M6: 26520 | N6: 28104 | O6: 27031 | Q6: 26680 | R6: 26960 | S6: 24388 | T6: 25136 | U6: 26510 | V6: 26079 | X6: 25430 | Y6: 24519 | Z6: 24875 | AA6: 25534 | AB6: 25542
B7: 差異 | C7: -2102 | D7: -100.09524 | E7: 0 | F7: 114 | G7: -220 | H7: -46 | J7: 0 | K7: 0 | L7: 2 | M7: -1480 | N7: -336 | O7: -169 | Q7: 380 | R7: -40 | S7: -232 | T7: -244 | U7: -10 | V7: 59 | X7: 70 | Y7: 179 | Z7: 5 | AA7: 324 | AB7: -458
B8: 工時 | C8: 168 | D8: 8 | E8: 8 | F8: 8 | G8: 8 | H8: 8 | J8: 8 | K8: 8 | L8: 8 | M8: 8 | N8: 8 | O8: 8 | Q8: 8 | R8: 8 | S8: 8 | T8: 8 | U8: 8 | V8: 8 | X8: 8 | Y8: 8 | Z8: 8 | AA8: 8 | AB8: 8
B9: 直工人數 | C9: 1179 | D9: 1179 | E9: 1186 | F9: 1186 | G9: 1192 | H9: 1174 | J9: 1162 | K9: 1174 | L9: 1175 | M9: 1178 | N9: 1184 | O9: 1191 | Q9: 1188 | R9: 1198 | S9: 1196 | T9: 1187 | U9: 1182 | V9: 1180 | X9: 1175 | Y9: 1175 | Z9: 1193 | AA9: 1196 | AB9: 1190
B10: 時產能 | C10: 3331.1786 | D10: 3331.1786 | E10: 3482.5 | F10: 3358 | G10: 3446.25 | H10: 3559.25 | J10: 3565 | K10: 3565 | L10: 3565.25 | M10: 3315 | N10: 3513 | O10: 3378.875 | Q10: 3335 | R10: 3370 | S10: 3048.5 | T10: 3142 | U10: 3313.75 | V10: 3259.875 | X10: 3178.75 | Y10: 3064.875 | Z10: 3109.375 | AA10: 3191.75 | AB10: 3192.75
B11: 人均時產 | C11: 2.8254271 | D11: 2.8254271 | E11: 2.9363406 | F11: 2.8313659 | G11: 2.8911493 | H11: 3.0317291 | J11: 3.0679862 | K11: 3.0366269 | L11: 3.0342553 | M11: 2.8140917 | N11: 2.9670608 | O11: 2.8370067 | Q11: 2.8072391 | R11: 2.8130217 | S11: 2.548913 | T11: 2.6470093 | U11: 2.803511 | V11: 2.7626059 | X11: 2.7053191 | Y11: 2.6084043 | Z11: 2.6063495 | AA11: 2.6686873 | AB11: 2.6829832
A12: A2_LEAN1-01_G | B12: 標準產量 | C12: 36184 | D12: 1723.0476 | E12: 1760 | F12: 1760 | G12: 1760 | H12: 1760 | J12: 1760 | K12: 1760 | L12: 1760 | M12: 1760 | N12: 1760 | O12: 1760 | Q12: 1760 | R12: 1760 | S12: 1760 | T12: 1704 | U12: 1696 | V12: 1680 | X12: 1680 | Y12: 1680 | Z12: 1504 | AA12: 1680 | AB12: 1680
B13: 目標產量 | C13: 30920 | D13: 1472.381 | E13: 1520 | F13: 1520 | G13: 1520 | H13: 1520 | J13: 1520 | K13: 1520 | L13: 1520 | M13: 1520 | N13: 1520 | O13: 1520 | Q13: 1520 | R13: 1520 | S13: 1520 | T13: 1080 | U13: 1440 | V13: 1440 | X13: 1440 | Y13: 1440 | Z13: 1440 | AA13: 1440 | AB13: 1440 | AC13: 1440 | AE13: 1440 | AF13: 1440 | AG13: 1440 | AH13: 1440 | AI13: 1440
B14: 實際產量 | C14: 31466 | D14: 1498.381 | E14: 1520 | F14: 1520 | G14: 1600 | H14: 1520 | J14: 1520 | K14: 1740 | L14: 1520 | M14: 1520 | N14: 1520 | O14: 1520 | Q14: 1520 | R14: 1520 | S14: 1520 | T14: 1280 | U14: 1440 | V14: 1486 | X14: 1440 | Y14: 1440 | Z14: 1440 | AA14: 1440 | AB14: 1440
B15: 差異 | C15: 546 | D15: 26 | E15: 0 | F15: 0 | G15: 80 | H15: 0 | J15: 0 | K15: 220 | L15: 0 | M15: 0 | N15: 0 | O15: 0 | Q15: 0 | R15: 0 | S15: 0 | T15: 200 | U15: 0 | V15: 46 | X15: 0 | Y15: 0 | Z15: 0 | AA15: 0 | AB15: 0
B16: 工時 | C16: 168 | D16: 8 | E16: 8 | F16: 8 | G16: 8 | H16: 8 | J16: 8 | K16: 8 | L16: 8 | M16: 8 | N16: 8 | O16: 8 | Q16: 8 | R16: 8 | S16: 8 | T16: 8 | U16: 8 | V16: 8 | X16: 8 | Y16: 8 | Z16: 8 | AA16: 8 | AB16: 8
B17: 直工人數 | C17: 65 | D17: 65 | E17: 66 | F17: 65 | G17: 66 | H17: 63 | J17: 65 | K17: 65 | L17: 64 | M17: 64 | N17: 65 | O17: 66 | Q17: 65 | R17: 66 | S17: 66 | T17: 66 | U17: 66 | V17: 65 | X17: 66 | Y17: 65 | Z17: 67 | AA17: 65 | AB17: 67
B18: 時產能 | C18: 187.29762 | D18: 187.29762 | E18: 190 | F18: 190 | G18: 200 | H18: 190 | J18: 190 | K18: 217.5 | L18: 190 | M18: 190 | N18: 190 | O18: 190 | Q18: 190 | R18: 190 | S18: 190 | T18: 160 | U18: 180 | V18: 185.75 | X18: 180 | Y18: 180 | Z18: 180 | AA18: 180 | AB18: 180
B19: 人均時產 | C19: 2.8815 | D19: 2.8815 | E19: 2.8788 | F19: 2.9231 | G19: 3.0303 | H19: 3.0159 | J19: 2.9231 | K19: 3.3462 | L19: 2.9688 | M19: 2.9688 | N19: 2.9231 | O19: 2.8788 | Q19: 2.9231 | R19: 2.8788 | S19: 2.8788 | T19: 2.4242 | U19: 2.7273 | V19: 2.8577 | X19: 2.7273 | Y19: 2.7692 | Z19: 2.6866 | AA19: 2.7692 | AB19: 2.6866
A20: A2_LEAN1-02_G | B20: 標準產量 | C20: 36632 | D20: 1744.381 | E20: 1760 | F20: 1760 | G20: 1688 | H20: 1576 | J20: 1760 | K20: 1760 | L20: 1760 | M20: 1760 | N20: 1760 | O20: 1760 | Q20: 1760 | R20: 1760 | S20: 1760 | T20: 1688 | U20: 1760 | V20: 1760 | X20: 1760 | Y20: 1760 | Z20: 1760 | AA20: 1760 | AB20: 1760
B21: 目標產量 | C21: 34860 | D21: 1660 | E21: 1680 | F21: 1680 | G21: 1680 | H21: 1680 | J21: 1680 | K21: 1680 | L21: 1680 | M21: 1680 | N21: 1680 | O21: 1260 | Q21: 1680 | R21: 1680 | S21: 1680 | T21: 1680 | U21: 1680 | V21: 1680 | X21: 1680 | Y21: 1680 | Z21: 1680 | AA21: 1680 | AB21: 1680 | AC21: 1680 | AE21: 1680 | AF21: 1680 | AG21: 1680 | AH21: 1680 | AI21: 1680
B22: 實際產量 | C22: 34344 | D22: 1635.4286 | E22: 1680 | F22: 1680 | G22: 1680 | H22: 1584 | J22: 1680 | K22: 1460 | L22: 1680 | M22: 1444 | N22: 1512 | O22: 1680 | Q22: 1680 | R22: 1680 | S22: 1680 | T22: 1680 | U22: 1680 | V22: 1680 | X22: 1680 | Y22: 1500 | Z22: 1560 | AA22: 1728 | AB22: 1716
B23: 差異 | C23: -516 | D23: -24.571429 | E23: 0 | F23: 0 | G23: 0 | H23: -96 | J23: 0 | K23: -220 | L23: 0 | M23: -236 | N23: -168 | O23: 420 | Q23: 0 | R23: 0 | S23: 0 | T23: 0 | U23: 0 | V23: 0 | X23: 0 | Y23: -180 | Z23: -120 | AA23: 48 | AB23: 36
B24: 工時 | C24: 168 | D24: 8 | E24: 8 | F24: 8 | G24: 8 | H24: 8 | J24: 8 | K24: 8 | L24: 8 | M24: 8 | N24: 8 | O24: 8 | Q24: 8 | R24: 8 | S24: 8 | T24: 8 | U24: 8 | V24: 8 | X24: 8 | Y24: 8 | Z24: 8 | AA24: 8 | AB24: 8
B25: 直工人數 | C25: 69 | D25: 69 | E25: 72 | F25: 68 | G25: 70 | H25: 70 | J25: 69 | K25: 66 | L25: 68 | M25: 71 | N25: 69 | O25: 71 | Q25: 70 | R25: 72 | S25: 72 | T25: 69 | U25: 68 | V25: 70 | X25: 68 | Y25: 65 | Z25: 69 | AA25: 68 | AB25: 69
B26: 時產能 | C26: 204.42857 | D26: 204.42857 | E26: 210 | F26: 210 | G26: 210 | H26: 198 | J26: 210 | K26: 182.5 | L26: 210 | M26: 180.5 | N26: 189 | O26: 210 | Q26: 210 | R26: 210 | S26: 210 | T26: 210 | U26: 210 | V26: 210 | X26: 210 | Y26: 187.5 | Z26: 195 | AA26: 216 | AB26: 214.5
B27: 人均時產 | C27: 2.9627 | D27: 2.9627 | E27: 2.9167 | F27: 3.0882 | G27: 3 | H27: 2.8286 | J27: 3.0435 | K27: 2.7652 | L27: 3.0882 | M27: 2.5423 | N27: 2.7391 | O27: 2.9577 | Q27: 3 | R27: 2.9167 | S27: 2.9167 | T27: 3.0435 | U27: 3.0882 | V27: 3 | X27: 3.0882 | Y27: 2.8846 | Z27: 2.8261 | AA27: 3.1765 | AB27: 3.1087
A28: A2_LEAN1-03_G | B28: 標準產量 | C28: 36712 | D28: 1748.1905 | E28: 1760 | F28: 1760 | G28: 1760 | H28: 1760 | J28: 1760 | K28: 1760 | L28: 1760 | M28: 1760 | N28: 1760 | O28: 1760 | Q28: 1760 | R28: 1760 | S28: 1696 | T28: 1688 | U28: 1728 | V28: 1720 | X28: 1760 | Y28: 1720 | Z28: 1760 | AA28: 1760 | AB28: 1760
B29: 目標產量 | C29: 34020 | D29: 1620 | E29: 1680 | F29: 1680 | G29: 1680 | H29: 1680 | J29: 1680 | K29: 1680 | L29: 1680 | M29: 1680 | N29: 1680 | O29: 1680 | Q29: 1080 | R29: 1440 | S29: 1260 | T29: 1680 | U29: 1680 | V29: 1680 | X29: 1680 | Y29: 1680 | Z29: 1680 | AA29: 1680 | AB29: 1680 | AC29: 1680 | AE29: 1680 | AF29: 1680 | AG29: 1680 | AH29: 1680 | AI29: 1680
B30: 實際產量 | C30: 33218 | D30: 1581.8095 | E30: 1680 | F30: 1680 | G30: 1680 | H30: 1680 | J30: 1680 | K30: 1680 | L30: 1680 | M30: 1383 | N30: 1680 | O30: 1680 | Q30: 1380 | R30: 1440 | S30: 1014 | T30: 1236 | U30: 1444 | V30: 1680 | X30: 1680 | Y30: 1701 | Z30: 1680 | AA30: 1730 | AB30: 1730
B31: 差異 | C31: -802 | D31: -38.190476 | E31: 0 | F31: 0 | G31: 0 | H31: 0 | J31: 0 | K31: 0 | L31: 0 | M31: -297 | N31: 0 | O31: 0 | Q31: 300 | R31: 0 | S31: -246 | T31: -444 | U31: -236 | V31: 0 | X31: 0 | Y31: 21 | Z31: 0 | AA31: 50 | AB31: 50
B32: 工時 | C32: 168 | D32: 8 | E32: 8 | F32: 8 | G32: 8 | H32: 8 | J32: 8 | K32: 8 | L32: 8 | M32: 8 | N32: 8 | O32: 8 | Q32: 8 | R32: 8 | S32: 8 | T32: 8 | U32: 8 | V32: 8 | X32: 8 | Y32: 8 | Z32: 8 | AA32: 8 | AB32: 8
B33: 直工人數 | C33: 67 | D33: 67 | E33: 70 | F33: 68 | G33: 70 | H33: 70 | J33: 70 | K33: 69 | L33: 68 | M33: 65 | N33: 65 | O33: 67 | Q33: 69 | R33: 69 | S33: 67 | T33: 68 | U33: 68 | V33: 69 | X33: 64 | Y33: 68 | Z33: 67 | AA33: 67 | AB33: 66
B34: 時產能 | C34: 197.72619 | D34: 197.72619 | E34: 210 | F34: 210 | G34: 210 | H34: 210 | J34: 210 | K34: 210 | L34: 210 | M34: 172.875 | N34: 210 | O34: 210 | Q34: 172.5 | R34: 180 | S34: 126.75 | T34: 154.5 | U34: 180.5 | V34: 210 | X34: 210 | Y34: 212.625 | Z34: 210 | AA34: 216.25 | AB34: 216.25
B35: 人均時產 | C35: 2.9511 | D35: 2.9511 | E35: 3 | F35: 3.0882 | G35: 3 | H35: 3 | J35: 3 | K35: 3.0435 | L35: 3.0882 | M35: 2.6596 | N35: 3.2308 | O35: 3.1343 | Q35: 2.5 | R35: 2.6087 | S35: 1.8918 | T35: 2.2721 | U35: 2.6544 | V35: 3.0435 | X35: 3.2813 | Y35: 3.1268 | Z35: 3.1343 | AA35: 3.2276 | AB35: 3.2765
A36: A2_LEAN1-04_G | B36: 標準產量 | C36: 28280 | D36: 1346.6667 | E36: 1760 | F36: 1760 | G36: 1440 | H36: 1320 | J36: 1320 | K36: 1480 | L36: 1280 | M36: 1280 | N36: 1280 | O36: 1280 | Q36: 1280 | R36: 1280 | S36: 1280 | T36: 1280 | U36: 1280 | V36: 1280 | X36: 1280 | Y36: 1280 | Z36: 1280 | AA36: 1280 | AB36: 1280
B37: 目標產量 | C37: 25860 | D37: 1231.4286 | E37: 1680 | F37: 930 | G37: 930 | H37: 1240 | J37: 1240 | K37: 1240 | L37: 1240 | M37: 1240 | N37: 1240 | O37: 1240 | Q37: 1240 | R37: 1240 | S37: 1240 | T37: 1240 | U37: 1240 | V37: 1240 | X37: 1240 | Y37: 1240 | Z37: 1240 | AA37: 1240 | AB37: 1240 | AC37: 1240 | AE37: 1240 | AF37: 1240 | AG37: 1240 | AH37: 1240 | AI37: 1240
B38: 實際產量 | C38: 25869 | D38: 1231.8571 | E38: 1680 | F38: 1042 | G38: 930 | H38: 1240 | J38: 1240 | K38: 1240 | L38: 1240 | M38: 803 | N38: 1240 | O38: 1240 | Q38: 1240 | R38: 1200 | S38: 1060 | T38: 1240 | U38: 1466 | V38: 1242 | X38: 1310 | Y38: 1354 | Z38: 1312 | AA38: 1310 | AB38: 1240
B39: 差異 | C39: 9 | D39: 0.42857143 | E39: 0 | F39: 112 | G39: 0 | H39: 0 | J39: 0 | K39: 0 | L39: 0 | M39: -437 | N39: 0 | O39: 0 | Q39: 0 | R39: -40 | S39: -180 | T39: 0 | U39: 226 | V39: 2 | X39: 70 | Y39: 114 | Z39: 72 | AA39: 70 | AB39: 0
B40: 工時 | C40: 168 | D40: 8 | E40: 8 | F40: 8 | G40: 8 | H40: 8 | J40: 8 | K40: 8 | L40: 8 | M40: 8 | N40: 8 | O40: 8 | Q40: 8 | R40: 8 | S40: 8 | T40: 8 | U40: 8 | V40: 8 | X40: 8 | Y40: 8 | Z40: 8 | AA40: 8 | AB40: 8
B41: 直工人數 | C41: 69 | D41: 69 | E41: 70 | F41: 71 | G41: 71 | H41: 70 | J41: 68 | K41: 70 | L41: 71 | M41: 66 | N41: 66 | O41: 69 | Q41: 67 | R41: 68 | S41: 70 | T41: 67 | U41: 69 | V41: 67 | X41: 69 | Y41: 70 | Z41: 70 | AA41: 70 | AB41: 70
B42: 時產能 | C42: 153.98214 | D42: 153.98214 | E42: 210 | F42: 130.25 | G42: 116.25 | H42: 155 | J42: 155 | K42: 155 | L42: 155 | M42: 100.375 | N42: 155 | O42: 155 | Q42: 155 | R42: 150 | S42: 132.5 | T42: 155 | U42: 183.25 | V42: 155.25 | X42: 163.75 | Y42: 169.25 | Z42: 164 | AA42: 163.75 | AB42: 155
B43: 人均時產 | C43: 2.2316 | D43: 2.2316 | E43: 3 | F43: 1.8345 | G43: 1.6373 | H43: 2.2143 | J43: 2.2794 | K43: 2.2143 | L43: 2.1831 | M43: 1.5208 | N43: 2.3485 | O43: 2.2464 | Q43: 2.3134 | R43: 2.2059 | S43: 1.8929 | T43: 2.3134 | U43: 2.6558 | V43: 2.3172 | X43: 2.3732 | Y43: 2.4179 | Z43: 2.3429 | AA43: 2.3393 | AB43: 2.2143
A44: A2_LEAN1-05_G | B44: 標準產量 | C44: 36960 | D44: 1760 | E44: 1760 | F44: 1760 | G44: 1760 | H44: 1760 | J44: 1760 | K44: 1760 | L44: 1760 | M44: 1760 | N44: 1760 | O44: 1760 | Q44: 1760 | R44: 1760 | S44: 1760 | T44: 1760 | U44: 1760 | V44: 1760 | X44: 1760 | Y44: 1760 | Z44: 1760 | AA44: 1760 | AB44: 1760
B45: 目標產量 | C45: 35280 | D45: 1680 | E45: 1680 | F45: 1680 | G45: 1680 | H45: 1680 | J45: 1680 | K45: 1680 | L45: 1680 | M45: 1680 | N45: 1680 | O45: 1680 | Q45: 1680 | R45: 1680 | S45: 1680 | T45: 1680 | U45: 1680 | V45: 1680 | X45: 1680 | Y45: 1680 | Z45: 1680 | AA45: 1680 | AB45: 1680 | AC45: 1680 | AE45: 1680 | AF45: 1680 | AG45: 1680 | AH45: 1680 | AI45: 1680
B46: 實際產量 | C46: 34770 | D46: 1655.7143 | E46: 1680 | F46: 1680 | G46: 1680 | H46: 1680 | J46: 1680 | K46: 1680 | L46: 1680 | M46: 1170 | N46: 1512 | O46: 1680 | Q46: 1520 | R46: 1680 | S46: 1524 | T46: 1680 | U46: 1680 | V46: 1680 | X46: 1680 | Y46: 1804 | Z46: 1728 | AA46: 1836 | AB46: 1836
B47: 差異 | C47: -510 | D47: -24.285714 | E47: 0 | F47: 0 | G47: 0 | H47: 0 | J47: 0 | K47: 0 | L47: 0 | M47: -510 | N47: -168 | O47: 0 | Q47: -160 | R47: 0 | S47: -156 | T47: 0 | U47: 0 | V47: 0 | X47: 0 | Y47: 124 | Z47: 48 | AA47: 156 | AB47: 156
B48: 工時 | C48: 168 | D48: 8 | E48: 8 | F48: 8 | G48: 8 | H48: 8 | J48: 8 | K48: 8 | L48: 8 | M48: 8 | N48: 8 | O48: 8 | Q48: 8 | R48: 8 | S48: 8 | T48: 8 | U48: 8 | V48: 8 | X48: 8 | Y48: 8 | Z48: 8 | AA48: 8 | AB48: 8
B49: 直工人數 | C49: 66 | D49: 66 | E49: 68 | F49: 65 | G49: 66 | H49: 64 | J49: 64 | K49: 67 | L49: 66 | M49: 68 | N49: 66 | O49: 68 | Q49: 64 | R49: 66 | S49: 66 | T49: 65 | U49: 65 | V49: 66 | X49: 66 | Y49: 67 | Z49: 68 | AA49: 68 | AB49: 67
B50: 時產能 | C50: 206.96429 | D50: 206.96429 | E50: 210 | F50: 210 | G50: 210 | H50: 210 | J50: 210 | K50: 210 | L50: 210 | M50: 146.25 | N50: 189 | O50: 210 | Q50: 190 | R50: 210 | S50: 190.5 | T50: 210 | U50: 210 | V50: 210 | X50: 210 | Y50: 225.5 | Z50: 216 | AA50: 229.5 | AB50: 229.5
B51: 人均時產 | C51: 3.1358 | D51: 3.1358 | E51: 3.0882 | F51: 3.2308 | G51: 3.1818 | H51: 3.2813 | J51: 3.2813 | K51: 3.1343 | L51: 3.1818 | M51: 2.1507 | N51: 2.8636 | O51: 3.0882 | Q51: 2.9688 | R51: 3.1818 | S51: 2.8864 | T51: 3.2308 | U51: 3.2308 | V51: 3.1818 | X51: 3.1818 | Y51: 3.3657 | Z51: 3.1765 | AA51: 3.375 | AB51: 3.4254
A52: A2_LEAN2-06_G | B52: 標準產量 | C52: 38792 | D52: 1847.2381 | E52: 1760 | F52: 1760 | G52: 1864 | H52: 1896 | J52: 1920 | K52: 1920 | L52: 1920 | M52: 1920 | N52: 1920 | O52: 1920 | Q52: 1920 | R52: 1920 | S52: 1920 | T52: 1864 | U52: 1808 | V52: 1760 | X52: 1760 | Y52: 1760 | Z52: 1760 | AA52: 1760 | AB52: 1760
B53: 目標產量 | C53: 35740 | D53: 1701.9048 | E53: 1680 | F53: 1380 | G53: 1840 | H53: 1840 | J53: 1840 | K53: 1840 | L53: 1840 | M53: 1840 | N53: 1840 | O53: 1840 | Q53: 1840 | R53: 1840 | S53: 1260 | T53: 1260 | U53: 1680 | V53: 1680 | X53: 1680 | Y53: 1680 | Z53: 1680 | AA53: 1680 | AB53: 1680 | AC53: 1680 | AE53: 1680 | AF53: 1680 | AG53: 1680 | AH53: 1680 | AI53: 1680
B54: 實際產量 | C54: 34640 | D54: 1649.5238 | E54: 1680 | F54: 1380 | G54: 1540 | H54: 1840 | J54: 1840 | K54: 1840 | L54: 1840 | M54: 1840 | N54: 1840 | O54: 1840 | Q54: 1840 | R54: 1840 | S54: 1260 | T54: 1260 | U54: 1480 | V54: 1580 | X54: 1580 | Y54: 1580 | Z54: 1480 | AA54: 1680 | AB54: 1580
B55: 差異 | C55: -1100 | D55: -52.380952 | E55: 0 | F55: 0 | G55: -300 | H55: 0 | J55: 0 | K55: 0 | L55: 0 | M55: 0 | N55: 0 | O55: 0 | Q55: 0 | R55: 0 | S55: 0 | T55: 0 | U55: -200 | V55: -100 | X55: -100 | Y55: -100 | Z55: -200 | AA55: 0 | AB55: -100
B56: 工時 | C56: 168 | D56: 8 | E56: 8 | F56: 8 | G56: 8 | H56: 8 | J56: 8 | K56: 8 | L56: 8 | M56: 8 | N56: 8 | O56: 8 | Q56: 8 | R56: 8 | S56: 8 | T56: 8 | U56: 8 | V56: 8 | X56: 8 | Y56: 8 | Z56: 8 | AA56: 8 | AB56: 8
B57: 直工人數 | C57: 72 | D57: 72 | E57: 74 | F57: 73 | G57: 74 | H57: 74 | J57: 72 | K57: 73 | L57: 73 | M57: 72 | N57: 74 | O57: 71 | Q57: 70 | R57: 69 | S57: 71 | T57: 71 | U57: 71 | V57: 73 | X57: 72 | Y57: 71 | Z57: 74 | AA57: 73 | AB57: 72
B58: 時產能 | C58: 206.19048 | D58: 206.19048 | E58: 210 | F58: 172.5 | G58: 192.5 | H58: 230 | J58: 230 | K58: 230 | L58: 230 | M58: 230 | N58: 230 | O58: 230 | Q58: 230 | R58: 230 | S58: 157.5 | T58: 157.5 | U58: 185 | V58: 197.5 | X58: 197.5 | Y58: 197.5 | Z58: 185 | AA58: 210 | AB58: 197.5
B59: 人均時產 | C59: 2.8638 | D59: 2.8638 | E59: 2.8378 | F59: 2.363 | G59: 2.6014 | H59: 3.1081 | J59: 3.1944 | K59: 3.1507 | L59: 3.1507 | M59: 3.1944 | N59: 3.1081 | O59: 3.2394 | Q59: 3.2857 | R59: 3.3333 | S59: 2.2183 | T59: 2.2183 | U59: 2.6056 | V59: 2.7055 | X59: 2.7431 | Y59: 2.7817 | Z59: 2.5 | AA59: 2.8767 | AB59: 2.7431
A60: A2_LEAN2-07_G | B60: 標準產量 | C60: 33328 | D60: 1587.0476 | E60: 1760 | F60: 1864 | G60: 1864 | H60: 1920 | J60: 1920 | K60: 1920 | L60: 1920 | M60: 1920 | N60: 1920 | O60: 1920 | Q60: 1600 | R60: 1280 | S60: 1280 | T60: 1280 | U60: 1280 | V60: 1280 | X60: 1280 | Y60: 1280 | Z60: 1280 | AA60: 1280 | AB60: 1280
B61: 目標產量 | C61: 31340 | D61: 1492.381 | E61: 1440 | F61: 1380 | G61: 1840 | H61: 1840 | J61: 1840 | K61: 1840 | L61: 1840 | M61: 1840 | N61: 1840 | O61: 1020 | Q61: 1020 | R61: 1360 | S61: 1360 | T61: 1360 | U61: 1360 | V61: 1360 | X61: 1360 | Y61: 1360 | Z61: 1360 | AA61: 1360 | AB61: 1360 | AC61: 1360 | AE61: 1360 | AF61: 1360 | AG61: 1360 | AH61: 1360 | AI61: 1360
B62: 實際產量 | C62: 31540 | D62: 1501.9048 | E62: 1440 | F62: 1380 | G62: 1940 | H62: 1690 | J62: 1840 | K62: 1840 | L62: 1840 | M62: 1840 | N62: 1840 | O62: 1020 | Q62: 1070 | R62: 1360 | S62: 1360 | T62: 1360 | U62: 1460 | V62: 1460 | X62: 1360 | Y62: 1360 | Z62: 1360 | AA62: 1360 | AB62: 1360
B63: 差異 | C63: 200 | D63: 9.5238095 | E63: 0 | F63: 0 | G63: 100 | H63: -150 | J63: 0 | K63: 0 | L63: 0 | M63: 0 | N63: 0 | O63: 0 | Q63: 50 | R63: 0 | S63: 0 | T63: 0 | U63: 100 | V63: 100 | X63: 0 | Y63: 0 | Z63: 0 | AA63: 0 | AB63: 0
B64: 工時 | C64: 168 | D64: 8 | E64: 8 | F64: 8 | G64: 8 | H64: 8 | J64: 8 | K64: 8 | L64: 8 | M64: 8 | N64: 8 | O64: 8 | Q64: 8 | R64: 8 | S64: 8 | T64: 8 | U64: 8 | V64: 8 | X64: 8 | Y64: 8 | Z64: 8 | AA64: 8 | AB64: 8
B65: 直工人數 | C65: 70 | D65: 70 | E65: 70 | F65: 70 | G65: 69 | H65: 69 | J65: 66 | K65: 70 | L65: 68 | M65: 69 | N65: 71 | O65: 72 | Q65: 75 | R65: 72 | S65: 71 | T65: 71 | U65: 71 | V65: 73 | X65: 70 | Y65: 69 | Z65: 71 | AA65: 71 | AB65: 72
B66: 時產能 | C66: 187.7381 | D66: 187.7381 | E66: 180 | F66: 172.5 | G66: 242.5 | H66: 211.25 | J66: 230 | K66: 230 | L66: 230 | M66: 230 | N66: 230 | O66: 127.5 | Q66: 133.75 | R66: 170 | S66: 170 | T66: 170 | U66: 182.5 | V66: 182.5 | X66: 170 | Y66: 170 | Z66: 170 | AA66: 170 | AB66: 170
B67: 人均時產 | C67: 2.682 | D67: 2.682 | E67: 2.5714 | F67: 2.4643 | G67: 3.5145 | H67: 3.0616 | J67: 3.4848 | K67: 3.2857 | L67: 3.3824 | M67: 3.3333 | N67: 3.2394 | O67: 1.7708 | Q67: 1.7833 | R67: 2.3611 | S67: 2.3944 | T67: 2.3944 | U67: 2.5704 | V67: 2.5 | X67: 2.4286 | Y67: 2.4638 | Z67: 2.3944 | AA67: 2.3944 | AB67: 2.3611
A68: A2_LEAN2-08_G | B68: 標準產量 | C68: 38864 | D68: 1850.6667 | E68: 1920 | F68: 1920 | G68: 1920 | H68: 1920 | J68: 1920 | K68: 1920 | L68: 1920 | M68: 1920 | N68: 1920 | O68: 1920 | Q68: 1920 | R68: 1864 | S68: 1800 | T68: 1760 | U68: 1760 | V68: 1760 | X68: 1760 | Y68: 1760 | Z68: 1760 | AA68: 1760 | AB68: 1760
B69: 目標產量 | C69: 34320 | D69: 1634.2857 | E69: 1840 | F69: 1840 | G69: 1840 | H69: 1840 | J69: 1840 | K69: 1840 | L69: 1840 | M69: 1840 | N69: 1840 | O69: 1840 | Q69: 1840 | R69: 1840 | S69: 1080 | T69: 1080 | U69: 1440 | V69: 1440 | X69: 1440 | Y69: 1440 | Z69: 1440 | AA69: 1440 | AB69: 1440 | AC69: 1440 | AE69: 1440 | AF69: 1440 | AG69: 1440 | AH69: 1440 | AI69: 1440
B70: 實際產量 | C70: 35170 | D70: 1674.7619 | E70: 1840 | F70: 1840 | G70: 1840 | H70: 1940 | J70: 1840 | K70: 1840 | L70: 1840 | M70: 1840 | N70: 1840 | O70: 1840 | Q70: 1840 | R70: 1840 | S70: 1080 | T70: 1280 | U70: 1540 | V70: 1540 | X70: 1490 | Y70: 1640 | Z70: 1440 | AA70: 1440 | AB70: 1540
B71: 差異 | C71: 850 | D71: 40.47619 | E71: 0 | F71: 0 | G71: 0 | H71: 100 | J71: 0 | K71: 0 | L71: 0 | M71: 0 | N71: 0 | O71: 0 | Q71: 0 | R71: 0 | S71: 0 | T71: 200 | U71: 100 | V71: 100 | X71: 50 | Y71: 200 | Z71: 0 | AA71: 0 | AB71: 100
B72: 工時 | C72: 168 | D72: 8 | E72: 8 | F72: 8 | G72: 8 | H72: 8 | J72: 8 | K72: 8 | L72: 8 | M72: 8 | N72: 8 | O72: 8 | Q72: 8 | R72: 8 | S72: 8 | T72: 8 | U72: 8 | V72: 8 | X72: 8 | Y72: 8 | Z72: 8 | AA72: 8 | AB72: 8
B73: 直工人數 | C73: 71 | D73: 71 | E73: 70 | F73: 71 | G73: 70 | H73: 69 | J73: 70 | K73: 71 | L73: 71 | M73: 74 | N73: 74 | O73: 71 | Q73: 73 | R73: 73 | S73: 73 | T73: 72 | U73: 70 | V73: 71 | X73: 69 | Y73: 71 | Z73: 72 | AA73: 72 | AB73: 70
B74: 時產能 | C74: 209.34524 | D74: 209.34524 | E74: 230 | F74: 230 | G74: 230 | H74: 242.5 | J74: 230 | K74: 230 | L74: 230 | M74: 230 | N74: 230 | O74: 230 | Q74: 230 | R74: 230 | S74: 135 | T74: 160 | U74: 192.5 | V74: 192.5 | X74: 186.25 | Y74: 205 | Z74: 180 | AA74: 180 | AB74: 192.5
B75: 人均時產 | C75: 2.9485 | D75: 2.9485 | E75: 3.2857 | F75: 3.2394 | G75: 3.2857 | H75: 3.5145 | J75: 3.2857 | K75: 3.2394 | L75: 3.2394 | M75: 3.1081 | N75: 3.1081 | O75: 3.2394 | Q75: 3.1507 | R75: 3.1507 | S75: 1.8493 | T75: 2.2222 | U75: 2.75 | V75: 2.7113 | X75: 2.6993 | Y75: 2.8873 | Z75: 2.5 | AA75: 2.5 | AB75: 2.75
A76: A2_LEAN2-09_G | B76: 標準產量 | C76: 35912 | D76: 1710.0952 | E76: 1760 | F76: 1760 | G76: 1760 | H76: 1760 | J76: 1760 | K76: 1760 | L76: 1760 | M76: 1760 | N76: 1760 | O76: 1760 | Q76: 1760 | R76: 1760 | S76: 1760 | T76: 1544 | U76: 1760 | V76: 1760 | X76: 1760 | Y76: 1760 | Z76: 1760 | AA76: 1280 | AB76: 1408
B77: 目標產量 | C77: 32900 | D77: 1566.6667 | E77: 1680 | F77: 1680 | G77: 1680 | H77: 1680 | J77: 1680 | K77: 1680 | L77: 1680 | M77: 1680 | N77: 1680 | O77: 1680 | Q77: 1680 | R77: 1680 | S77: 1680 | T77: 1680 | U77: 1680 | V77: 1680 | X77: 1680 | Y77: 840 | Z77: 840 | AA77: 1140 | AB77: 1520 | AC77: 1520 | AE77: 1520 | AF77: 1520 | AG77: 1520 | AH77: 840 | AI77: 840
B78: 實際產量 | C78: 32490 | D78: 1547.1429 | E78: 1680 | F78: 1680 | G78: 1680 | H78: 1730 | J78: 1680 | K78: 1680 | L78: 1680 | M78: 1680 | N78: 1680 | O78: 1680 | Q78: 1600 | R78: 1680 | S78: 1680 | T78: 1300 | U78: 1680 | V78: 1480 | X78: 1680 | Y78: 840 | Z78: 1040 | AA78: 1140 | AB78: 1520
B79: 差異 | C79: -410 | D79: -19.52381 | E79: 0 | F79: 0 | G79: 0 | H79: 50 | J79: 0 | K79: 0 | L79: 0 | M79: 0 | N79: 0 | O79: 0 | Q79: -80 | R79: 0 | S79: 0 | T79: -380 | U79: 0 | V79: -200 | X79: 0 | Y79: 0 | Z79: 200 | AA79: 0 | AB79: 0
B80: 工時 | C80: 168 | D80: 8 | E80: 8 | F80: 8 | G80: 8 | H80: 8 | J80: 8 | K80: 8 | L80: 8 | M80: 8 | N80: 8 | O80: 8 | Q80: 8 | R80: 8 | S80: 8 | T80: 8 | U80: 8 | V80: 8 | X80: 8 | Y80: 8 | Z80: 8 | AA80: 8 | AB80: 8
B81: 直工人數 | C81: 72 | D81: 72 | E81: 72 | F81: 72 | G81: 71 | H81: 68 | J81: 72 | K81: 72 | L81: 72 | M81: 73 | N81: 71 | O81: 72 | Q81: 71 | R81: 72 | S81: 73 | T81: 73 | U81: 70 | V81: 72 | X81: 73 | Y81: 72 | Z81: 73 | AA81: 75 | AB81: 73
B82: 時產能 | C82: 193.39286 | D82: 193.39286 | E82: 210 | F82: 210 | G82: 210 | H82: 216.25 | J82: 210 | K82: 210 | L82: 210 | M82: 210 | N82: 210 | O82: 210 | Q82: 200 | R82: 210 | S82: 210 | T82: 162.5 | U82: 210 | V82: 185 | X82: 210 | Y82: 105 | Z82: 130 | AA82: 142.5 | AB82: 190
B83: 人均時產 | C83: 2.686 | D83: 2.686 | E83: 2.9167 | F83: 2.9167 | G83: 2.9577 | H83: 3.1801 | J83: 2.9167 | K83: 2.9167 | L83: 2.9167 | M83: 2.8767 | N83: 2.9577 | O83: 2.9167 | Q83: 2.8169 | R83: 2.9167 | S83: 2.8767 | T83: 2.226 | U83: 3 | V83: 2.5694 | X83: 2.8767 | Y83: 1.4583 | Z83: 1.7808 | AA83: 1.9 | AB83: 2.6027
A84: A2_LEAN2-10_G | B84: 標準產量 | C84: 39144 | D84: 1864 | E84: 1848 | F84: 1896 | G84: 1920 | H84: 1920 | J84: 1920 | K84: 1920 | L84: 1920 | M84: 1880 | N84: 1840 | O84: 1840 | Q84: 1840 | R84: 1840 | S84: 1840 | T84: 1840 | U84: 1840 | V84: 1840 | X84: 1840 | Y84: 1840 | Z84: 1840 | AA84: 1840 | AB84: 1840
B85: 目標產量 | C85: 37080 | D85: 1765.7143 | E85: 1840 | F85: 1840 | G85: 1840 | H85: 1840 | J85: 1840 | K85: 1840 | L85: 1840 | M85: 1320 | N85: 1760 | O85: 1760 | Q85: 1760 | R85: 1760 | S85: 1760 | T85: 1760 | U85: 1760 | V85: 1760 | X85: 1760 | Y85: 1760 | Z85: 1760 | AA85: 1760 | AB85: 1760 | AC85: 1200 | AE85: 1600 | AF85: 1600 | AG85: 1080 | AH85: 1440 | AI85: 1440
B86: 實際產量 | C86: 37162 | D86: 1769.619 | E86: 1840 | F86: 1842 | G86: 1940 | H86: 1890 | J86: 1840 | K86: 1840 | L86: 1840 | M86: 1320 | N86: 1760 | O86: 1760 | Q86: 1790 | R86: 1760 | S86: 1760 | T86: 1760 | U86: 1760 | V86: 1760 | X86: 1760 | Y86: 1660 | Z86: 1760 | AA86: 1760 | AB86: 1760
B87: 差異 | C87: 82 | D87: 3.9047619 | E87: 0 | F87: 2 | G87: 100 | H87: 50 | J87: 0 | K87: 0 | L87: 0 | M87: 0 | N87: 0 | O87: 0 | Q87: 30 | R87: 0 | S87: 0 | T87: 0 | U87: 0 | V87: 0 | X87: 0 | Y87: -100 | Z87: 0 | AA87: 0 | AB87: 0
B88: 工時 | C88: 168 | D88: 8 | E88: 8 | F88: 8 | G88: 8 | H88: 8 | J88: 8 | K88: 8 | L88: 8 | M88: 8 | N88: 8 | O88: 8 | Q88: 8 | R88: 8 | S88: 8 | T88: 8 | U88: 8 | V88: 8 | X88: 8 | Y88: 8 | Z88: 8 | AA88: 8 | AB88: 8
B89: 直工人數 | C89: 64 | D89: 64 | E89: 59 | F89: 63 | G89: 66 | H89: 65 | J89: 61 | K89: 63 | L89: 63 | M89: 63 | N89: 65 | O89: 65 | Q89: 66 | R89: 66 | S89: 65 | T89: 64 | U89: 65 | V89: 64 | X89: 63 | Y89: 66 | Z89: 66 | AA89: 67 | AB89: 63
B90: 時產能 | C90: 221.20238 | D90: 221.20238 | E90: 230 | F90: 230.25 | G90: 242.5 | H90: 236.25 | J90: 230 | K90: 230 | L90: 230 | M90: 165 | N90: 220 | O90: 220 | Q90: 223.75 | R90: 220 | S90: 220 | T90: 220 | U90: 220 | V90: 220 | X90: 220 | Y90: 207.5 | Z90: 220 | AA90: 220 | AB90: 220
B91: 人均時產 | C91: 3.4563 | D91: 3.4563 | E91: 3.8983 | F91: 3.6548 | G91: 3.6742 | H91: 3.6346 | J91: 3.7705 | K91: 3.6508 | L91: 3.6508 | M91: 2.619 | N91: 3.3846 | O91: 3.3846 | Q91: 3.3902 | R91: 3.3333 | S91: 3.3846 | T91: 3.4375 | U91: 3.3846 | V91: 3.4375 | X91: 3.4921 | Y91: 3.1439 | Z91: 3.3333 | AA91: 3.2836 | AB91: 3.4921
A92: A2_LEAN2-11_G | B92: 標準產量 | C92: 38832 | D92: 1849.1429 | E92: 1864 | F92: 1896 | G92: 1920 | H92: 1920 | J92: 1920 | K92: 1920 | L92: 1920 | M92: 1920 | N92: 1920 | O92: 1920 | Q92: 1896 | R92: 1824 | S92: 1840 | T92: 1792 | U92: 1760 | V92: 1800 | X92: 1760 | Y92: 1760 | Z92: 1760 | AA92: 1760 | AB92: 1760
B93: 目標產量 | C93: 35000 | D93: 1666.6667 | E93: 1840 | F93: 1840 | G93: 1840 | H93: 1840 | J93: 1840 | K93: 1840 | L93: 1840 | M93: 1840 | N93: 1840 | O93: 1840 | Q93: 1840 | R93: 1840 | S93: 1080 | T93: 1440 | U93: 1440 | V93: 1440 | X93: 1440 | Y93: 1440 | Z93: 1760 | AA93: 1440 | AB93: 1440 | AC93: 1440 | AE93: 1440 | AF93: 1440 | AG93: 1440 | AH93: 1440 | AI93: 1440
B94: 實際產量 | C94: 35430 | D94: 1687.1429 | E94: 1840 | F94: 1840 | G94: 1640 | H94: 1840 | J94: 1840 | K94: 1840 | L94: 1840 | M94: 1840 | N94: 1840 | O94: 1840 | Q94: 1840 | R94: 1840 | S94: 1080 | T94: 1620 | U94: 1440 | V94: 1540 | X94: 1490 | Y94: 1540 | Z94: 1760 | AA94: 1440 | AB94: 1640
B95: 差異 | C95: 430 | D95: 20.47619 | E95: 0 | F95: 0 | G95: -200 | H95: 0 | J95: 0 | K95: 0 | L95: 0 | M95: 0 | N95: 0 | O95: 0 | Q95: 0 | R95: 0 | S95: 0 | T95: 180 | U95: 0 | V95: 100 | X95: 50 | Y95: 100 | Z95: 0 | AA95: 0 | AB95: 200
B96: 工時 | C96: 168 | D96: 8 | E96: 8 | F96: 8 | G96: 8 | H96: 8 | J96: 8 | K96: 8 | L96: 8 | M96: 8 | N96: 8 | O96: 8 | Q96: 8 | R96: 8 | S96: 8 | T96: 8 | U96: 8 | V96: 8 | X96: 8 | Y96: 8 | Z96: 8 | AA96: 8 | AB96: 8
B97: 直工人數 | C97: 68 | D97: 68 | E97: 69 | F97: 69 | G97: 69 | H97: 65 | J97: 66 | K97: 65 | L97: 67 | M97: 64 | N97: 68 | O97: 69 | Q97: 70 | R97: 71 | S97: 67 | T97: 70 | U97: 71 | V97: 67 | X97: 71 | Y97: 71 | Z97: 72 | AA97: 72 | AB97: 72
B98: 時產能 | C98: 210.89286 | D98: 210.89286 | E98: 230 | F98: 230 | G98: 205 | H98: 230 | J98: 230 | K98: 230 | L98: 230 | M98: 230 | N98: 230 | O98: 230 | Q98: 230 | R98: 230 | S98: 135 | T98: 202.5 | U98: 180 | V98: 192.5 | X98: 186.25 | Y98: 192.5 | Z98: 220 | AA98: 180 | AB98: 205
B99: 人均時產 | C99: 3.1014 | D99: 3.1014 | E99: 3.3333 | F99: 3.3333 | G99: 2.971 | H99: 3.5385 | J99: 3.4848 | K99: 3.5385 | L99: 3.4328 | M99: 3.5938 | N99: 3.3824 | O99: 3.3333 | Q99: 3.2857 | R99: 3.2394 | S99: 2.0149 | T99: 2.8929 | U99: 2.5352 | V99: 2.8731 | X99: 2.6232 | Y99: 2.7113 | Z99: 3.0556 | AA99: 2.5 | AB99: 2.8472
A100: A2_LEAN3-12_G | B100: 標準產量 | C100: 35128 | D100: 1672.7619 | E100: 1680 | F100: 1760 | G100: 1760 | H100: 1760 | J100: 1760 | K100: 1760 | L100: 1760 | M100: 1760 | N100: 1760 | O100: 1760 | Q100: 1760 | R100: 1760 | S100: 1760 | T100: 1560 | U100: 1520 | V100: 1360 | X100: 1360 | Y100: 1600 | Z100: 1568 | AA100: 1680 | AB100: 1680
...

Sheet 3.6.A廠總計產能
A1: 回到首頁
A2: 2017/03月成型人均時產能報表
A3: Lean線 | B3: 項目 | C3: 總計 | D3: 日平均 | E3: 1 | F3: 2 | G3: 3 | H3: 4 | I3: 5 | J3: 6 | K3: 7 | L3: 8 | M3: 9 | N3: 10 | O3: 11 | P3: 12 | Q3: 13 | R3: 14 | S3: 15 | T3: 16 | U3: 17 | V3: 18 | W3: 19 | X3: 20 | Y3: 21 | Z3: 22 | AA3: 23 | AB3: 24 | AC3: 25 | AD3: 26 | AE3: 27 | AF3: 28 | AG3: 29 | AH3: 30 | AI3: 31
A4: 總計 | B4: 標準產量 | C4: 1412584 | D4: 67265.905 | E4: 69424 | F4: 69488 | G4: 69896 | H4: 69472 | J4: 69488 | K4: 69536 | L4: 69792 | M4: 69416 | N4: 69448 | O4: 69440 | Q4: 68936 | R4: 68736 | S4: 68032 | T4: 66720 | U4: 66248 | V4: 65400 | X4: 64456 | Y4: 62904 | Z4: 62832 | AA4: 61536 | AB4: 61384
B5: 目標產量 | C5: 1282020 | D5: 61048.571 | E5: 63480 | F5: 63870 | G5: 65430 | H5: 66160 | J5: 65820 | K5: 65820 | L5: 66120 | M5: 65420 | N5: 65860 | O5: 63760 | Q5: 63180 | R5: 63000 | S5: 60460 | T5: 58480 | U5: 59180 | V5: 58140 | X5: 52840 | Y5: 51980 | Z5: 53070 | AA5: 54410 | AB5: 55540 | AC5: 54620 | AE5: 54164 | AF5: 53974 | AG5: 54102 | AH5: 54112 | AI5: 54272
B6: 實際產量 | C6: 1222680 | D6: 58222.857 | E6: 60810 | F6: 61894 | G6: 62916 | H6: 63983 | J6: 65344 | K6: 64006 | L6: 63309 | M6: 60190 | N6: 62367 | O6: 61020 | Q6: 60758 | R6: 56995 | S6: 55925 | T6: 55434 | U6: 56960 | V6: 55319 | X6: 49952 | Y6: 49403 | Z6: 50246 | AA6: 52572 | AB6: 53277
B7: 差異 | C7: -59340 | D7: -2825.7143 | E7: -2670 | F7: -1976 | G7: -2514 | H7: -2177 | J7: -476 | K7: -1814 | L7: -2811 | M7: -5230 | N7: -3493 | O7: -2740 | Q7: -2422 | R7: -6005 | S7: -4535 | T7: -3046 | U7: -2220 | V7: -2821 | X7: -2888 | Y7: -2577 | Z7: -2824 | AA7: -1838 | AB7: -2263
B8: 工時 | C8: 168 | D8: 8 | E8: 8 | F8: 8 | G8: 8 | H8: 8 | J8: 8 | K8: 8 | L8: 8 | M8: 8 | N8: 8 | O8: 8 | Q8: 8 | R8: 8 | S8: 8 | T8: 8 | U8: 8 | V8: 8 | X8: 8 | Y8: 8 | Z8: 8 | AA8: 8 | AB8: 8
B9: 直工人數 | C9: 7005 | D9: 7005 | E9: 7048 | F9: 7039 | G9: 7016 | H9: 6962 | J9: 6809 | K9: 6925 | L9: 6961 | M9: 6970 | N9: 6986 | O9: 6952 | Q9: 6981 | R9: 7117 | S9: 7124 | T9: 7088 | U9: 7096 | V9: 7016 | X9: 7015 | Y9: 7049 | Z9: 7122 | AA9: 7111 | AB9: 7076
B10: 時產能 | C10: 7277.8571 | D10: 7277.8571 | E10: 7601.25 | F10: 7736.75 | G10: 7864.5 | H10: 7997.875 | J10: 8168 | K10: 8000.75 | L10: 7913.625 | M10: 7523.75 | N10: 7795.875 | O10: 7627.5 | Q10: 7594.75 | R10: 7124.375 | S10: 6990.625 | T10: 6929.25 | U10: 7120 | V10: 6914.875 | X10: 6244 | Y10: 6175.375 | Z10: 6280.75 | AA10: 6571.5 | AB10: 6659.625
B11: 人均時產 | C11: 1.0213667 | D11: 1.0213667 | E11: 1.0226 | F11: 1.1019333 | G11: 1.1192667 | H11: 1.1473333 | J11: 1.3864667 | K11: 1.2271333 | L11: 1.1211 | M11: 1.0778333 | N11: 1.1046333 | O11: 1.0951667 | Q11: 1.0923 | R11: 0.93566667 | S11: 0.956 | T11: 0.93703333 | U11: 1.0275333 | V11: 1.0249 | X11: 0.76956667 | Y11: 0.75803333 | Z11: 0.80856667 | AA11: 0.8368 | AB11: 0.8479
A12: A1 | B12: 標準產量 | C12: 752328 | D12: 35825.143 | E12: 37232 | F12: 37024 | G12: 37520 | H12: 37216 | J12: 36968 | K12: 36856 | L12: 37312 | M12: 36976 | N12: 37048 | O12: 37040 | Q12: 36880 | R12: 37128 | S12: 36536 | T12: 35920 | U12: 35256 | V12: 34600 | X12: 34024 | Y12: 33088 | Z12: 33280 | AA12: 32304 | AB12: 32120
B13: 目標產量 | C13: 675760 | D13: 32179.048 | E13: 33220 | F13: 34720 | G13: 35240 | H13: 35240 | J13: 34900 | K13: 34900 | L13: 35200 | M13: 35020 | N13: 35020 | O13: 34160 | Q13: 34480 | R13: 33600 | S13: 33440 | T13: 30700 | U13: 30260 | V13: 29720 | X13: 26460 | Y13: 26620 | Z13: 26840 | AA13: 27840 | AB13: 28180 | AC13: 27820 | AE13: 26964 | AF13: 27624 | AG13: 28272 | AH13: 28272 | AI13: 28272
B14: 實際產量 | C14: 617922 | D14: 29424.857 | E14: 30950 | F14: 32530 | G14: 32846 | H14: 32909 | J14: 32824 | K14: 32386 | L14: 32387 | M14: 31270 | N14: 31863 | O14: 31589 | Q14: 31678 | R14: 28335 | S14: 29537 | T14: 28498 | U14: 28050 | V14: 26840 | X14: 23502 | Y14: 23864 | Z14: 24011 | AA14: 25678 | AB14: 26375
B15: 差異 | C15: -57838 | D15: -2754.1905 | E15: -2270 | F15: -2190 | G15: -2394 | H15: -2331 | J15: -2076 | K15: -2514 | L15: -2813 | M15: -3750 | N15: -3157 | O15: -2571 | Q15: -2802 | R15: -5265 | S15: -3903 | T15: -2202 | U15: -2210 | V15: -2880 | X15: -2958 | Y15: -2756 | Z15: -2829 | AA15: -2162 | AB15: -1805
B16: 工時 | C16: 168 | D16: 8 | E16: 8 | F16: 8 | G16: 8 | H16: 8 | J16: 8 | K16: 8 | L16: 8 | M16: 8 | N16: 8 | O16: 8 | Q16: 8 | R16: 8 | S16: 8 | T16: 8 | U16: 8 | V16: 8 | X16: 8 | Y16: 8 | Z16: 8 | AA16: 8 | AB16: 8
B17: 直工人數 | C17: 3761 | D17: 3761 | E17: 3799 | F17: 3790 | G17: 3784 | H17: 3744 | J17: 3644 | K17: 3715 | L17: 3745 | M17: 3741 | N17: 3740 | O17: 3695 | Q17: 3732 | R17: 3813 | S17: 3825 | T17: 3819 | U17: 3827 | V17: 3772 | X17: 3758 | Y17: 3792 | Z17: 3822 | AA17: 3815 | AB17: 3797
B18: 時產能 | C18: 3678.1071 | D18: 3678.1071 | E18: 3868.75 | F18: 4066.25 | G18: 4105.75 | H18: 4113.625 | J18: 4103 | K18: 4048.25 | L18: 4048.375 | M18: 3908.75 | N18: 3982.875 | O18: 3948.625 | Q18: 3959.75 | R18: 3541.875 | S18: 3692.125 | T18: 3562.25 | U18: 3506.25 | V18: 3355 | X18: 2937.75 | Y18: 2983 | Z18: 3001.375 | AA18: 3209.75 | AB18: 3296.875
B19: 人均時產 | C19: 0.978 | D19: 0.978 | E19: 1.0184 | F19: 1.0729 | G19: 1.085 | H19: 1.0987 | J19: 1.126 | K19: 1.0897 | L19: 1.081 | M19: 1.0448 | N19: 1.0649 | O19: 1.0686 | Q19: 1.061 | R19: 0.9289 | S19: 0.9653 | T19: 0.9328 | U19: 0.9162 | V19: 0.8894 | X19: 0.7817 | Y19: 0.7867 | Z19: 0.7853 | AA19: 0.8413 | AB19: 0.8683
A20: A2 | B20: 標準產量 | C20: 611312 | D20: 29110.095 | E20: 29712 | F20: 29984 | G20: 29896 | H20: 29776 | J20: 30040 | K20: 30200 | L20: 30000 | M20: 29960 | N20: 29920 | O20: 29920 | Q20: 29576 | R20: 29128 | S20: 29016 | T20: 28320 | U20: 28512 | V20: 28320 | X20: 28160 | Y20: 27960 | Z20: 27632 | AA20: 27664 | AB20: 27616
B21: 目標產量 | C21: 561740 | D21: 26749.524 | E21: 27860 | F21: 26750 | G21: 27790 | H21: 28520 | J21: 28520 | K21: 28520 | L21: 28520 | M21: 28000 | N21: 28440 | O21: 27200 | Q21: 26300 | R21: 27000 | S21: 24620 | T21: 25380 | U21: 26520 | V21: 26020 | X21: 25360 | Y21: 24340 | Z21: 24870 | AA21: 25210 | AB21: 26000 | AC21: 25440 | AE21: 25840 | AF21: 24990 | AG21: 24470 | AH21: 24480 | AI21: 24640
B22: 實際產量 | C22: 559638 | D22: 26649.429 | E22: 27860 | F22: 26864 | G22: 27570 | H22: 28474 | J22: 28520 | K22: 28520 | L22: 28522 | M22: 26520 | N22: 28104 | O22: 27031 | Q22: 26680 | R22: 26960 | S22: 24388 | T22: 25136 | U22: 26510 | V22: 26079 | X22: 25430 | Y22: 24519 | Z22: 24875 | AA22: 25534 | AB22: 25542
B23: 差異 | C23: -2102 | D23: -100.09524 | E23: 0 | F23: 114 | G23: -220 | H23: -46 | J23: 0 | K23: 0 | L23: 2 | M23: -1480 | N23: -336 | O23: -169 | Q23: 380 | R23: -40 | S23: -232 | T23: -244 | U23: -10 | V23: 59 | X23: 70 | Y23: 179 | Z23: 5 | AA23: 324 | AB23: -458
B24: 工時 | C24: 168 | D24: 8 | E24: 8 | F24: 8 | G24: 8 | H24: 8 | J24: 8 | K24: 8 | L24: 8 | M24: 8 | N24: 8 | O24: 8 | Q24: 8 | R24: 8 | S24: 8 | T24: 8 | U24: 8 | V24: 8 | X24: 8 | Y24: 8 | Z24: 8 | AA24: 8 | AB24: 8
B25: 直工人數 | C25: 2965 | D25: 2965 | E25: 2963 | F25: 2965 | G25: 2949 | H25: 2930 | J25: 2887 | K25: 2928 | L25: 2935 | M25: 2947 | N25: 2964 | O25: 2980 | Q25: 2975 | R25: 3026 | S25: 3019 | T25: 2998 | U25: 2985 | V25: 2968 | X25: 2980 | Y25: 2979 | Z25: 3022 | AA25: 3018 | AB25: 3001
B26: 時產能 | C26: 3331.1786 | D26: 3331.1786 | E26: 3482.5 | F26: 3358 | G26: 3446.25 | H26: 3559.25 | J26: 3565 | K26: 3565 | L26: 3565.25 | M26: 3315 | N26: 3513 | O26: 3378.875 | Q26: 3335 | R26: 3370 | S26: 3048.5 | T26: 3142 | U26: 3313.75 | V26: 3259.875 | X26: 3178.75 | Y26: 3064.875 | Z26: 3109.375 | AA26: 3191.75 | AB26: 3192.75
B27: 人均時產 | C27: 1.1235 | D27: 1.1235 | E27: 1.1753 | F27: 1.1325 | G27: 1.1686 | H27: 1.2148 | J27: 1.2348 | K27: 1.2176 | L27: 1.2147 | M27: 1.1249 | N27: 1.1852 | O27: 1.1339 | Q27: 1.121 | R27: 1.1137 | S27: 1.0098 | T27: 1.048 | U27: 1.1101 | V27: 1.0983 | X27: 1.0667 | Y27: 1.0288 | Z27: 1.0289 | AA27: 1.0576 | AB27: 1.0639
A28: BB | B28: 標準產量 | C28: 48944 | D28: 2330.6667 | E28: 2480 | F28: 2480 | G28: 2480 | H28: 2480 | J28: 2480 | K28: 2480 | L28: 2480 | M28: 2480 | N28: 2480 | O28: 2480 | Q28: 2480 | R28: 2480 | S28: 2480 | T28: 2480 | U28: 2480 | V28: 2480 | X28: 2272 | Y28: 1856 | Z28: 1920 | AA28: 1568 | AB28: 1648
B29: 目標產量 | C29: 44520 | D29: 2120 | E29: 2400 | F29: 2400 | G29: 2400 | H29: 2400 | J29: 2400 | K29: 2400 | L29: 2400 | M29: 2400 | N29: 2400 | O29: 2400 | Q29: 2400 | R29: 2400 | S29: 2400 | T29: 2400 | U29: 2400 | V29: 2400 | X29: 1020 | Y29: 1020 | Z29: 1360 | AA29: 1360 | AB29: 1360 | AC29: 1360 | AE29: 1360 | AF29: 1360 | AG29: 1360 | AH29: 1360 | AI29: 1360
B30: 實際產量 | C30: 45120 | D30: 2148.5714 | E30: 2000 | F30: 2500 | G30: 2500 | H30: 2600 | J30: 4000 | K30: 3100 | L30: 2400 | M30: 2400 | N30: 2400 | O30: 2400 | Q30: 2400 | R30: 1700 | S30: 2000 | T30: 1800 | U30: 2400 | V30: 2400 | X30: 1020 | Y30: 1020 | Z30: 1360 | AA30: 1360 | AB30: 1360
B31: 差異 | C31: 600 | D31: 28.571429 | E31: -400 | F31: 100 | G31: 100 | H31: 200 | J31: 1600 | K31: 700 | L31: 0 | M31: 0 | N31: 0 | O31: 0 | Q31: 0 | R31: -700 | S31: -400 | T31: -600 | U31: 0 | V31: 0 | X31: 0 | Y31: 0 | Z31: 0 | AA31: 0 | AB31: 0
B32: 工時 | C32: 168 | D32: 8 | E32: 8 | F32: 8 | G32: 8 | H32: 8 | J32: 8 | K32: 8 | L32: 8 | M32: 8 | N32: 8 | O32: 8 | Q32: 8 | R32: 8 | S32: 8 | T32: 8 | U32: 8 | V32: 8 | X32: 8 | Y32: 8 | Z32: 8 | AA32: 8 | AB32: 8
B33: 直工人數 | C33: 279 | D33: 279 | E33: 286 | F33: 284 | G33: 283 | H33: 288 | J33: 278 | K33: 282 | L33: 281 | M33: 282 | N33: 282 | O33: 277 | Q33: 274 | R33: 278 | S33: 280 | T33: 271 | U33: 284 | V33: 276 | X33: 277 | Y33: 278 | Z33: 278 | AA33: 278 | AB33: 278
B34: 時產能 | C34: 268.57143 | D34: 268.57143 | E34: 250 | F34: 312.5 | G34: 312.5 | H34: 325 | J34: 500 | K34: 387.5 | L34: 300 | M34: 300 | N34: 300 | O34: 300 | Q34: 300 | R34: 212.5 | S34: 250 | T34: 225 | U34: 300 | V34: 300 | X34: 127.5 | Y34: 127.5 | Z34: 170 | AA34: 170 | AB34: 170
B35: 人均時產 | C35: 0.9626 | D35: 0.9626 | E35: 0.8741 | F35: 1.1004 | G35: 1.1042 | H35: 1.1285 | J35: 1.7986 | K35: 1.3741 | L35: 1.0676 | M35: 1.0638 | N35: 1.0638 | O35: 1.083 | Q35: 1.0949 | R35: 0.7644 | S35: 0.8929 | T35: 0.8303 | U35: 1.0563 | V35: 1.087 | X35: 0.4603 | Y35: 0.4586 | Z35: 0.6115 | AA35: 0.6115 | AB35: 0.6115

Sheet 3.7.A廠人員分攤POH產能
A1: 回到首頁
A2: 2017/03月A廠人員分攤POH產能
A3: Lean線 | B3: 項目 | C3: 總計 | D3: 日平均 | E3: 1 | F3: 2 | G3: 3 | H3: 4 | I3: 5 | J3: 6 | K3: 7 | L3: 8 | M3: 9 | N3: 10 | O3: 11 | P3: 12 | Q3: 13 | R3: 14 | S3: 15 | T3: 16 | U3: 17 | V3: 18 | W3: 19 | X3: 20 | Y3: 21 | Z3: 22 | AA3: 23 | AB3: 24 | AC3: 25 | AD3: 26 | AE3: 27 | AF3: 28 | AG3: 29 | AH3: 30 | AI3: 31
A4: 總計 | B4: 標準產量 | C4: ='3.6.A廠總計產能'!C4 -> 1412584 | D4: ='3.6.A廠總計產能'!D4 -> 67265.905 | E4: ='3.6.A廠總計產能'!E4 -> 69424 | F4: ='3.6.A廠總計產能'!F4 -> 69488 | G4: ='3.6.A廠總計產能'!G4 -> 69896 | H4: ='3.6.A廠總計產能'!H4 -> 69472 | I4: ='3.6.A廠總計產能'!I4 -> 0 | J4: ='3.6.A廠總計產能'!J4 -> 69488 | ... AI4: ='3.6.A廠總計產能'!AI4 -> 0
B5: 目標產量 | C5: ='3.6.A廠總計產能'!C5 -> 1282020 | D5: ='3.6.A廠總計產能'!D5 -> 61048.571 | E5: ='3.6.A廠總計產能'!E5 -> 63480 | F5: ='3.6.A廠總計產能'!F5 -> 63870 | G5: ='3.6.A廠總計產能'!G5 -> 65430 | H5: ='3.6.A廠總計產能'!H5 -> 66160 | I5: ='3.6.A廠總計產能'!I5 -> 0 | J5: ='3.6.A廠總計產能'!J5 -> 65820 | ... AI5: ='3.6.A廠總計產能'!AI5 -> 54272
B6: 實際產量 | C6: ='3.6.A廠總計產能'!C6 -> 1222680 | D6: ='3.6.A廠總計產能'!D6 -> 58222.857 | E6: ='3.6.A廠總計產能'!E6 -> 60810 | F6: ='3.6.A廠總計產能'!F6 -> 61894 | G6: ='3.6.A廠總計產能'!G6 -> 62916 | H6: ='3.6.A廠總計產能'!H6 -> 63983 | I6: ='3.6.A廠總計產能'!I6 -> 0 | J6: ='3.6.A廠總計產能'!J6 -> 65344 | ... AI6: ='3.6.A廠總計產能'!AI6 -> 0
B7: 差異 | C7: ='3.6.A廠總計產能'!C7 -> -59340 | D7: ='3.6.A廠總計產能'!D7 -> -2825.7143 | E7: ='3.6.A廠總計產能'!E7 -> -2670 | F7: ='3.6.A廠總計產能'!F7 -> -1976 | G7: ='3.6.A廠總計產能'!G7 -> -2514 | H7: ='3.6.A廠總計產能'!H7 -> -2177 | I7: ='3.6.A廠總計產能'!I7 -> 0 | J7: ='3.6.A廠總計產能'!J7 -> -476 | ... AI7: ='3.6.A廠總計產能'!AI7 -> 0
B8: 工時 | C8: ='3.6.A廠總計產能'!C8 -> 168 | D8: ='3.6.A廠總計產能'!D8 -> 8 | E8: ='3.6.A廠總計產能'!E8 -> 8 | F8: ='3.6.A廠總計產能'!F8 -> 8 | G8: ='3.6.A廠總計產能'!G8 -> 8 | H8: ='3.6.A廠總計產能'!H8 -> 8 | I8: ='3.6.A廠總計產能'!I8 -> 0 | J8: ='3.6.A廠總計產能'!J8 -> 8 | ... AI8: ='3.6.A廠總計產能'!AI8 -> 0
B9: 直工人數 | C9: ='3.6.A廠總計產能'!C9 -> 7005 | D9: ='3.6.A廠總計產能'!D9 -> 7005 | E9: ='3.6.A廠總計產能'!E9 -> 7048 | F9: ='3.6.A廠總計產能'!F9 -> 7039 | G9: ='3.6.A廠總計產能'!G9 -> 7016 | H9: ='3.6.A廠總計產能'!H9 -> 6962 | I9: ='3.6.A廠總計產能'!I9 -> 0 | J9: ='3.6.A廠總計產能'!J9 -> 6809 | ... AI9: ='3.6.A廠總計產能'!AI9 -> 0
B10: 時產能 | C10: ='3.6.A廠總計產能'!C10 -> 7277.8571 | D10: ='3.6.A廠總計產能'!D10 -> 7277.8571 | E10: ='3.6.A廠總計產能'!E10 -> 7601.25 | F10: ='3.6.A廠總計產能'!F10 -> 7736.75 | G10: ='3.6.A廠總計產能'!G10 -> 7864.5 | H10: ='3.6.A廠總計產能'!H10 -> 7997.875 | I10: ='3.6.A廠總計產能'!I10 -> 0 | J10: ='3.6.A廠總計產能'!J10 -> 8168 | ... AI10: ='3.6.A廠總計產能'!AI10 -> 0
B11: 廠內分攤 | C11: =SUM(E11:AI11)/COUNTIF(E6:AI6,">0") -> 1213.3333 | D11: =SUM(E11:AI11)/COUNTIF(E6:AI6,">0") -> 1213.3333 | E11: ='3-1.人員刷卡出勤'!C48+'3-1.人員刷卡出勤'!C45+'3-1.人員刷卡出勤'!C51 -> 1234 | F11: ='3-1.人員刷卡出勤'!D48+'3-1.人員刷卡出勤'!D45+'3-1.人員刷卡出勤'!D51 -> 1238 | G11: ='3-1.人員刷卡出勤'!E48+'3-1.人員刷卡出勤'!E45+'3-1.人員刷卡出勤'!E51 -> 1235 | H11: ='3-1.人員刷卡出勤'!F48+'3-1.人員刷卡出勤'!F45+'3-1.人員刷卡出勤'!F51 -> 1215 | I11: ='3-1.人員刷卡出勤'!G48+'3-1.人員刷卡出勤'!G45+'3-1.人員刷卡出勤'!G51 -> 0 | J11: ='3-1.人員刷卡出勤'!H48+'3-1.人員刷卡出勤'!H45+'3-1.人員刷卡出勤'!H51 -> 1193 | K11: ='3-1.人員刷卡出勤'!I48+'3-1.人員刷卡出勤'!I45+'3-1.人員刷卡出勤'!I51 -> 1229 | L11: ='3-1.人員刷卡出勤'!J48+'3-1.人員刷卡出勤'!J45+'3-1.人員刷卡出勤'!J51 -> 1220 | ... AI11: ='3-1.人員刷卡出勤'!AG48+'3-1.人員刷卡出勤'!AG45+'3-1.人員刷卡出勤'!AG51 -> 0
B12: 廠外分攤 | C12: =SUM(E12:AI12)/COUNTIF(E6:AI6,">0") -> 406.78571 | D12: =SUM(E12:AI12)/COUNTIF(E6:AI6,">0") -> 406.78571 | E12: ='3-1.人員刷卡出勤'!C9/2+'3-1.人員刷卡出勤'!C12+'3-1.人員刷卡出勤'!C15++'3-1.人員刷卡出勤'!C24 -> 404.5 | F12: ='3-1.人員刷卡出勤'!D9/2+'3-1.人員刷卡出勤'!D12+'3-1.人員刷卡出勤'!D15++'3-1.人員刷卡出勤'!D24 -> 409 | G12: ='3-1.人員刷卡出勤'!E9/2+'3-1.人員刷卡出勤'!E12+'3-1.人員刷卡出勤'!E15++'3-1.人員刷卡出勤'!E24 -> 410 | H12: ='3-1.人員刷卡出勤'!F9/2+'3-1.人員刷卡出勤'!F12+'3-1.人員刷卡出勤'!F15++'3-1.人員刷卡出勤'!F24 -> 399.5 | I12: ='3-1.人員刷卡出勤'!G9/2+'3-1.人員刷卡出勤'!G12+'3-1.人員刷卡出勤'!G15++'3-1.人員刷卡出勤'!G24 -> 29 | J12: ='3-1.人員刷卡出勤'!H9/2+'3-1.人員刷卡出勤'!H12+'3-1.人員刷卡出勤'!H15++'3-1.人員刷卡出勤'!H24 -> 403.5 | K12: ='3-1.人員刷卡出勤'!I9/2+'3-1.人員刷卡出勤'!I12+'3-1.人員刷卡出勤'!I15++'3-1.人員刷卡出勤'!I24 -> 402 | L12: ='3-1.人員刷卡出勤'!J9/2+'3-1.人員刷卡出勤'!J12+'3-1.人員刷卡出勤'!J15++'3-1.人員刷卡出勤'!J24 -> 400.5 | ... AI12: ='3-1.人員刷卡出勤'!AG9/2+'3-1.人員刷卡出勤'!AG12+'3-1.人員刷卡出勤'!AG15++'3-1.人員刷卡出勤'!AG24 -> 0
B13: 人均時產 | C13: =C10/(C9+C11+C12) -> 0.84379788 | D13: =D10/(D9+D11+D12) -> 0.84379788 | E13: =IF(E10>0,E10/(E9+E11+E12),0) -> 0.87506476 | F13: =IF(F10>0,F10/(F9+F11+F12),0) -> 0.89071494 | G13: =IF(G10>0,G10/(G9+G11+G12),0) -> 0.90803602 | H13: =IF(H10>0,H10/(H9+H11+H12),0) -> 0.93253367 | I13: =IF(I10>0,I10/(I9+I11+I12),0) -> 0 | J13: =IF(J10>0,J10/(J9+J11+J12),0) -> 0.97174469 | K13: =IF(K10>0,K10/(K9+K11+K12),0) -> 0.93510402 | L13: =IF(L10>0,L10/(L9+L11+L12),0) -> 0.9221727 | ... AI13: =IF(AI10>0,AI10/(AI9+AI11+AI12),0) -> 0
A14: A1 | B14: 標準產量 | C14: ='3.6.A廠總計產能'!C12 -> 752328 | D14: ='3.6.A廠總計產能'!D12 -> 35825.143 | E14: ='3.6.A廠總計產能'!E12 -> 37232 | F14: ='3.6.A廠總計產能'!F12 -> 37024 | G14: ='3.6.A廠總計產能'!G12 -> 37520 | H14: ='3.6.A廠總計產能'!H12 -> 37216 | I14: ='3.6.A廠總計產能'!I12 -> 0 | J14: ='3.6.A廠總計產能'!J12 -> 36968 | ... AI14: ='3.6.A廠總計產能'!AI12 -> 0
B15: 目標產量 | C15: ='3.6.A廠總計產能'!C13 -> 675760 | D15: ='3.6.A廠總計產能'!D13 -> 32179.048 | E15: ='3.6.A廠總計產能'!E13 -> 33220 | F15: ='3.6.A廠總計產能'!F13 -> 34720 | G15: ='3.6.A廠總計產能'!G13 -> 35240 | H15: ='3.6.A廠總計產能'!H13 -> 35240 | I15: ='3.6.A廠總計產能'!I13 -> 0 | J15: ='3.6.A廠總計產能'!J13 -> 34900 | ... AI15: ='3.6.A廠總計產能'!AI13 -> 28272
B16: 實際產量 | C16: ='3.6.A廠總計產能'!C14 -> 617922 | D16: ='3.6.A廠總計產能'!D14 -> 29424.857 | E16: ='3.6.A廠總計產能'!E14 -> 30950 | F16: ='3.6.A廠總計產能'!F14 -> 32530 | G16: ='3.6.A廠總計產能'!G14 -> 32846 | H16: ='3.6.A廠總計產能'!H14 -> 32909 | I16: ='3.6.A廠總計產能'!I14 -> 0 | J16: ='3.6.A廠總計產能'!J14 -> 32824 | ... AI16: ='3.6.A廠總計產能'!AI14 -> 0
B17: 差異 | C17: ='3.6.A廠總計產能'!C15 -> -57838 | D17: ='3.6.A廠總計產能'!D15 -> -2754.1905 | E17: ='3.6.A廠總計產能'!E15 -> -2270 | F17: ='3.6.A廠總計產能'!F15 -> -2190 | G17: ='3.6.A廠總計產能'!G15 -> -2394 | H17: ='3.6.A廠總計產能'!H15 -> -2331 | I17: ='3.6.A廠總計產能'!I15 -> 0 | J17: ='3.6.A廠總計產能'!J15 -> -2076 | ... AI17: ='3.6.A廠總計產能'!AI15 -> 0
B18: 工時 | C18: ='3.6.A廠總計產能'!C16 -> 168 | D18: ='3.6.A廠總計產能'!D16 -> 8 | E18: ='3.6.A廠總計產能'!E16 -> 8 | F18: ='3.6.A廠總計產能'!F16 -> 8 | G18: ='3.6.A廠總計產能'!G16 -> 8 | H18: ='3.6.A廠總計產能'!H16 -> 8 | I18: ='3.6.A廠總計產能'!I16 -> 0 | J18: ='3.6.A廠總計產能'!J16 -> 8 | ... AI18: ='3.6.A廠總計產能'!AI16 -> 0
B19: 直工人數 | C19: ='3.6.A廠總計產能'!C17 -> 3761 | D19: ='3.6.A廠總計產能'!D17 -> 3761 | E19: ='3.6.A廠總計產能'!E17 -> 3799 | F19: ='3.6.A廠總計產能'!F17 -> 3790 | G19: ='3.6.A廠總計產能'!G17 -> 3784 | H19: ='3.6.A廠總計產能'!H17 -> 3744 | I19: ='3.6.A廠總計產能'!I17 -> 0 | J19: ='3.6.A廠總計產能'!J17 -> 3644 | ... AI19: ='3.6.A廠總計產能'!AI17 -> 0
B20: 時產能 | C20: ='3.6.A廠總計產能'!C18 -> 3678.1071 | D20: ='3.6.A廠總計產能'!D18 -> 3678.1071 | E20: ='3.6.A廠總計產能'!E18 -> 3868.75 | F20: ='3.6.A廠總計產能'!F18 -> 4066.25 | G20: ='3.6.A廠總計產能'!G18 -> 4105.75 | H20: ='3.6.A廠總計產能'!H18 -> 4113.625 | I20: ='3.6.A廠總計產能'!I18 -> 0 | J20: ='3.6.A廠總計產能'!J18 -> 4103 | ... AI20: ='3.6.A廠總計產能'!AI18 -> 0
B21: 廠內分攤 | C21: =SUM(E21:AI21)/COUNTIF(E16:AI16,">0") -> 646.02381 | D21: =SUM(E21:AI21)/COUNTIF(E16:AI16,">0") -> 646.02381 | E21: ='3-1.人員刷卡出勤'!C48/2+'3-1.人員刷卡出勤'!C51 -> 657 | F21: ='3-1.人員刷卡出勤'!D48/2+'3-1.人員刷卡出勤'!D51 -> 661 | G21: ='3-1.人員刷卡出勤'!E48/2+'3-1.人員刷卡出勤'!E51 -> 655 | H21: ='3-1.人員刷卡出勤'!F48/2+'3-1.人員刷卡出勤'!F51 -> 643 | I21: ='3-1.人員刷卡出勤'!G48/2+'3-1.人員刷卡出勤'!G51 -> 0 | J21: ='3-1.人員刷卡出勤'!H48/2+'3-1.人員刷卡出勤'!H51 -> 628 | K21: ='3-1.人員刷卡出勤'!I48/2+'3-1.人員刷卡出勤'!I51 -> 655 | L21: ='3-1.人員刷卡出勤'!J48/2+'3-1.人員刷卡出勤'!J51 -> 648.5 | ... AI21: ='3-1.人員刷卡出勤'!AG48/2+'3-1.人員刷卡出勤'!AG51 -> 0
B22: 廠外分攤 | C22: =SUM(E22:AI22)/COUNTIF(E16:AI16,">0") -> 203.39286 | D22: =SUM(E22:AI22)/COUNTIF(E16:AI16,">0") -> 203.39286 | E22: ='3-1.人員刷卡出勤'!C9/4+'3-1.人員刷卡出勤'!C12/2+'3-1.人員刷卡出勤'!C15/2++'3-1.人員刷卡出勤'!C24/2 -> 202.25 | F22: ='3-1.人員刷卡出勤'!D9/4+'3-1.人員刷卡出勤'!D12/2+'3-1.人員刷卡出勤'!D15/2++'3-1.人員刷卡出勤'!D24/2 -> 204.5 | G22: ='3-1.人員刷卡出勤'!E9/4+'3-1.人員刷卡出勤'!E12/2+'3-1.人員刷卡出勤'!E15/2++'3-1.人員刷卡出勤'!E24/2 -> 205 | H22: ='3-1.人員刷卡出勤'!F9/4+'3-1.人員刷卡出勤'!F12/2+'3-1.人員刷卡出勤'!F15/2++'3-1.人員刷卡出勤'!F24/2 -> 199.75 | I22: ='3-1.人員刷卡出勤'!G9/4+'3-1.人員刷卡出勤'!G12/2+'3-1.人員刷卡出勤'!G15/2++'3-1.人員刷卡出勤'!G24/2 -> 14.5 | J22: ='3-1.人員刷卡出勤'!H9/4+'3-1.人員刷卡出勤'!H12/2+'3-1.人員刷卡出勤'!H15/2++'3-1.人員刷卡出勤'!H24/2 -> 201.75 | K22: ='3-1.人員刷卡出勤'!I9/4+'3-1.人員刷卡出勤'!I12/2+'3-1.人員刷卡出勤'!I15/2++'3-1.人員刷卡出勤'!I24/2 -> 201 | L22: ='3-1.人員刷卡出勤'!J9/4+'3-1.人員刷卡出勤'!J12/2+'3-1.人員刷卡出勤'!J15/2++'3-1.人員刷卡出勤'!J24/2 -> 200.25 | ... AI22: ='3-1.人員刷卡出勤'!AG9/4+'3-1.人員刷卡出勤'!AG12/2+'3-1.人員刷卡出勤'!AG15/2++'3-1.人員刷卡出勤'!AG24/2 -> 0
B23: 人均時產 | C23: =C20/(C19+C21+C22) -> 0.79778194 | D23: =D20/(D19+D21+D22) -> 0.79778194 | E23: =IF(E20>0,E20/(E19+E21+E22),0) -> 0.83051575 | F23: =IF(F20>0,F20/(F19+F21+F22),0) -> 0.87342928 | G23: =IF(G20>0,G20/(G19+G21+G22),0) -> 0.88409776 | H23: =IF(H20>0,H20/(H19+H21+H22),0) -> 0.89684962 | I23: =IF(I20>0,I20/(I19+I21+I22),0) -> 0 | J23: =IF(J20>0,J20/(J19+J21+J22),0) -> 0.91712769 | K23: =IF(K20>0,K20/(K19+K21+K22),0) -> 0.88563772 | L23: =IF(L20>0,L20/(L19+L21+L22),0) -> 0.88127891 | ... AI23: =IF(AI20>0,AI20/(AI19+AI21+AI22),0) -> 0
A24: A2 | B24: 標準產量 | C24: ='3.6.A廠總計產能'!C20 -> 611312 | D24: ='3.6.A廠總計產能'!D20 -> 29110.095 | E24: ='3.6.A廠總計產能'!E20 -> 29712 | F24: ='3.6.A廠總計產能'!F20 -> 29984 | G24: ='3.6.A廠總計產能'!G20 -> 29896 | H24: ='3.6.A廠總計產能'!H20 -> 29776 | I24: ='3.6.A廠總計產能'!I20 -> 0 | J24: ='3.6.A廠總計產能'!J20 -> 30040 | ... AI24: ='3.6.A廠總計產能'!AI20 -> 0
B25: 目標產量 | C25: ='3.6.A廠總計產能'!C21 -> 561740 | D25: ='3.6.A廠總計產能'!D21 -> 26749.524 | E25: ='3.6.A廠總計產能'!E21 -> 27860 | F25: ='3.6.A廠總計產能'!F21 -> 26750 | G25: ='3.6.A廠總計產能'!G21 -> 27790 | H25: ='3.6.A廠總計產能'!H21 -> 28520 | I25: ='3.6.A廠總計產能'!I21 -> 0 | J25: ='3.6.A廠總計產能'!J21 -> 28520 | ... AI25: ='3.6.A廠總計產能'!AI21 -> 24640
B26: 實際產量 | C26: ='3.6.A廠總計產能'!C22 -> 559638 | D26: ='3.6.A廠總計產能'!D22 -> 26649.429 | E26: ='3.6.A廠總計產能'!E22 -> 27860 | F26: ='3.6.A廠總計產能'!F22 -> 26864 | G26: ='3.6.A廠總計產能'!G22 -> 27570 | H26: ='3.6.A廠總計產能'!H22 -> 28474 | I26: ='3.6.A廠總計產能'!I22 -> 0 | J26: ='3.6.A廠總計產能'!J22 -> 28520 | ... AI26: ='3.6.A廠總計產能'!AI22 -> 0
B27: 差異 | C27: ='3.6.A廠總計產能'!C23 -> -2102 | D27: ='3.6.A廠總計產能'!D23 -> -100.09524 | E27: ='3.6.A廠總計產能'!E23 -> 0 | F27: ='3.6.A廠總計產能'!F23 -> 114 | G27: ='3.6.A廠總計產能'!G23 -> -220 | H27: ='3.6.A廠總計產能'!H23 -> -46 | I27: ='3.6.A廠總計產能'!I23 -> 0 | J27: ='3.6.A廠總計產能'!J23 -> 0 | ... AI27: ='3.6.A廠總計產能'!AI23 -> 0
B28: 工時 | C28: ='3.6.A廠總計產能'!C24 -> 168 | D28: ='3.6.A廠總計產能'!D24 -> 8 | E28: ='3.6.A廠總計產能'!E24 -> 8 | F28: ='3.6.A廠總計產能'!F24 -> 8 | G28: ='3.6.A廠總計產能'!G24 -> 8 | H28: ='3.6.A廠總計產能'!H24 -> 8 | I28: ='3.6.A廠總計產能'!I24 -> 0 | J28: ='3.6.A廠總計產能'!J24 -> 8 | ... AI28: ='3.6.A廠總計產能'!AI24 -> 0
B29: 直工人數 | C29: ='3.6.A廠總計產能'!C25 -> 2965 | D29: ='3.6.A廠總計產能'!D25 -> 2965 | E29: ='3.6.A廠總計產能'!E25 -> 2963 | F29: ='3.6.A廠總計產能'!F25 -> 2965 | G29: ='3.6.A廠總計產能'!G25 -> 2949 | H29: ='3.6.A廠總計產能'!H25 -> 2930 | I29: ='3.6.A廠總計產能'!I25 -> 0 | J29: ='3.6.A廠總計產能'!J25 -> 2887 | ... AI29: ='3.6.A廠總計產能'!AI25 -> 0
B30: 時產能 | C30: ='3.6.A廠總計產能'!C26 -> 3331.1786 | D30: ='3.6.A廠總計產能'!D26 -> 3331.1786 | E30: ='3.6.A廠總計產能'!E26 -> 3482.5 | F30: ='3.6.A廠總計產能'!F26 -> 3358 | G30: ='3.6.A廠總計產能'!G26 -> 3446.25 | H30: ='3.6.A廠總計產能'!H26 -> 3559.25 | I30: ='3.6.A廠總計產能'!I26 -> 0 | J30: ='3.6.A廠總計產能'!J26 -> 3565 | ... AI30: ='3.6.A廠總計產能'!AI26 -> 0
B31: 廠內分攤 | C31: =SUM(E31:AI31)/COUNTIF(E26:AI26,">0") -> 567.30952 | D31: =SUM(E31:AI31)/COUNTIF(E26:AI26,">0") -> 567.30952 | E31: ='3-1.人員刷卡出勤'!C48/2+'3-1.人員刷卡出勤'!C45 -> 577 | F31: ='3-1.人員刷卡出勤'!D48/2+'3-1.人員刷卡出勤'!D45 -> 577 | G31: ='3-1.人員刷卡出勤'!E48/2+'3-1.人員刷卡出勤'!E45 -> 580 | H31: ='3-1.人員刷卡出勤'!F48/2+'3-1.人員刷卡出勤'!F45 -> 572 | I31: ='3-1.人員刷卡出勤'!G48/2+'3-1.人員刷卡出勤'!G45 -> 0 | J31: ='3-1.人員刷卡出勤'!H48/2+'3-1.人員刷卡出勤'!H45 -> 565 | K31: ='3-1.人員刷卡出勤'!I48/2+'3-1.人員刷卡出勤'!I45 -> 574 | L31: ='3-1.人員刷卡出勤'!J48/2+'3-1.人員刷卡出勤'!J45 -> 571.5 | ... AI31: ='3-1.人員刷卡出勤'!AG48/2+'3-1.人員刷卡出勤'!AG45 -> 0
B32: 廠外分攤 | C32: =SUM(E32:AI32)/COUNTIF(E26:AI26,">0") -> 203.39286 | D32: =SUM(E32:AI32)/COUNTIF(E26:AI26,">0") -> 203.39286 | E32: ='3-1.人員刷卡出勤'!C9/4+'3-1.人員刷卡出勤'!C12/2+'3-1.人員刷卡出勤'!C15/2++'3-1.人員刷卡出勤'!C24/2 -> 202.25 | F32: ='3-1.人員刷卡出勤'!D9/4+'3-1.人員刷卡出勤'!D12/2+'3-1.人員刷卡出勤'!D15/2++'3-1.人員刷卡出勤'!D24/2 -> 204.5 | G32: ='3-1.人員刷卡出勤'!E9/4+'3-1.人員刷卡出勤'!E12/2+'3-1.人員刷卡出勤'!E15/2++'3-1.人員刷卡出勤'!E24/2 -> 205 | H32: ='3-1.人員刷卡出勤'!F9/4+'3-1.人員刷卡出勤'!F12/2+'3-1.人員刷卡出勤'!F15/2++'3-1.人員刷卡出勤'!F24/2 -> 199.75 | I32: ='3-1.人員刷卡出勤'!G9/4+'3-1.人員刷卡出勤'!G12/2+'3-1.人員刷卡出勤'!G15/2++'3-1.人員刷卡出勤'!G24/2 -> 14.5 | J32: ='3-1.人員刷卡出勤'!H9/4+'3-1.人員刷卡出勤'!H12/2+'3-1.人員刷卡出勤'!H15/2++'3-1.人員刷卡出勤'!H24/2 -> 201.75 | K32: ='3-1.人員刷卡出勤'!I9/4+'3-1.人員刷卡出勤'!I12/2+'3-1.人員刷卡出勤'!I15/2++'3-1.人員刷卡出勤'!I24/2 -> 201 | L32: ='3-1.人員刷卡出勤'!J9/4+'3-1.人員刷卡出勤'!J12/2+'3-1.人員刷卡出勤'!J15/2++'3-1.人員刷卡出勤'!J24/2 -> 200.25 | ... AI32: ='3-1.人員刷卡出勤'!AG9/4+'3-1.人員刷卡出勤'!AG12/2+'3-1.人員刷卡出勤'!AG15/2++'3-1.人員刷卡出勤'!AG24/2 -> 0
B33: 人均時產 | C33: =C30/(C29+C31+C32) -> 0.89171412 | D33: =D30/(D29+D31+D32) -> 0.89171412 | E33: =IF(E30>0,E30/(E29+E31+E32),0) -> 0.93058989 | F33: =IF(F30>0,F30/(F29+F31+F32),0) -> 0.89630322 | G33: =IF(G30>0,G30/(G29+G31+G32),0) -> 0.92293787 | H33: =IF(H30>0,H30/(H29+H31+H32),0) -> 0.96150469 | I33: =IF(I30>0,I30/(I29+I31+I32),0) -> 0 | J33: =IF(J30>0,J30/(J29+J31+J32),0) -> 0.97570989 | K33: =IF(K30>0,K30/(K29+K31+K32),0) -> 0.96273292 | L33: =IF(L30>0,L30/(L29+L31+L32),0) -> 0.9618264 | ... AI33: =IF(AI30>0,AI30/(AI29+AI31+AI32),0) -> 0
A34: BB | B34: 標準產量 | C34: ='3.6.A廠總計產能'!C28 -> 48944 | D34: ='3.6.A廠總計產能'!D28 -> 2330.6667 | E34: ='3.6.A廠總計產能'!E28 -> 2480 | F34: ='3.6.A廠總計產能'!F28 -> 2480 | G34: ='3.6.A廠總計產能'!G28 -> 2480 | H34: ='3.6.A廠總計產能'!H28 -> 2480 | I34: ='3.6.A廠總計產能'!I28 -> 0 | J34: ='3.6.A廠總計產能'!J28 -> 2480 | ... AI34: ='3.6.A廠總計產能'!AI28 -> 0
B35: 目標產量 | C35: ='3.6.A廠總計產能'!C29 -> 44520 | D35: ='3.6.A廠總計產能'!D29 -> 2120 | E35: ='3.6.A廠總計產能'!E29 -> 2400 | F35: ='3.6.A廠總計產能'!F29 -> 2400 | G35: ='3.6.A廠總計產能'!G29 -> 2400 | H35: ='3.6.A廠總計產能'!H29 -> 2400 | I35: ='3.6.A廠總計產能'!I29 -> 0 | J35: ='3.6.A廠總計產能'!J29 -> 2400 | ... AI35: ='3.6.A廠總計產能'!AI29 -> 1360
B36: 實際產量 | C36: ='3.6.A廠總計產能'!C30 -> 45120 | D36: ='3.6.A廠總計產能'!D30 -> 2148.5714 | E36: ='3.6.A廠總計產能'!E30 -> 2000 | F36: ='3.6.A廠總計產能'!F30 -> 2500 | G36: ='3.6.A廠總計產能'!G30 -> 2500 | H36: ='3.6.A廠總計產能'!H30 -> 2600 | I36: ='3.6.A廠總計產能'!I30 -> 0 | J36: ='3.6.A廠總計產能'!J30 -> 4000 | ... AI36: ='3.6.A廠總計產能'!AI30 -> 0
B37: 差異 | C37: ='3.6.A廠總計產能'!C31 -> 600 | D37: ='3.6.A廠總計產能'!D31 -> 28.571429 | E37: ='3.6.A廠總計產能'!E31 -> -400 | F37: ='3.6.A廠總計產能'!F31 -> 100 | G37: ='3.6.A廠總計產能'!G31 -> 100 | H37: ='3.6.A廠總計產能'!H31 -> 200 | I37: ='3.6.A廠總計產能'!I31 -> 0 | J37: ='3.6.A廠總計產能'!J31 -> 1600 | ... AI37: ='3.6.A廠總計產能'!AI31 -> 0
B38: 工時 | C38: ='3.6.A廠總計產能'!C32 -> 168 | D38: ='3.6.A廠總計產能'!D32 -> 8 | E38: ='3.6.A廠總計產能'!E32 -> 8 | F38: ='3.6.A廠總計產能'!F32 -> 8 | G38: ='3.6.A廠總計產能'!G32 -> 8 | H38: ='3.6.A廠總計產能'!H32 -> 8 | I38: ='3.6.A廠總計產能'!I32 -> 0 | J38: ='3.6.A廠總計產能'!J32 -> 8 | ... AI38: ='3.6.A廠總計產能'!AI32 -> 0
B39: 直工人數 | C39: ='3.6.A廠總計產能'!C33 -> 279 | D39: ='3.6.A廠總計產能'!D33 -> 279 | E39: ='3.6.A廠總計產能'!E33 -> 286 | F39: ='3.6.A廠總計產能'!F33 -> 284 | G39: ='3.6.A廠總計產能'!G33 -> 283 | H39: ='3.6.A廠總計產能'!H33 -> 288 | I39: ='3.6.A廠總計產能'!I33 -> 0 | J39: ='3.6.A廠總計產能'!J33 -> 278 | ... AI39: ='3.6.A廠總計產能'!AI33 -> 0
B40: 時產能 | C40: ='3.6.A廠總計產能'!C34 -> 268.57143 | D40: ='3.6.A廠總計產能'!D34 -> 268.57143 | E40: ='3.6.A廠總計產能'!E34 -> 250 | F40: ='3.6.A廠總計產能'!F34 -> 312.5 | G40: ='3.6.A廠總計產能'!G34 -> 312.5 | H40: ='3.6.A廠總計產能'!H34 -> 325 | I40: ='3.6.A廠總計產能'!I34 -> 0 | J40: ='3.6.A廠總計產能'!J34 -> 500 | ... AI40: ='3.6.A廠總計產能'!AI34 -> 0
B41: 人均時產 | C41: ='3.6.A廠總計產能'!C35 -> 0.9626 | D41: ='3.6.A廠總計產能'!D35 -> 0.9626 | E41: ='3.6.A廠總計產能'!E35 -> 0.8741 | F41: ='3.6.A廠總計產能'!F35 -> 1.1004 | G41: ='3.6.A廠總計產能'!G35 -> 1.1042 | H41: ='3.6.A廠總計產能'!H35 -> 1.1285 | I41: ='3.6.A廠總計產能'!I35 -> 0 | J41: ='3.6.A廠總計產能'!J35 -> 1.7986 | ... AI41: ='3.6.A廠總計產能'!AI35 -> 0

Sheet 5.1 全廠線均產能
A1: 回到首頁
A2: 2017年03月各廠線均，人均產量狀況表
D3: 單位:雙
A4: 廠別 | B4: 線數 | C4: 項目 | D4: 平均 | E4: 1 | F4: 2 | G4: 3 | H4: 4 | I4: 5 | J4: 6 | K4: 7 | L4: 8 | M4: 9 | N4: 10 | O4: 11 | P4: 12 | Q4: 13 | R4: 14 | S4: 15 | T4: 16 | U4: 17 | V4: 18 | W4: 19 | X4: 20 | Y4: 21 | Z4: 22 | AA4: 23 | AB4: 24 | AC4: 25 | AD4: 26 | AE4: 27 | AF4: 28 | AG4: 29 | AH4: 30 | AI4: 31
A5: A1成型 | B5: 20 | C5: 實際產量 | D5: =SUM(E5:AI5)/COUNTIF(E5:AI5,">0") -> 29424.857 | E5: ='3.7.A廠人員分攤POH產能'!E16 -> 30950 | F5: ='3.7.A廠人員分攤POH產能'!F16 -> 32530 | G5: ='3.7.A廠人員分攤POH產能'!G16 -> 32846 | H5: ='3.7.A廠人員分攤POH產能'!H16 -> 32909 | I5: ='3.7.A廠人員分攤POH產能'!I16 -> 0 | J5: ='3.7.A廠人員分攤POH產能'!J16 -> 32824 | K5: ='3.7.A廠人員分攤POH產能'!K16 -> 32386 | L5: ='3.7.A廠人員分攤POH產能'!L16 -> 32387 | ... AI5: ='3.7.A廠人員分攤POH產能'!AI16 -> 0
C6: 線均產量 | D6: =SUM(E6:AI6)/COUNTIF(E6:AI6,">0") -> 1471.2429 | E6: =E5/$B5 -> 1547.5 | F6: =F5/$B5 -> 1626.5 | G6: =G5/$B5 -> 1642.3 | H6: =H5/$B5 -> 1645.45 | I6: =I5/$B5 -> 0 | J6: =J5/$B5 -> 1641.2 | K6: =K5/$B5 -> 1619.3 | L6: =L5/$B5 -> 1619.35 | ... AI6: =AI5/$B5 -> 0
C7: 線均時產 | D7: =SUM(E7:AI7)/COUNTIF(E7:AI7,">0") -> 3678.1071 | E7: ='3.7.A廠人員分攤POH產能'!E20 -> 3868.75 | F7: ='3.7.A廠人員分攤POH產能'!F20 -> 4066.25 | G7: ='3.7.A廠人員分攤POH產能'!G20 -> 4105.75 | H7: ='3.7.A廠人員分攤POH產能'!H20 -> 4113.625 | I7: ='3.7.A廠人員分攤POH產能'!I20 -> 0 | J7: ='3.7.A廠人員分攤POH產能'!J20 -> 4103 | K7: ='3.7.A廠人員分攤POH產能'!K20 -> 4048.25 | L7: ='3.7.A廠人員分攤POH產能'!L20 -> 4048.375 | ... AI7: ='3.7.A廠人員分攤POH產能'!AI20 -> 0
C8: 人均時產 | D8: =SUM(E8:AI8)/COUNTIF(E8:AI8,">0") -> 0.79745382 | E8: ='3.7.A廠人員分攤POH產能'!E23 -> 0.83051575 | F8: ='3.7.A廠人員分攤POH產能'!F23 -> 0.87342928 | G8: ='3.7.A廠人員分攤POH產能'!G23 -> 0.88409776 | H8: ='3.7.A廠人員分攤POH產能'!H23 -> 0.89684962 | I8: ='3.7.A廠人員分攤POH產能'!I23 -> 0 | J8: ='3.7.A廠人員分攤POH產能'!J23 -> 0.91712769 | K8: ='3.7.A廠人員分攤POH產能'!K23 -> 0.88563772 | L8: ='3.7.A廠人員分攤POH產能'!L23 -> 0.88127891 | ... AI8: ='3.7.A廠人員分攤POH產能'!AI23 -> 0
A9: A2成型 | B9: 17 | C9: 實際產量 | D9: =SUM(E9:AI9)/COUNTIF(E9:AI9,">0") -> 26649.429 | E9: ='3.7.A廠人員分攤POH產能'!E26 -> 27860 | F9: ='3.7.A廠人員分攤POH產能'!F26 -> 26864 | G9: ='3.7.A廠人員分攤POH產能'!G26 -> 27570 | H9: ='3.7.A廠人員分攤POH產能'!H26 -> 28474 | I9: ='3.7.A廠人員分攤POH產能'!I26 -> 0 | J9: ='3.7.A廠人員分攤POH產能'!J26 -> 28520 | K9: ='3.7.A廠人員分攤POH產能'!K26 -> 28520 | L9: ='3.7.A廠人員分攤POH產能'!L26 -> 28522 | ... AI9: ='3.7.A廠人員分攤POH產能'!AI26 -> 0
C10: 線均產量 | D10: =SUM(E10:AI10)/COUNTIF(E10:AI10,">0") -> 1567.6134 | E10: =E9/$B9 -> 1638.8235 | F10: =F9/$B9 -> 1580.2353 | G10: =G9/$B9 -> 1621.7647 | H10: =H9/$B9 -> 1674.9412 | I10: =I9/$B9 -> 0 | J10: =J9/$B9 -> 1677.6471 | K10: =K9/$B9 -> 1677.6471 | L10: =L9/$B9 -> 1677.7647 | ... AI10: =AI9/$B9 -> 0
C11: 線均時產 | D11: =SUM(E11:AI11)/COUNTIF(E11:AI11,">0") -> 3331.1786 | E11: ='3.7.A廠人員分攤POH產能'!E30 -> 3482.5 | F11: ='3.7.A廠人員分攤POH產能'!F30 -> 3358 | G11: ='3.7.A廠人員分攤POH產能'!G30 -> 3446.25 | H11: ='3.7.A廠人員分攤POH產能'!H30 -> 3559.25 | I11: ='3.7.A廠人員分攤POH產能'!I30 -> 0 | J11: ='3.7.A廠人員分攤POH產能'!J30 -> 3565 | K11: ='3.7.A廠人員分攤POH產能'!K30 -> 3565 | L11: ='3.7.A廠人員分攤POH產能'!L30 -> 3565.25 | ... AI11: ='3.7.A廠人員分攤POH產能'!AI30 -> 0
C12: 人均時產 | D12: =SUM(E12:EI12)/COUNTIF(E12:EI12,">0") -> 0.89131063 | E12: ='3.7.A廠人員分攤POH產能'!E33 -> 0.93058989 | F12: ='3.7.A廠人員分攤POH產能'!F33 -> 0.89630322 | G12: ='3.7.A廠人員分攤POH產能'!G33 -> 0.92293787 | H12: ='3.7.A廠人員分攤POH產能'!H33 -> 0.96150469 | I12: ='3.7.A廠人員分攤POH產能'!I33 -> 0 | J12: ='3.7.A廠人員分攤POH產能'!J33 -> 0.97570989 | K12: ='3.7.A廠人員分攤POH產能'!K33 -> 0.96273292 | L12: ='3.7.A廠人員分攤POH產能'!L33 -> 0.9618264 | ... AI12: ='3.7.A廠人員分攤POH產能'!AI33 -> 0
A13: BB | B13: 1 | C13: 實際產量 | D13: =AVERAGE(E13:AI13) -> 1455.4839 | E13: ='3.7.A廠人員分攤POH產能'!E36 -> 2000 | F13: ='3.7.A廠人員分攤POH產能'!F36 -> 2500 | G13: ='3.7.A廠人員分攤POH產能'!G36 -> 2500 | H13: ='3.7.A廠人員分攤POH產能'!H36 -> 2600 | I13: ='3.7.A廠人員分攤POH產能'!I36 -> 0 | J13: ='3.7.A廠人員分攤POH產能'!J36 -> 4000 | K13: ='3.7.A廠人員分攤POH產能'!K36 -> 3100 | L13: ='3.7.A廠人員分攤POH產能'!L36 -> 2400 | ... AI13: ='3.7.A廠人員分攤POH產能'!AI36 -> 0
C14: 線均產量 | D14: =SUM(E14:AI14)/COUNTIF(E14:AI14,">0") -> 2148.5714 | E14: =E13/$B13 -> 2000 | F14: =F13/$B13 -> 2500 | G14: =G13/$B13 -> 2500 | H14: =H13/$B13 -> 2600 | I14: =I13/$B13 -> 0 | J14: =J13/$B13 -> 4000 | K14: =K13/$B13 -> 3100 | L14: =L13/$B13 -> 2400 | ... AI14: =AI13/$B13 -> 0
C15: 線均時產 | D15: =SUM(E15:AI15)/COUNTIF(E15:AI15,">0") -> 268.57143 | E15: ='3.7.A廠人員分攤POH產能'!E40 -> 250 | F15: ='3.7.A廠人員分攤POH產能'!F40 -> 312.5 | G15: ='3.7.A廠人員分攤POH產能'!G40 -> 312.5 | H15: ='3.7.A廠人員分攤POH產能'!H40 -> 325 | I15: ='3.7.A廠人員分攤POH產能'!I40 -> 0 | J15: ='3.7.A廠人員分攤POH產能'!J40 -> 500 | K15: ='3.7.A廠人員分攤POH產能'!K40 -> 387.5 | L15: ='3.7.A廠人員分攤POH產能'!L40 -> 300 | ... AI15: ='3.7.A廠人員分攤POH產能'!AI40 -> 0
C16: 人均時產 | D16: =SUM(E16:EI16)/COUNTIF(E16:EI16,">0") -> 0.95891905 | E16: ='3.7.A廠人員分攤POH產能'!E41 -> 0.8741 | F16: ='3.7.A廠人員分攤POH產能'!F41 -> 1.1004 | G16: ='3.7.A廠人員分攤POH產能'!G41 -> 1.1042 | H16: ='3.7.A廠人員分攤POH產能'!H41 -> 1.1285 | I16: ='3.7.A廠人員分攤POH產能'!I41 -> 0 | J16: ='3.7.A廠人員分攤POH產能'!J41 -> 1.7986 | K16: ='3.7.A廠人員分攤POH產能'!K41 -> 1.3741 | L16: ='3.7.A廠人員分攤POH產能'!L41 -> 1.0676 | ... AI16: ='3.7.A廠人員分攤POH產能'!AI41 -> 0
A17: A廠成型 | B17: =B5+B9+B13 -> 38 | C17: 實際產量 | D17: =AVERAGE(E17:AI17) -> 39441.29 | E17: ='3.7.A廠人員分攤POH產能'!E6 -> 60810 | F17: ='3.7.A廠人員分攤POH產能'!F6 -> 61894 | G17: ='3.7.A廠人員分攤POH產能'!G6 -> 62916 | H17: ='3.7.A廠人員分攤POH產能'!H6 -> 63983 | I17: ='3.7.A廠人員分攤POH產能'!I6 -> 0 | J17: ='3.7.A廠人員分攤POH產能'!J6 -> 65344 | K17: ='3.7.A廠人員分攤POH產能'!K6 -> 64006 | L17: ='3.7.A廠人員分攤POH產能'!L6 -> 63309 | ... AI17: ='3.7.A廠人員分攤POH產能'!AI6 -> 0
C18: 線均產量 | D18: =SUM(E18:AI18)/COUNTIF(E18:AI18,">0") -> 1532.1805 | E18: =E17/$B17 -> 1600.2632 | F18: =F17/$B17 -> 1628.7895 | G18: =G17/$B17 -> 1655.6842 | H18: =H17/$B17 -> 1683.7632 | I18: =I17/$B17 -> 0 | J18: =J17/$B17 -> 1719.5789 | K18: =K17/$B17 -> 1684.3684 | L18: =L17/$B17 -> 1666.0263 | ... AI18: =AI17/$B17 -> 0
C19: 線均時產 | D19: =SUM(E19:AI19)/COUNTIF(E19:AI19,">0") -> 7277.8571 | E19: ='3.7.A廠人員分攤POH產能'!E10 -> 7601.25 | F19: ='3.7.A廠人員分攤POH產能'!F10 -> 7736.75 | G19: ='3.7.A廠人員分攤POH產能'!G10 -> 7864.5 | H19: ='3.7.A廠人員分攤POH產能'!H10 -> 7997.875 | I19: ='3.7.A廠人員分攤POH產能'!I10 -> 0 | J19: ='3.7.A廠人員分攤POH產能'!J10 -> 8168 | K19: ='3.7.A廠人員分攤POH產能'!K10 -> 8000.75 | L19: ='3.7.A廠人員分攤POH產能'!L10 -> 7913.625 | ... AI19: ='3.7.A廠人員分攤POH產能'!AI10 -> 0
C20: 人均時產 | D20: =SUM(E20:EI20)/COUNTIF(E20:EI20,">0") -> 0.84339715 | E20: ='3.7.A廠人員分攤POH產能'!E13 -> 0.87506476 | F20: ='3.7.A廠人員分攤POH產能'!F13 -> 0.89071494 | G20: ='3.7.A廠人員分攤POH產能'!G13 -> 0.90803602 | H20: ='3.7.A廠人員分攤POH產能'!H13 -> 0.93253367 | I20: ='3.7.A廠人員分攤POH產能'!I13 -> 0 | J20: ='3.7.A廠人員分攤POH產能'!J13 -> 0.97174469 | K20: ='3.7.A廠人員分攤POH產能'!K13 -> 0.93510402 | L20: ='3.7.A廠人員分攤POH產能'!L13 -> 0.9221727 | ... AI20: ='3.7.A廠人員分攤POH產能'!AI13 -> 0
A22: B1成型 | B22: 17 | C22: 實際產量 | D22: =AVERAGE(E22:AI22) -> #DIV/0!
C23: 線均產量 | D23: =AVERAGE(E23:AI23) -> #DIV/0!
C24: 線均時產 | D24: =AVERAGE(E24:AI24) -> #DIV/0!
C25: 人均時產 | D25: ='[1]3-4.B1廠人均時產'!AI323 -> 0.41638229
A26: B7成型 | B26: 18 | C26: 實際產量 | D26: =AVERAGE(E26:AI26) -> #DIV/0!
C27: 線均產量 | D27: =AVERAGE(E27:AI27) -> #DIV/0!
C28: 線均時產 | D28: =AVERAGE(E28:AI28) -> #DIV/0!
C29: 人均時產 | D29: ='[1]3-5.B7廠人均時產'!AI334 -> 1.1685486
A30: B廠成型 | B30: =B22+B26 -> 35 | C30: 實際產量 | D30: =AVERAGE(E30:AI30) -> #DIV/0!
C31: 線均產量 | D31: =AVERAGE(E31:AI31) -> #DIV/0!
C32: 線均時產 | D32: =AVERAGE(E32:AI32) -> #DIV/0!
C33: 人均時產 | D33: ='[1]3-6.總計產能 '!AI74 -> 0.46327545
A34: 全廠成型 | B34: =B17+B30 -> 73 | C34: 實際產量 | D34: =AVERAGE(E34:AI34) -> #DIV/0!
C35: 線均產量 | D35: =AVERAGE(E35:AI35) -> #DIV/0!
C36: 線均時產 | D36: =AVERAGE(E36:AI36) -> #DIV/0!
C37: 人均時產 | D37: ='[1]3-6.總計產能 '!AI77 -> 0.58666142
